lead,window_index,window_start,window_end,duration_seconds,samples,sampling_rate_hz,quality_mean,quality_median,quality_min,quality_max,zhao2018,error
ECG_CH1,0,2018-04-11 18:45:17,2018-04-11 18:45:32,15,3000,200,0.674211,0.765657,0.000000,1.000000,Barely acceptable,
ECG_CH1,1,2018-04-11 18:45:32,2018-04-11 18:45:47,15,3000,200,0.703440,0.781219,0.000000,1.000000,Barely acceptable,
ECG_CH1,2,2018-04-11 18:45:47,2018-04-11 18:46:02,15,3000,200,0.829961,0.899819,0.000000,1.000000,Barely acceptable,
ECG_CH1,3,2018-04-11 18:46:02,2018-04-11 18:46:17,15,3000,200,0.724892,0.841748,0.000000,1.000000,Barely acceptable,
ECG_CH1,4,2018-04-11 18:46:17,2018-04-11 18:46:32,15,3000,200,0.802363,0.817512,0.000000,1.000000,Barely acceptable,
ECG_CH1,5,2018-04-11 18:46:32,2018-04-11 18:46:47,15,3000,200,0.751150,0.859077,0.000000,1.000000,Barely acceptable,
ECG_CH1,6,2018-04-11 18:46:47,2018-04-11 18:47:02,15,3000,200,0.671288,0.742231,0.000000,1.000000,Barely acceptable,
ECG_CH1,7,2018-04-11 18:47:02,2018-04-11 18:47:17,15,3000,200,0.721327,0.756479,0.000000,1.000000,Barely acceptable,
ECG_CH1,8,2018-04-11 18:47:17,2018-04-11 18:47:32,15,3000,200,0.660356,0.657914,0.000000,1.000000,Barely acceptable,
ECG_CH1,9,2018-04-11 18:47:32,2018-04-11 18:47:47,15,3000,200,0.535355,0.565269,0.000000,1.000000,Barely acceptable,
ECG_CH1,10,2018-04-11 18:47:47,2018-04-11 18:48:02,15,3000,200,0.752494,0.865198,0.000000,1.000000,Barely acceptable,
ECG_CH1,11,2018-04-11 18:48:02,2018-04-11 18:48:17,15,3000,200,0.614536,0.696525,0.000000,1.000000,Barely acceptable,
ECG_CH1,12,2018-04-11 18:48:17,2018-04-11 18:48:32,15,3000,200,0.578508,0.618575,0.000000,1.000000,Barely acceptable,
ECG_CH1,13,2018-04-11 18:48:32,2018-04-11 18:48:47,15,3000,200,0.744695,0.848727,0.000000,1.000000,Barely acceptable,
ECG_CH1,14,2018-04-11 18:48:47,2018-04-11 18:49:02,15,3000,200,0.649263,0.752243,0.000000,1.000000,Barely acceptable,
ECG_CH1,15,2018-04-11 18:49:02,2018-04-11 18:49:17,15,3000,200,0.779631,0.826535,0.000000,1.000000,Barely acceptable,
ECG_CH1,16,2018-04-11 18:49:17,2018-04-11 18:49:32,15,3000,200,0.745025,0.875939,0.000000,1.000000,Barely acceptable,
ECG_CH1,17,2018-04-11 18:49:32,2018-04-11 18:49:47,15,3000,200,0.652967,0.627291,0.000000,1.000000,Barely acceptable,
ECG_CH1,18,2018-04-11 18:49:47,2018-04-11 18:50:02,15,3000,200,0.740568,0.839210,0.000000,1.000000,Barely acceptable,
ECG_CH1,19,2018-04-11 18:50:02,2018-04-11 18:50:17,15,3000,200,0.693976,0.832163,0.000000,1.000000,Barely acceptable,
ECG_CH1,20,2018-04-11 18:50:17,2018-04-11 18:50:32,15,3000,200,0.742378,0.834157,0.000000,1.000000,Barely acceptable,
ECG_CH1,21,2018-04-11 18:50:32,2018-04-11 18:50:47,15,3000,200,0.737042,0.751117,0.000000,1.000000,Barely acceptable,
ECG_CH1,22,2018-04-11 18:50:47,2018-04-11 18:51:02,15,3000,200,0.811969,0.943667,0.000000,1.000000,Barely acceptable,
ECG_CH1,23,2018-04-11 18:51:02,2018-04-11 18:51:17,15,3000,200,0.704700,0.791477,0.000000,1.000000,Barely acceptable,
ECG_CH1,24,2018-04-11 18:51:17,2018-04-11 18:51:32,15,3000,200,0.778757,0.876841,0.000000,1.000000,Barely acceptable,
ECG_CH1,25,2018-04-11 18:51:32,2018-04-11 18:51:47,15,3000,200,0.726556,0.768035,0.000000,1.000000,Barely acceptable,
ECG_CH1,26,2018-04-11 18:51:47,2018-04-11 18:52:02,15,3000,200,0.617739,0.764807,0.000000,1.000000,Barely acceptable,
ECG_CH1,27,2018-04-11 18:52:02,2018-04-11 18:52:17,15,3000,200,0.695623,0.751123,0.000000,1.000000,Barely acceptable,
ECG_CH1,28,2018-04-11 18:52:17,2018-04-11 18:52:32,15,3000,200,0.643291,0.727623,0.000000,1.000000,Barely acceptable,
ECG_CH1,29,2018-04-11 18:52:32,2018-04-11 18:52:47,15,3000,200,0.837432,0.939747,0.000000,1.000000,Barely acceptable,
ECG_CH1,30,2018-04-11 18:52:47,2018-04-11 18:53:02,15,3000,200,0.808924,0.940901,0.000000,1.000000,Barely acceptable,
ECG_CH1,31,2018-04-11 18:53:02,2018-04-11 18:53:17,15,3000,200,0.647779,0.796679,0.000000,1.000000,Barely acceptable,
ECG_CH1,32,2018-04-11 18:53:17,2018-04-11 18:53:32,15,3000,200,0.812549,0.863167,0.000000,1.000000,Barely acceptable,
ECG_CH1,33,2018-04-11 18:53:32,2018-04-11 18:53:47,15,3000,200,0.561284,0.567481,0.000000,1.000000,Barely acceptable,
ECG_CH1,34,2018-04-11 18:53:47,2018-04-11 18:54:02,15,3000,200,0.726059,0.817491,0.000000,1.000000,Barely acceptable,
ECG_CH1,35,2018-04-11 18:54:02,2018-04-11 18:54:17,15,3000,200,0.700006,0.811400,0.000000,1.000000,Barely acceptable,
ECG_CH1,36,2018-04-11 18:54:17,2018-04-11 18:54:32,15,3000,200,0.707040,0.839365,0.000000,1.000000,Barely acceptable,
ECG_CH1,37,2018-04-11 18:54:32,2018-04-11 18:54:47,15,3000,200,0.562815,0.538578,0.000000,1.000000,Barely acceptable,
ECG_CH1,38,2018-04-11 18:54:47,2018-04-11 18:55:02,15,3000,200,0.749768,0.857479,0.000000,1.000000,Barely acceptable,
ECG_CH1,39,2018-04-11 18:55:02,2018-04-11 18:55:17,15,3000,200,0.713966,0.785365,0.000000,1.000000,Barely acceptable,
ECG_CH1,40,2018-04-11 18:55:17,2018-04-11 18:55:32,15,3000,200,0.669377,0.688377,0.000000,1.000000,Barely acceptable,
ECG_CH1,41,2018-04-11 18:55:32,2018-04-11 18:55:47,15,3000,200,0.827512,0.854970,0.000000,1.000000,Barely acceptable,
ECG_CH1,42,2018-04-11 18:55:47,2018-04-11 18:56:02,15,3000,200,0.706062,0.813559,0.000000,1.000000,Barely acceptable,
ECG_CH1,43,2018-04-11 18:56:02,2018-04-11 18:56:17,15,3000,200,0.532823,0.607125,0.000000,1.000000,Barely acceptable,
ECG_CH1,44,2018-04-11 18:56:17,2018-04-11 18:56:32,15,3000,200,0.798547,0.872295,0.000000,1.000000,Barely acceptable,
ECG_CH1,45,2018-04-11 18:56:32,2018-04-11 18:56:47,15,3000,200,0.828688,0.951880,0.000000,1.000000,Barely acceptable,
ECG_CH1,46,2018-04-11 18:56:47,2018-04-11 18:57:02,15,3000,200,0.790081,0.880514,0.000000,1.000000,Barely acceptable,
ECG_CH1,47,2018-04-11 18:57:02,2018-04-11 18:57:17,15,3000,200,0.756275,0.869388,0.000000,1.000000,Barely acceptable,
ECG_CH1,48,2018-04-11 18:57:17,2018-04-11 18:57:32,15,3000,200,0.702084,0.756797,0.000000,1.000000,Barely acceptable,
ECG_CH1,49,2018-04-11 18:57:32,2018-04-11 18:57:47,15,3000,200,0.603588,0.665231,0.000000,1.000000,Barely acceptable,
ECG_CH1,50,2018-04-11 18:57:47,2018-04-11 18:58:02,15,3000,200,0.782852,0.866776,0.000000,1.000000,Barely acceptable,
ECG_CH1,51,2018-04-11 18:58:02,2018-04-11 18:58:17,15,3000,200,0.587536,0.643001,0.000000,1.000000,Barely acceptable,
ECG_CH1,52,2018-04-11 18:58:17,2018-04-11 18:58:32,15,3000,200,0.696214,0.821459,0.000000,1.000000,Barely acceptable,
ECG_CH1,53,2018-04-11 18:58:32,2018-04-11 18:58:47,15,3000,200,0.737530,0.821170,0.000000,1.000000,Barely acceptable,
ECG_CH1,54,2018-04-11 18:58:47,2018-04-11 18:59:02,15,3000,200,0.625846,0.643206,0.000000,1.000000,Barely acceptable,
ECG_CH1,55,2018-04-11 18:59:02,2018-04-11 18:59:17,15,3000,200,0.806526,0.819040,0.000000,1.000000,Barely acceptable,
ECG_CH1,56,2018-04-11 18:59:17,2018-04-11 18:59:32,15,3000,200,0.627068,0.747478,0.000000,1.000000,Barely acceptable,
ECG_CH1,57,2018-04-11 18:59:32,2018-04-11 18:59:47,15,3000,200,0.724354,0.814511,0.000000,1.000000,Barely acceptable,
ECG_CH1,58,2018-04-11 18:59:47,2018-04-11 19:00:02,15,3000,200,0.743468,0.807010,0.000000,1.000000,Barely acceptable,
ECG_CH1,59,2018-04-11 19:00:02,2018-04-11 19:00:17,15,3000,200,0.610881,0.678108,0.000000,1.000000,Barely acceptable,
ECG_CH1,60,2018-04-11 19:00:17,2018-04-11 19:00:32,15,3000,200,0.716898,0.788836,0.000000,1.000000,Barely acceptable,
ECG_CH1,61,2018-04-11 19:00:32,2018-04-11 19:00:47,15,3000,200,0.689536,0.740946,0.000000,1.000000,Barely acceptable,
ECG_CH1,62,2018-04-11 19:00:47,2018-04-11 19:01:02,15,3000,200,0.733559,0.842448,0.000000,1.000000,Barely acceptable,
ECG_CH1,63,2018-04-11 19:01:02,2018-04-11 19:01:17,15,3000,200,0.719777,0.835481,0.000000,1.000000,Barely acceptable,
ECG_CH1,64,2018-04-11 19:01:17,2018-04-11 19:01:32,15,3000,200,0.706620,0.780623,0.000000,1.000000,Barely acceptable,
ECG_CH1,65,2018-04-11 19:01:32,2018-04-11 19:01:47,15,3000,200,0.652478,0.775608,0.000000,1.000000,Barely acceptable,
ECG_CH1,66,2018-04-11 19:01:47,2018-04-11 19:02:02,15,3000,200,0.799886,0.899040,0.000000,1.000000,Barely acceptable,
ECG_CH1,67,2018-04-11 19:02:02,2018-04-11 19:02:17,15,3000,200,0.780272,0.913632,0.000000,1.000000,Barely acceptable,
ECG_CH1,68,2018-04-11 19:02:17,2018-04-11 19:02:32,15,3000,200,0.712930,0.781250,0.000000,1.000000,Barely acceptable,
ECG_CH1,69,2018-04-11 19:02:32,2018-04-11 19:02:47,15,3000,200,0.594565,0.740419,0.000000,1.000000,Barely acceptable,
ECG_CH1,70,2018-04-11 19:02:47,2018-04-11 19:03:02,15,3000,200,0.656858,0.718484,0.000000,1.000000,Barely acceptable,
ECG_CH1,71,2018-04-11 19:03:02,2018-04-11 19:03:17,15,3000,200,0.750249,0.855398,0.000000,1.000000,Barely acceptable,
ECG_CH1,72,2018-04-11 19:03:17,2018-04-11 19:03:32,15,3000,200,0.675478,0.789585,0.000000,1.000000,Barely acceptable,
ECG_CH1,73,2018-04-11 19:03:32,2018-04-11 19:03:47,15,3000,200,0.723282,0.799516,0.000000,1.000000,Barely acceptable,
ECG_CH1,74,2018-04-11 19:03:47,2018-04-11 19:04:02,15,3000,200,0.578210,0.614421,0.000000,1.000000,Barely acceptable,
ECG_CH1,75,2018-04-11 19:04:02,2018-04-11 19:04:17,15,3000,200,0.637908,0.731216,0.000000,1.000000,Barely acceptable,
ECG_CH1,76,2018-04-11 19:04:17,2018-04-11 19:04:32,15,3000,200,0.644157,0.813164,0.000000,1.000000,Barely acceptable,
ECG_CH1,77,2018-04-11 19:04:32,2018-04-11 19:04:47,15,3000,200,0.709857,0.761916,0.000000,1.000000,Barely acceptable,
ECG_CH1,78,2018-04-11 19:04:47,2018-04-11 19:05:02,15,3000,200,0.702433,0.738869,0.000000,1.000000,Barely acceptable,
ECG_CH1,79,2018-04-11 19:05:02,2018-04-11 19:05:17,15,3000,200,0.613245,0.623358,0.000000,1.000000,Barely acceptable,
ECG_CH1,80,2018-04-11 19:05:17,2018-04-11 19:05:32,15,3000,200,0.796297,0.872536,0.000000,1.000000,Barely acceptable,
ECG_CH1,81,2018-04-11 19:05:32,2018-04-11 19:05:47,15,3000,200,0.769656,0.824700,0.000000,1.000000,Barely acceptable,
ECG_CH1,82,2018-04-11 19:05:47,2018-04-11 19:06:02,15,3000,200,0.667587,0.774094,0.000000,1.000000,Barely acceptable,
ECG_CH1,83,2018-04-11 19:06:02,2018-04-11 19:06:17,15,3000,200,0.776205,0.846367,0.000000,1.000000,Barely acceptable,
ECG_CH1,84,2018-04-11 19:06:17,2018-04-11 19:06:32,15,3000,200,0.740441,0.791814,0.000000,1.000000,Barely acceptable,
ECG_CH1,85,2018-04-11 19:06:32,2018-04-11 19:06:47,15,3000,200,0.808222,0.869476,0.000000,1.000000,Barely acceptable,
ECG_CH1,86,2018-04-11 19:06:47,2018-04-11 19:07:02,15,3000,200,0.735685,0.854836,0.000000,1.000000,Barely acceptable,
ECG_CH1,87,2018-04-11 19:07:02,2018-04-11 19:07:17,15,3000,200,0.861207,0.954974,0.000000,1.000000,Barely acceptable,
ECG_CH1,88,2018-04-11 19:07:17,2018-04-11 19:07:32,15,3000,200,0.670568,0.738910,0.000000,1.000000,Barely acceptable,
ECG_CH1,89,2018-04-11 19:07:32,2018-04-11 19:07:47,15,3000,200,0.634382,0.783870,0.000000,1.000000,Barely acceptable,
ECG_CH1,90,2018-04-11 19:07:47,2018-04-11 19:08:02,15,3000,200,0.782560,0.893966,0.000000,1.000000,Barely acceptable,
ECG_CH1,91,2018-04-11 19:08:02,2018-04-11 19:08:17,15,3000,200,0.781361,0.904815,0.000000,1.000000,Barely acceptable,
ECG_CH1,92,2018-04-11 19:08:17,2018-04-11 19:08:32,15,3000,200,0.779755,0.844785,0.000000,1.000000,Barely acceptable,
ECG_CH1,93,2018-04-11 19:08:32,2018-04-11 19:08:47,15,3000,200,0.760292,0.912745,0.000000,1.000000,Barely acceptable,
ECG_CH1,94,2018-04-11 19:08:47,2018-04-11 19:09:02,15,3000,200,0.883490,0.941943,0.000000,1.000000,Barely acceptable,
ECG_CH1,95,2018-04-11 19:09:02,2018-04-11 19:09:17,15,3000,200,0.828616,0.914811,0.000000,1.000000,Barely acceptable,
ECG_CH1,96,2018-04-11 19:09:17,2018-04-11 19:09:32,15,3000,200,0.777687,0.920548,0.000000,1.000000,Barely acceptable,
ECG_CH1,97,2018-04-11 19:09:32,2018-04-11 19:09:47,15,3000,200,0.593342,0.716331,0.000000,1.000000,Barely acceptable,
ECG_CH1,98,2018-04-11 19:09:47,2018-04-11 19:10:02,15,3000,200,0.658119,0.773315,0.000000,1.000000,Barely acceptable,
ECG_CH1,99,2018-04-11 19:10:02,2018-04-11 19:10:17,15,3000,200,0.828961,0.943719,0.000000,1.000000,Barely acceptable,
ECG_CH1,100,2018-04-11 19:10:17,2018-04-11 19:10:32,15,3000,200,0.750974,0.893018,0.000000,1.000000,Barely acceptable,
ECG_CH1,101,2018-04-11 19:10:32,2018-04-11 19:10:47,15,3000,200,0.751049,0.855093,0.000000,1.000000,Barely acceptable,
ECG_CH1,102,2018-04-11 19:10:47,2018-04-11 19:11:02,15,3000,200,0.824859,0.916552,0.000000,1.000000,Barely acceptable,
ECG_CH1,103,2018-04-11 19:11:02,2018-04-11 19:11:17,15,3000,200,0.674604,0.755213,0.000000,1.000000,Barely acceptable,
ECG_CH1,104,2018-04-11 19:11:17,2018-04-11 19:11:32,15,3000,200,0.588503,0.711404,0.000000,1.000000,Barely acceptable,
ECG_CH1,105,2018-04-11 19:11:32,2018-04-11 19:11:47,15,3000,200,0.486988,0.482979,0.000000,1.000000,Barely acceptable,
ECG_CH1,106,2018-04-11 19:11:47,2018-04-11 19:12:02,15,3000,200,0.635967,0.742968,0.000000,1.000000,Barely acceptable,
ECG_CH1,107,2018-04-11 19:12:02,2018-04-11 19:12:17,15,3000,200,0.570831,0.653887,0.000000,1.000000,Barely acceptable,
ECG_CH1,108,2018-04-11 19:12:17,2018-04-11 19:12:32,15,3000,200,0.738238,0.793553,0.000000,1.000000,Barely acceptable,
ECG_CH1,109,2018-04-11 19:12:32,2018-04-11 19:12:47,15,3000,200,0.660318,0.705779,0.000000,1.000000,Barely acceptable,
ECG_CH1,110,2018-04-11 19:12:47,2018-04-11 19:13:02,15,3000,200,0.614066,0.652636,0.000000,1.000000,Barely acceptable,
ECG_CH1,111,2018-04-11 19:13:02,2018-04-11 19:13:17,15,3000,200,0.610641,0.738313,0.000000,1.000000,Barely acceptable,
ECG_CH1,112,2018-04-11 19:13:17,2018-04-11 19:13:32,15,3000,200,0.768560,0.875362,0.000000,1.000000,Barely acceptable,
ECG_CH1,113,2018-04-11 19:13:32,2018-04-11 19:13:47,15,3000,200,0.766464,0.850118,0.000000,1.000000,Barely acceptable,
ECG_CH1,114,2018-04-11 19:13:47,2018-04-11 19:14:02,15,3000,200,0.817509,0.943494,0.000000,1.000000,Barely acceptable,
ECG_CH1,115,2018-04-11 19:14:02,2018-04-11 19:14:17,15,3000,200,0.586765,0.760944,0.000000,1.000000,Barely acceptable,
ECG_CH1,116,2018-04-11 19:14:17,2018-04-11 19:14:32,15,3000,200,0.600853,0.596930,0.000000,1.000000,Barely acceptable,
ECG_CH1,117,2018-04-11 19:14:32,2018-04-11 19:14:47,15,3000,200,0.772318,0.838808,0.000000,1.000000,Barely acceptable,
ECG_CH1,118,2018-04-11 19:14:47,2018-04-11 19:15:02,15,3000,200,0.737328,0.863214,0.000000,1.000000,Barely acceptable,
ECG_CH1,119,2018-04-11 19:15:02,2018-04-11 19:15:17,15,3000,200,0.801548,0.889100,0.000000,1.000000,Barely acceptable,
ECG_CH1,120,2018-04-11 19:15:17,2018-04-11 19:15:32,15,3000,200,0.747941,0.836400,0.000000,1.000000,Barely acceptable,
ECG_CH1,121,2018-04-11 19:15:32,2018-04-11 19:15:47,15,3000,200,0.695950,0.765728,0.000000,1.000000,Barely acceptable,
ECG_CH1,122,2018-04-11 19:15:47,2018-04-11 19:16:02,15,3000,200,0.801005,0.887883,0.000000,1.000000,Unacceptable,
ECG_CH1,123,2018-04-11 19:16:02,2018-04-11 19:16:17,15,3000,200,0.778902,0.814949,0.000000,1.000000,Barely acceptable,
ECG_CH1,124,2018-04-11 19:16:17,2018-04-11 19:16:32,15,3000,200,0.787920,0.876671,0.000000,1.000000,Barely acceptable,
ECG_CH1,125,2018-04-11 19:16:32,2018-04-11 19:16:47,15,3000,200,0.822920,0.926006,0.000000,1.000000,Barely acceptable,
ECG_CH1,126,2018-04-11 19:16:47,2018-04-11 19:17:02,15,3000,200,0.621089,0.727613,0.000000,1.000000,Barely acceptable,
ECG_CH1,127,2018-04-11 19:17:02,2018-04-11 19:17:17,15,3000,200,0.567801,0.533129,0.000000,1.000000,Barely acceptable,
ECG_CH1,128,2018-04-11 19:17:17,2018-04-11 19:17:32,15,3000,200,0.734155,0.758281,0.000000,1.000000,Barely acceptable,
ECG_CH1,129,2018-04-11 19:17:32,2018-04-11 19:17:47,15,3000,200,0.827275,0.927537,0.000000,1.000000,Barely acceptable,
ECG_CH1,130,2018-04-11 19:17:47,2018-04-11 19:18:02,15,3000,200,0.806011,0.942204,0.000000,1.000000,Barely acceptable,
ECG_CH1,131,2018-04-11 19:18:02,2018-04-11 19:18:17,15,3000,200,0.794875,0.932836,0.000000,1.000000,Barely acceptable,
ECG_CH1,132,2018-04-11 19:18:17,2018-04-11 19:18:32,15,3000,200,0.788808,0.858635,0.000000,1.000000,Barely acceptable,
ECG_CH1,133,2018-04-11 19:18:32,2018-04-11 19:18:47,15,3000,200,0.507527,0.456691,0.000000,1.000000,Barely acceptable,
ECG_CH1,134,2018-04-11 19:18:47,2018-04-11 19:19:02,15,3000,200,0.780324,0.854080,0.000000,1.000000,Barely acceptable,
ECG_CH1,135,2018-04-11 19:19:02,2018-04-11 19:19:17,15,3000,200,0.672054,0.682771,0.000000,1.000000,Barely acceptable,
ECG_CH1,136,2018-04-11 19:19:17,2018-04-11 19:19:32,15,3000,200,0.790262,0.907621,0.000000,1.000000,Barely acceptable,
ECG_CH1,137,2018-04-11 19:19:32,2018-04-11 19:19:47,15,3000,200,0.583843,0.647572,0.000000,1.000000,Barely acceptable,
ECG_CH1,138,2018-04-11 19:19:47,2018-04-11 19:20:02,15,3000,200,0.537603,0.483841,0.000000,1.000000,Barely acceptable,
ECG_CH1,139,2018-04-11 19:20:02,2018-04-11 19:20:17,15,3000,200,0.742637,0.780706,0.000000,1.000000,Barely acceptable,
ECG_CH1,140,2018-04-11 19:20:17,2018-04-11 19:20:32,15,3000,200,0.618487,0.671626,0.000000,1.000000,Barely acceptable,
ECG_CH1,141,2018-04-11 19:20:32,2018-04-11 19:20:47,15,3000,200,0.596482,0.741137,0.000000,1.000000,Barely acceptable,
ECG_CH1,142,2018-04-11 19:20:47,2018-04-11 19:21:02,15,3000,200,0.726979,0.772084,0.000000,1.000000,Barely acceptable,
ECG_CH1,143,2018-04-11 19:21:02,2018-04-11 19:21:17,15,3000,200,0.662171,0.743891,0.000000,1.000000,Barely acceptable,
ECG_CH1,144,2018-04-11 19:21:17,2018-04-11 19:21:32,15,3000,200,0.596841,0.623969,0.000000,1.000000,Barely acceptable,
ECG_CH1,145,2018-04-11 19:21:32,2018-04-11 19:21:47,15,3000,200,0.652715,0.696173,0.000000,1.000000,Barely acceptable,
ECG_CH1,146,2018-04-11 19:21:47,2018-04-11 19:22:02,15,3000,200,0.782527,0.886876,0.000000,1.000000,Barely acceptable,
ECG_CH1,147,2018-04-11 19:22:02,2018-04-11 19:22:17,15,3000,200,0.835678,0.887321,0.000000,1.000000,Barely acceptable,
ECG_CH1,148,2018-04-11 19:22:17,2018-04-11 19:22:32,15,3000,200,0.742976,0.869579,0.000000,1.000000,Barely acceptable,
ECG_CH1,149,2018-04-11 19:22:32,2018-04-11 19:22:47,15,3000,200,0.683934,0.778087,0.000000,1.000000,Barely acceptable,
ECG_CH1,150,2018-04-11 19:22:47,2018-04-11 19:23:02,15,3000,200,0.756001,0.835470,0.000000,1.000000,Barely acceptable,
ECG_CH1,151,2018-04-11 19:23:02,2018-04-11 19:23:17,15,3000,200,0.726864,0.831667,0.000000,1.000000,Barely acceptable,
ECG_CH1,152,2018-04-11 19:23:17,2018-04-11 19:23:32,15,3000,200,0.847547,0.913058,0.000000,1.000000,Barely acceptable,
ECG_CH1,153,2018-04-11 19:23:32,2018-04-11 19:23:47,15,3000,200,0.772721,0.872720,0.000000,1.000000,Barely acceptable,
ECG_CH1,154,2018-04-11 19:23:47,2018-04-11 19:24:02,15,3000,200,0.738010,0.858967,0.000000,1.000000,Barely acceptable,
ECG_CH1,155,2018-04-11 19:24:02,2018-04-11 19:24:17,15,3000,200,0.642749,0.669157,0.000000,1.000000,Barely acceptable,
ECG_CH1,156,2018-04-11 19:24:17,2018-04-11 19:24:32,15,3000,200,0.643300,0.705854,0.000000,1.000000,Barely acceptable,
ECG_CH1,157,2018-04-11 19:24:32,2018-04-11 19:24:47,15,3000,200,0.677287,0.831361,0.000000,1.000000,Unacceptable,
ECG_CH1,158,2018-04-11 19:24:47,2018-04-11 19:25:02,15,3000,200,0.641555,0.696864,0.000000,1.000000,Barely acceptable,
ECG_CH1,159,2018-04-11 19:25:02,2018-04-11 19:25:17,15,3000,200,0.653633,0.718184,0.000000,1.000000,Barely acceptable,
ECG_CH1,160,2018-04-11 19:25:17,2018-04-11 19:25:32,15,3000,200,0.580049,0.574698,0.000000,1.000000,Barely acceptable,
ECG_CH1,161,2018-04-11 19:25:32,2018-04-11 19:25:47,15,3000,200,0.679179,0.786478,0.000000,1.000000,Barely acceptable,
ECG_CH1,162,2018-04-11 19:25:47,2018-04-11 19:26:02,15,3000,200,0.643894,0.696550,0.000000,1.000000,Barely acceptable,
ECG_CH1,163,2018-04-11 19:26:02,2018-04-11 19:26:17,15,3000,200,0.719340,0.885669,0.000000,1.000000,Barely acceptable,
ECG_CH1,164,2018-04-11 19:26:17,2018-04-11 19:26:32,15,3000,200,0.722344,0.822720,0.000000,1.000000,Barely acceptable,
ECG_CH1,165,2018-04-11 19:26:32,2018-04-11 19:26:47,15,3000,200,0.604882,0.660201,0.000000,1.000000,Barely acceptable,
ECG_CH1,166,2018-04-11 19:26:47,2018-04-11 19:27:02,15,3000,200,0.720735,0.753984,0.000000,1.000000,Barely acceptable,
ECG_CH1,167,2018-04-11 19:27:02,2018-04-11 19:27:17,15,3000,200,0.627979,0.711115,0.000000,1.000000,Barely acceptable,
ECG_CH1,168,2018-04-11 19:27:17,2018-04-11 19:27:32,15,3000,200,0.709162,0.698851,0.000000,1.000000,Barely acceptable,
ECG_CH1,169,2018-04-11 19:27:32,2018-04-11 19:27:47,15,3000,200,0.651441,0.681718,0.000000,1.000000,Barely acceptable,
ECG_CH1,170,2018-04-11 19:27:47,2018-04-11 19:28:02,15,3000,200,0.678549,0.807668,0.000000,1.000000,Barely acceptable,
ECG_CH1,171,2018-04-11 19:28:02,2018-04-11 19:28:17,15,3000,200,0.579006,0.557540,0.000000,1.000000,Barely acceptable,
ECG_CH1,172,2018-04-11 19:28:17,2018-04-11 19:28:32,15,3000,200,0.619684,0.666563,0.000000,1.000000,Barely acceptable,
ECG_CH1,173,2018-04-11 19:28:32,2018-04-11 19:28:47,15,3000,200,0.775704,0.819507,0.000000,1.000000,Barely acceptable,
ECG_CH1,174,2018-04-11 19:28:47,2018-04-11 19:29:02,15,3000,200,0.685333,0.716675,0.000000,1.000000,Barely acceptable,
ECG_CH1,175,2018-04-11 19:29:02,2018-04-11 19:29:17,15,3000,200,0.585848,0.718830,0.000000,1.000000,Barely acceptable,
ECG_CH1,176,2018-04-11 19:29:17,2018-04-11 19:29:32,15,3000,200,0.558987,0.615335,0.000000,1.000000,Barely acceptable,
ECG_CH1,177,2018-04-11 19:29:32,2018-04-11 19:29:47,15,3000,200,0.752706,0.829785,0.000000,1.000000,Barely acceptable,
ECG_CH1,178,2018-04-11 19:29:47,2018-04-11 19:30:02,15,3000,200,0.733281,0.742777,0.000000,1.000000,Barely acceptable,
ECG_CH1,179,2018-04-11 19:30:02,2018-04-11 19:30:17,15,3000,200,0.526315,0.527337,0.000000,1.000000,Barely acceptable,
ECG_CH1,180,2018-04-11 19:30:17,2018-04-11 19:30:32,15,3000,200,0.763600,0.783754,0.000000,1.000000,Barely acceptable,
ECG_CH1,181,2018-04-11 19:30:32,2018-04-11 19:30:47,15,3000,200,0.758444,0.886988,0.000000,1.000000,Barely acceptable,
ECG_CH1,182,2018-04-11 19:30:47,2018-04-11 19:31:02,15,3000,200,0.835226,0.898574,0.000000,1.000000,Barely acceptable,
ECG_CH1,183,2018-04-11 19:31:02,2018-04-11 19:31:17,15,3000,200,0.689881,0.726939,0.000000,1.000000,Barely acceptable,
ECG_CH1,184,2018-04-11 19:31:17,2018-04-11 19:31:32,15,3000,200,0.700363,0.736058,0.000000,1.000000,Barely acceptable,
ECG_CH1,185,2018-04-11 19:31:32,2018-04-11 19:31:47,15,3000,200,0.743550,0.768329,0.000000,1.000000,Unacceptable,
ECG_CH1,186,2018-04-11 19:31:47,2018-04-11 19:32:02,15,3000,200,0.613509,0.653310,0.000000,1.000000,Unacceptable,
ECG_CH1,187,2018-04-11 19:32:02,2018-04-11 19:32:17,15,3000,200,0.703437,0.782119,0.000000,1.000000,Barely acceptable,
ECG_CH1,188,2018-04-11 19:32:17,2018-04-11 19:32:32,15,3000,200,0.749001,0.788651,0.000000,1.000000,Barely acceptable,
ECG_CH1,189,2018-04-11 19:32:32,2018-04-11 19:32:47,15,3000,200,0.726866,0.818830,0.000000,1.000000,Barely acceptable,
ECG_CH1,190,2018-04-11 19:32:47,2018-04-11 19:33:02,15,3000,200,0.586680,0.614920,0.000000,1.000000,Unacceptable,
ECG_CH1,191,2018-04-11 19:33:02,2018-04-11 19:33:17,15,3000,200,0.827688,0.892817,0.000000,1.000000,Barely acceptable,
ECG_CH1,192,2018-04-11 19:33:17,2018-04-11 19:33:32,15,3000,200,0.621547,0.731954,0.000000,1.000000,Barely acceptable,
ECG_CH1,193,2018-04-11 19:33:32,2018-04-11 19:33:47,15,3000,200,0.619427,0.736796,0.000000,1.000000,Barely acceptable,
ECG_CH1,194,2018-04-11 19:33:47,2018-04-11 19:34:02,15,3000,200,0.681900,0.774409,0.000000,1.000000,Barely acceptable,
ECG_CH1,195,2018-04-11 19:34:02,2018-04-11 19:34:17,15,3000,200,0.717274,0.736676,0.000000,1.000000,Barely acceptable,
ECG_CH1,196,2018-04-11 19:34:17,2018-04-11 19:34:32,15,3000,200,0.751601,0.802437,0.000000,1.000000,Barely acceptable,
ECG_CH1,197,2018-04-11 19:34:32,2018-04-11 19:34:47,15,3000,200,0.653029,0.673842,0.000000,1.000000,Barely acceptable,
ECG_CH1,198,2018-04-11 19:34:47,2018-04-11 19:35:02,15,3000,200,0.599267,0.658780,0.000000,1.000000,Barely acceptable,
ECG_CH1,199,2018-04-11 19:35:02,2018-04-11 19:35:17,15,3000,200,0.687941,0.721078,0.000000,1.000000,Barely acceptable,
ECG_CH1,200,2018-04-11 19:35:17,2018-04-11 19:35:32,15,3000,200,0.612314,0.673241,0.000000,1.000000,Barely acceptable,
ECG_CH1,201,2018-04-11 19:35:32,2018-04-11 19:35:47,15,3000,200,0.821773,0.915022,0.000000,1.000000,Barely acceptable,
ECG_CH1,202,2018-04-11 19:35:47,2018-04-11 19:36:02,15,3000,200,0.695089,0.784025,0.000000,1.000000,Barely acceptable,
ECG_CH1,203,2018-04-11 19:36:02,2018-04-11 19:36:17,15,3000,200,0.744069,0.845793,0.000000,1.000000,Barely acceptable,
ECG_CH1,204,2018-04-11 19:36:17,2018-04-11 19:36:32,15,3000,200,0.792896,0.822109,0.000000,1.000000,Barely acceptable,
ECG_CH1,205,2018-04-11 19:36:32,2018-04-11 19:36:47,15,3000,200,0.458396,0.398677,0.000000,1.000000,Barely acceptable,
ECG_CH1,206,2018-04-11 19:36:47,2018-04-11 19:37:02,15,3000,200,0.714108,0.794463,0.000000,1.000000,Barely acceptable,
ECG_CH1,207,2018-04-11 19:37:02,2018-04-11 19:37:17,15,3000,200,0.836688,0.936120,0.000000,1.000000,Barely acceptable,
ECG_CH1,208,2018-04-11 19:37:17,2018-04-11 19:37:32,15,3000,200,0.838130,0.956357,0.000000,1.000000,Barely acceptable,
ECG_CH1,209,2018-04-11 19:37:32,2018-04-11 19:37:47,15,3000,200,0.576100,0.503121,0.000000,1.000000,Barely acceptable,
ECG_CH1,210,2018-04-11 19:37:47,2018-04-11 19:38:02,15,3000,200,0.749444,0.823212,0.000000,1.000000,Barely acceptable,
ECG_CH1,211,2018-04-11 19:38:02,2018-04-11 19:38:17,15,3000,200,0.840318,0.923593,0.000000,1.000000,Barely acceptable,
ECG_CH1,212,2018-04-11 19:38:17,2018-04-11 19:38:32,15,3000,200,0.823408,0.945175,0.000000,1.000000,Barely acceptable,
ECG_CH1,213,2018-04-11 19:38:32,2018-04-11 19:38:47,15,3000,200,0.837061,0.898965,0.000000,1.000000,Barely acceptable,
ECG_CH1,214,2018-04-11 19:38:47,2018-04-11 19:39:02,15,3000,200,0.765482,0.785682,0.000000,1.000000,Barely acceptable,
ECG_CH1,215,2018-04-11 19:39:02,2018-04-11 19:39:17,15,3000,200,0.824622,0.923806,0.000000,1.000000,Barely acceptable,
ECG_CH1,216,2018-04-11 19:39:17,2018-04-11 19:39:32,15,3000,200,0.855608,0.927272,0.000000,1.000000,Barely acceptable,
ECG_CH1,217,2018-04-11 19:39:32,2018-04-11 19:39:47,15,3000,200,0.752045,0.833133,0.000000,1.000000,Barely acceptable,
ECG_CH1,218,2018-04-11 19:39:47,2018-04-11 19:40:02,15,3000,200,0.725183,0.799382,0.000000,1.000000,Barely acceptable,
ECG_CH1,219,2018-04-11 19:40:02,2018-04-11 19:40:17,15,3000,200,0.604943,0.633068,0.000000,1.000000,Barely acceptable,
ECG_CH1,220,2018-04-11 19:40:17,2018-04-11 19:40:32,15,3000,200,0.639655,0.671878,0.000000,1.000000,Barely acceptable,
ECG_CH1,221,2018-04-11 19:40:32,2018-04-11 19:40:47,15,3000,200,0.597271,0.647847,0.000000,1.000000,Barely acceptable,
ECG_CH1,222,2018-04-11 19:40:47,2018-04-11 19:41:02,15,3000,200,0.776743,0.889554,0.000000,1.000000,Barely acceptable,
ECG_CH1,223,2018-04-11 19:41:02,2018-04-11 19:41:17,15,3000,200,0.812659,0.893057,0.000000,1.000000,Barely acceptable,
ECG_CH1,224,2018-04-11 19:41:17,2018-04-11 19:41:32,15,3000,200,0.805824,0.937305,0.000000,1.000000,Barely acceptable,
ECG_CH1,225,2018-04-11 19:41:32,2018-04-11 19:41:47,15,3000,200,0.788959,0.867006,0.000000,1.000000,Barely acceptable,
ECG_CH1,226,2018-04-11 19:41:47,2018-04-11 19:42:02,15,3000,200,0.598667,0.732986,0.000000,1.000000,Barely acceptable,
ECG_CH1,227,2018-04-11 19:42:02,2018-04-11 19:42:17,15,3000,200,0.710751,0.810233,0.000000,1.000000,Barely acceptable,
ECG_CH1,228,2018-04-11 19:42:17,2018-04-11 19:42:32,15,3000,200,0.520081,0.475811,0.000000,1.000000,Barely acceptable,
ECG_CH1,229,2018-04-11 19:42:32,2018-04-11 19:42:47,15,3000,200,0.726442,0.793626,0.000000,1.000000,Barely acceptable,
ECG_CH1,230,2018-04-11 19:42:47,2018-04-11 19:43:02,15,3000,200,0.624448,0.686075,0.000000,1.000000,Barely acceptable,
ECG_CH1,231,2018-04-11 19:43:02,2018-04-11 19:43:17,15,3000,200,0.758878,0.845940,0.000000,1.000000,Barely acceptable,
ECG_CH1,232,2018-04-11 19:43:17,2018-04-11 19:43:32,15,3000,200,0.674544,0.728226,0.000000,1.000000,Barely acceptable,
ECG_CH1,233,2018-04-11 19:43:32,2018-04-11 19:43:47,15,3000,200,0.491181,0.471482,0.000000,1.000000,Barely acceptable,
ECG_CH1,234,2018-04-11 19:43:47,2018-04-11 19:44:02,15,3000,200,0.800100,0.862150,0.000000,1.000000,Barely acceptable,
ECG_CH1,235,2018-04-11 19:44:02,2018-04-11 19:44:17,15,3000,200,0.721255,0.830790,0.000000,1.000000,Barely acceptable,
ECG_CH1,236,2018-04-11 19:44:17,2018-04-11 19:44:32,15,3000,200,0.696301,0.757541,0.000000,1.000000,Barely acceptable,
ECG_CH1,237,2018-04-11 19:44:32,2018-04-11 19:44:47,15,3000,200,0.760759,0.777375,0.000000,1.000000,Barely acceptable,
ECG_CH1,238,2018-04-11 19:44:47,2018-04-11 19:45:02,15,3000,200,0.605612,0.692582,0.000000,1.000000,Barely acceptable,
ECG_CH1,239,2018-04-11 19:45:02,2018-04-11 19:45:17,15,3000,200,0.720199,0.748585,0.000000,1.000000,Barely acceptable,
ECG_CH1,240,2018-04-11 19:45:17,2018-04-11 19:45:32,15,3000,200,0.800691,0.882571,0.000000,1.000000,Barely acceptable,
ECG_CH1,241,2018-04-11 19:45:32,2018-04-11 19:45:47,15,3000,200,0.728074,0.792644,0.000000,1.000000,Barely acceptable,
ECG_CH1,242,2018-04-11 19:45:47,2018-04-11 19:46:02,15,3000,200,0.648695,0.713390,0.000000,1.000000,Barely acceptable,
ECG_CH1,243,2018-04-11 19:46:02,2018-04-11 19:46:17,15,3000,200,0.729402,0.788095,0.000000,1.000000,Barely acceptable,
ECG_CH1,244,2018-04-11 19:46:17,2018-04-11 19:46:32,15,3000,200,0.735517,0.872366,0.000000,1.000000,Barely acceptable,
ECG_CH1,245,2018-04-11 19:46:32,2018-04-11 19:46:47,15,3000,200,0.768211,0.863546,0.000000,1.000000,Barely acceptable,
ECG_CH1,246,2018-04-11 19:46:47,2018-04-11 19:47:02,15,3000,200,0.692258,0.780790,0.000000,1.000000,Barely acceptable,
ECG_CH1,247,2018-04-11 19:47:02,2018-04-11 19:47:17,15,3000,200,0.730618,0.870551,0.000000,1.000000,Barely acceptable,
ECG_CH1,248,2018-04-11 19:47:17,2018-04-11 19:47:32,15,3000,200,0.704088,0.749360,0.000000,1.000000,Barely acceptable,
ECG_CH1,249,2018-04-11 19:47:32,2018-04-11 19:47:47,15,3000,200,0.476146,0.476794,0.000000,1.000000,Barely acceptable,
ECG_CH1,250,2018-04-11 19:47:47,2018-04-11 19:48:02,15,3000,200,0.497934,0.463863,0.000000,1.000000,Barely acceptable,
ECG_CH1,251,2018-04-11 19:48:02,2018-04-11 19:48:17,15,3000,200,0.556876,0.589402,0.000000,1.000000,Barely acceptable,
ECG_CH1,252,2018-04-11 19:48:17,2018-04-11 19:48:32,15,3000,200,0.787228,0.884134,0.000000,1.000000,Barely acceptable,
ECG_CH1,253,2018-04-11 19:48:32,2018-04-11 19:48:47,15,3000,200,0.576202,0.607747,0.000000,1.000000,Barely acceptable,
ECG_CH1,254,2018-04-11 19:48:47,2018-04-11 19:49:02,15,3000,200,0.751241,0.855729,0.000000,1.000000,Barely acceptable,
ECG_CH1,255,2018-04-11 19:49:02,2018-04-11 19:49:17,15,3000,200,0.838965,0.879942,0.000000,1.000000,Barely acceptable,
ECG_CH1,256,2018-04-11 19:49:17,2018-04-11 19:49:32,15,3000,200,0.684081,0.742453,0.000000,1.000000,Barely acceptable,
ECG_CH1,257,2018-04-11 19:49:32,2018-04-11 19:49:47,15,3000,200,0.720109,0.758314,0.000000,1.000000,Barely acceptable,
ECG_CH1,258,2018-04-11 19:49:47,2018-04-11 19:50:02,15,3000,200,0.792048,0.875958,0.000000,1.000000,Barely acceptable,
ECG_CH1,259,2018-04-11 19:50:02,2018-04-11 19:50:17,15,3000,200,0.599191,0.666516,0.000000,1.000000,Barely acceptable,
ECG_CH1,260,2018-04-11 19:50:17,2018-04-11 19:50:32,15,3000,200,0.622696,0.626374,0.000000,1.000000,Barely acceptable,
ECG_CH1,261,2018-04-11 19:50:32,2018-04-11 19:50:47,15,3000,200,0.620908,0.671655,0.000000,1.000000,Barely acceptable,
ECG_CH1,262,2018-04-11 19:50:47,2018-04-11 19:51:02,15,3000,200,0.743885,0.805438,0.000000,1.000000,Barely acceptable,
ECG_CH1,263,2018-04-11 19:51:02,2018-04-11 19:51:17,15,3000,200,0.695424,0.740613,0.000000,1.000000,Barely acceptable,
ECG_CH1,264,2018-04-11 19:51:17,2018-04-11 19:51:32,15,3000,200,0.647336,0.789095,0.000000,1.000000,Barely acceptable,
ECG_CH1,265,2018-04-11 19:51:32,2018-04-11 19:51:47,15,3000,200,0.694885,0.734626,0.000000,1.000000,Barely acceptable,
ECG_CH1,266,2018-04-11 19:51:47,2018-04-11 19:52:02,15,3000,200,0.712434,0.769557,0.000000,1.000000,Barely acceptable,
ECG_CH1,267,2018-04-11 19:52:02,2018-04-11 19:52:17,15,3000,200,0.469736,0.481025,0.000000,1.000000,Barely acceptable,
ECG_CH1,268,2018-04-11 19:52:17,2018-04-11 19:52:32,15,3000,200,0.603362,0.626426,0.000000,1.000000,Barely acceptable,
ECG_CH1,269,2018-04-11 19:52:32,2018-04-11 19:52:47,15,3000,200,0.568965,0.630636,0.000000,1.000000,Barely acceptable,
ECG_CH1,270,2018-04-11 19:52:47,2018-04-11 19:53:02,15,3000,200,0.819466,0.873696,0.000000,1.000000,Barely acceptable,
ECG_CH1,271,2018-04-11 19:53:02,2018-04-11 19:53:17,15,3000,200,0.753054,0.877899,0.000000,1.000000,Barely acceptable,
ECG_CH1,272,2018-04-11 19:53:17,2018-04-11 19:53:32,15,3000,200,0.744958,0.802682,0.000000,1.000000,Barely acceptable,
ECG_CH1,273,2018-04-11 19:53:32,2018-04-11 19:53:47,15,3000,200,0.509515,0.509909,0.000000,1.000000,Barely acceptable,
ECG_CH1,274,2018-04-11 19:53:47,2018-04-11 19:54:02,15,3000,200,0.838601,0.879709,0.000000,1.000000,Barely acceptable,
ECG_CH1,275,2018-04-11 19:54:02,2018-04-11 19:54:17,15,3000,200,0.731534,0.853027,0.000000,1.000000,Barely acceptable,
ECG_CH1,276,2018-04-11 19:54:17,2018-04-11 19:54:32,15,3000,200,0.796914,0.890794,0.000000,1.000000,Barely acceptable,
ECG_CH1,277,2018-04-11 19:54:32,2018-04-11 19:54:47,15,3000,200,0.748946,0.781428,0.000000,1.000000,Barely acceptable,
ECG_CH1,278,2018-04-11 19:54:47,2018-04-11 19:55:02,15,3000,200,0.524393,0.626622,0.000000,1.000000,Barely acceptable,
ECG_CH1,279,2018-04-11 19:55:02,2018-04-11 19:55:17,15,3000,200,0.704993,0.791497,0.000000,1.000000,Barely acceptable,
ECG_CH1,280,2018-04-11 19:55:17,2018-04-11 19:55:32,15,3000,200,0.719478,0.724432,0.000000,1.000000,Barely acceptable,
ECG_CH1,281,2018-04-11 19:55:32,2018-04-11 19:55:47,15,3000,200,0.582125,0.636857,0.000000,1.000000,Barely acceptable,
ECG_CH1,282,2018-04-11 19:55:47,2018-04-11 19:56:02,15,3000,200,0.725901,0.833356,0.000000,1.000000,Barely acceptable,
ECG_CH1,283,2018-04-11 19:56:02,2018-04-11 19:56:17,15,3000,200,0.787482,0.887564,0.000000,1.000000,Barely acceptable,
ECG_CH1,284,2018-04-11 19:56:17,2018-04-11 19:56:32,15,3000,200,0.728237,0.842599,0.000000,1.000000,Barely acceptable,
ECG_CH1,285,2018-04-11 19:56:32,2018-04-11 19:56:47,15,3000,200,0.650711,0.764169,0.000000,1.000000,Barely acceptable,
ECG_CH1,286,2018-04-11 19:56:47,2018-04-11 19:57:02,15,3000,200,0.661486,0.794642,0.000000,1.000000,Barely acceptable,
ECG_CH1,287,2018-04-11 19:57:02,2018-04-11 19:57:17,15,3000,200,0.691381,0.830402,0.000000,1.000000,Barely acceptable,
ECG_CH1,288,2018-04-11 19:57:17,2018-04-11 19:57:32,15,3000,200,0.689916,0.855841,0.000000,1.000000,Barely acceptable,
ECG_CH1,289,2018-04-11 19:57:32,2018-04-11 19:57:47,15,3000,200,0.638482,0.728213,0.000000,1.000000,Barely acceptable,
ECG_CH1,290,2018-04-11 19:57:47,2018-04-11 19:58:02,15,3000,200,0.701017,0.845045,0.000000,1.000000,Barely acceptable,
ECG_CH1,291,2018-04-11 19:58:02,2018-04-11 19:58:17,15,3000,200,0.666893,0.759691,0.000000,1.000000,Barely acceptable,
ECG_CH1,292,2018-04-11 19:58:17,2018-04-11 19:58:32,15,3000,200,0.441875,0.503620,0.000000,1.000000,Barely acceptable,
ECG_CH1,293,2018-04-11 19:58:32,2018-04-11 19:58:47,15,3000,200,0.736915,0.793374,0.000000,1.000000,Barely acceptable,
ECG_CH1,294,2018-04-11 19:58:47,2018-04-11 19:59:02,15,3000,200,0.643773,0.710693,0.000000,1.000000,Barely acceptable,
ECG_CH1,295,2018-04-11 19:59:02,2018-04-11 19:59:17,15,3000,200,0.671043,0.791035,0.000000,1.000000,Barely acceptable,
ECG_CH1,296,2018-04-11 19:59:17,2018-04-11 19:59:32,15,3000,200,0.746617,0.878502,0.000000,1.000000,Barely acceptable,
ECG_CH1,297,2018-04-11 19:59:32,2018-04-11 19:59:47,15,3000,200,0.772980,0.863953,0.000000,1.000000,Barely acceptable,
ECG_CH1,298,2018-04-11 19:59:47,2018-04-11 20:00:02,15,3000,200,0.797922,0.889055,0.000000,1.000000,Barely acceptable,
ECG_CH1,299,2018-04-11 20:00:02,2018-04-11 20:00:17,15,3000,200,0.741846,0.774558,0.000000,1.000000,Barely acceptable,
ECG_CH1,300,2018-04-11 20:00:17,2018-04-11 20:00:32,15,3000,200,0.734688,0.842262,0.000000,1.000000,Barely acceptable,
ECG_CH1,301,2018-04-11 20:00:32,2018-04-11 20:00:47,15,3000,200,0.537983,0.560389,0.000000,1.000000,Barely acceptable,
ECG_CH1,302,2018-04-11 20:00:47,2018-04-11 20:01:02,15,3000,200,0.644759,0.746603,0.000000,1.000000,Barely acceptable,
ECG_CH1,303,2018-04-11 20:01:02,2018-04-11 20:01:17,15,3000,200,0.858214,0.922563,0.000000,1.000000,Barely acceptable,
ECG_CH1,304,2018-04-11 20:01:17,2018-04-11 20:01:32,15,3000,200,0.790905,0.877505,0.000000,1.000000,Barely acceptable,
ECG_CH1,305,2018-04-11 20:01:32,2018-04-11 20:01:47,15,3000,200,0.743668,0.853898,0.000000,1.000000,Barely acceptable,
ECG_CH1,306,2018-04-11 20:01:47,2018-04-11 20:02:02,15,3000,200,0.799277,0.861773,0.000000,1.000000,Barely acceptable,
ECG_CH1,307,2018-04-11 20:02:02,2018-04-11 20:02:17,15,3000,200,0.703876,0.782041,0.000000,1.000000,Barely acceptable,
ECG_CH1,308,2018-04-11 20:02:17,2018-04-11 20:02:32,15,3000,200,0.739847,0.823354,0.000000,1.000000,Barely acceptable,
ECG_CH1,309,2018-04-11 20:02:32,2018-04-11 20:02:47,15,3000,200,0.632180,0.706951,0.000000,1.000000,Barely acceptable,
ECG_CH1,310,2018-04-11 20:02:47,2018-04-11 20:03:02,15,3000,200,0.559255,0.565314,0.000000,1.000000,Barely acceptable,
ECG_CH1,311,2018-04-11 20:03:02,2018-04-11 20:03:17,15,3000,200,0.626040,0.669662,0.000000,1.000000,Barely acceptable,
ECG_CH1,312,2018-04-11 20:03:17,2018-04-11 20:03:32,15,3000,200,0.508181,0.521291,0.000000,1.000000,Barely acceptable,
ECG_CH1,313,2018-04-11 20:03:32,2018-04-11 20:03:47,15,3000,200,0.652057,0.775176,0.000000,1.000000,Barely acceptable,
ECG_CH1,314,2018-04-11 20:03:47,2018-04-11 20:04:02,15,3000,200,0.828257,0.915700,0.000000,1.000000,Barely acceptable,
ECG_CH1,315,2018-04-11 20:04:02,2018-04-11 20:04:17,15,3000,200,0.515338,0.622084,0.000000,1.000000,Barely acceptable,
ECG_CH1,316,2018-04-11 20:04:17,2018-04-11 20:04:32,15,3000,200,0.703013,0.803821,0.000000,1.000000,Barely acceptable,
ECG_CH1,317,2018-04-11 20:04:32,2018-04-11 20:04:47,15,3000,200,0.515980,0.515785,0.000000,1.000000,Barely acceptable,
ECG_CH1,318,2018-04-11 20:04:47,2018-04-11 20:05:02,15,3000,200,0.674458,0.700634,0.000000,1.000000,Barely acceptable,
ECG_CH1,319,2018-04-11 20:05:02,2018-04-11 20:05:17,15,3000,200,0.729847,0.835782,0.000000,1.000000,Barely acceptable,
ECG_CH1,320,2018-04-11 20:05:17,2018-04-11 20:05:32,15,3000,200,0.642752,0.734372,0.000000,1.000000,Barely acceptable,
ECG_CH1,321,2018-04-11 20:05:32,2018-04-11 20:05:47,15,3000,200,0.780556,0.816788,0.000000,1.000000,Barely acceptable,
ECG_CH1,322,2018-04-11 20:05:47,2018-04-11 20:06:02,15,3000,200,0.792162,0.902416,0.000000,1.000000,Barely acceptable,
ECG_CH1,323,2018-04-11 20:06:02,2018-04-11 20:06:17,15,3000,200,0.849945,0.914906,0.000000,1.000000,Barely acceptable,
ECG_CH1,324,2018-04-11 20:06:17,2018-04-11 20:06:32,15,3000,200,0.685076,0.760334,0.000000,1.000000,Barely acceptable,
ECG_CH1,325,2018-04-11 20:06:32,2018-04-11 20:06:47,15,3000,200,0.464627,0.428057,0.000000,1.000000,Barely acceptable,
ECG_CH1,326,2018-04-11 20:06:47,2018-04-11 20:07:02,15,3000,200,0.731914,0.760740,0.000000,1.000000,Barely acceptable,
ECG_CH1,327,2018-04-11 20:07:02,2018-04-11 20:07:17,15,3000,200,0.671606,0.784764,0.000000,1.000000,Barely acceptable,
ECG_CH1,328,2018-04-11 20:07:17,2018-04-11 20:07:32,15,3000,200,0.592208,0.613882,0.000000,1.000000,Barely acceptable,
ECG_CH1,329,2018-04-11 20:07:32,2018-04-11 20:07:47,15,3000,200,0.677977,0.752464,0.000000,1.000000,Barely acceptable,
ECG_CH1,330,2018-04-11 20:07:47,2018-04-11 20:08:02,15,3000,200,0.446614,0.480853,0.000000,1.000000,Barely acceptable,
ECG_CH1,331,2018-04-11 20:08:02,2018-04-11 20:08:17,15,3000,200,0.716581,0.816180,0.000000,1.000000,Barely acceptable,
ECG_CH1,332,2018-04-11 20:08:17,2018-04-11 20:08:32,15,3000,200,0.748559,0.764954,0.000000,1.000000,Barely acceptable,
ECG_CH1,333,2018-04-11 20:08:32,2018-04-11 20:08:47,15,3000,200,0.721643,0.809601,0.000000,1.000000,Barely acceptable,
ECG_CH1,334,2018-04-11 20:08:47,2018-04-11 20:09:02,15,3000,200,0.801584,0.894270,0.000000,1.000000,Barely acceptable,
ECG_CH1,335,2018-04-11 20:09:02,2018-04-11 20:09:17,15,3000,200,0.777401,0.935027,0.000000,1.000000,Barely acceptable,
ECG_CH1,336,2018-04-11 20:09:17,2018-04-11 20:09:32,15,3000,200,0.783898,0.849182,0.000000,1.000000,Barely acceptable,
ECG_CH1,337,2018-04-11 20:09:32,2018-04-11 20:09:47,15,3000,200,0.575107,0.613477,0.000000,1.000000,Barely acceptable,
ECG_CH1,338,2018-04-11 20:09:47,2018-04-11 20:10:02,15,3000,200,0.672676,0.784152,0.000000,1.000000,Barely acceptable,
ECG_CH1,339,2018-04-11 20:10:02,2018-04-11 20:10:17,15,3000,200,0.789719,0.832060,0.000000,1.000000,Barely acceptable,
ECG_CH1,340,2018-04-11 20:10:17,2018-04-11 20:10:32,15,3000,200,0.768179,0.888727,0.000000,1.000000,Barely acceptable,
ECG_CH1,341,2018-04-11 20:10:32,2018-04-11 20:10:47,15,3000,200,0.723736,0.884589,0.000000,1.000000,Barely acceptable,
ECG_CH1,342,2018-04-11 20:10:47,2018-04-11 20:11:02,15,3000,200,0.675619,0.758592,0.000000,1.000000,Barely acceptable,
ECG_CH1,343,2018-04-11 20:11:02,2018-04-11 20:11:17,15,3000,200,0.559117,0.515784,0.000000,1.000000,Barely acceptable,
ECG_CH1,344,2018-04-11 20:11:17,2018-04-11 20:11:32,15,3000,200,0.732560,0.792053,0.000000,1.000000,Barely acceptable,
ECG_CH1,345,2018-04-11 20:11:32,2018-04-11 20:11:47,15,3000,200,0.775308,0.891083,0.000000,1.000000,Barely acceptable,
ECG_CH1,346,2018-04-11 20:11:47,2018-04-11 20:12:02,15,3000,200,0.560088,0.575145,0.000000,1.000000,Barely acceptable,
ECG_CH1,347,2018-04-11 20:12:02,2018-04-11 20:12:17,15,3000,200,0.838973,0.953141,0.000000,1.000000,Barely acceptable,
ECG_CH1,348,2018-04-11 20:12:17,2018-04-11 20:12:32,15,3000,200,0.812110,0.936604,0.000000,1.000000,Barely acceptable,
ECG_CH1,349,2018-04-11 20:12:32,2018-04-11 20:12:47,15,3000,200,0.718450,0.809273,0.000000,1.000000,Barely acceptable,
ECG_CH1,350,2018-04-11 20:12:47,2018-04-11 20:13:02,15,3000,200,0.687931,0.788471,0.000000,1.000000,Barely acceptable,
ECG_CH1,351,2018-04-11 20:13:02,2018-04-11 20:13:17,15,3000,200,0.554549,0.521258,0.000000,1.000000,Barely acceptable,
ECG_CH1,352,2018-04-11 20:13:17,2018-04-11 20:13:32,15,3000,200,0.663817,0.763716,0.000000,1.000000,Barely acceptable,
ECG_CH1,353,2018-04-11 20:13:32,2018-04-11 20:13:47,15,3000,200,0.685459,0.826534,0.000000,1.000000,Barely acceptable,
ECG_CH1,354,2018-04-11 20:13:47,2018-04-11 20:14:02,15,3000,200,0.874797,0.948313,0.000000,1.000000,Barely acceptable,
ECG_CH1,355,2018-04-11 20:14:02,2018-04-11 20:14:17,15,3000,200,0.781438,0.938643,0.000000,1.000000,Barely acceptable,
ECG_CH1,356,2018-04-11 20:14:17,2018-04-11 20:14:32,15,3000,200,0.690209,0.786264,0.000000,1.000000,Barely acceptable,
ECG_CH1,357,2018-04-11 20:14:32,2018-04-11 20:14:47,15,3000,200,0.843719,0.939173,0.000000,1.000000,Barely acceptable,
ECG_CH1,358,2018-04-11 20:14:47,2018-04-11 20:15:02,15,3000,200,0.621683,0.613393,0.000000,1.000000,Barely acceptable,
ECG_CH1,359,2018-04-11 20:15:02,2018-04-11 20:15:17,15,3000,200,0.761620,0.825282,0.000000,1.000000,Barely acceptable,
ECG_CH1,360,2018-04-11 20:15:17,2018-04-11 20:15:32,15,3000,200,0.680687,0.722467,0.000000,1.000000,Barely acceptable,
ECG_CH1,361,2018-04-11 20:15:32,2018-04-11 20:15:47,15,3000,200,0.793466,0.864586,0.000000,1.000000,Barely acceptable,
ECG_CH1,362,2018-04-11 20:15:47,2018-04-11 20:16:02,15,3000,200,0.680253,0.797524,0.000000,1.000000,Barely acceptable,
ECG_CH1,363,2018-04-11 20:16:02,2018-04-11 20:16:17,15,3000,200,0.744643,0.794220,0.000000,1.000000,Barely acceptable,
ECG_CH1,364,2018-04-11 20:16:17,2018-04-11 20:16:32,15,3000,200,0.664384,0.818753,0.000000,1.000000,Barely acceptable,
ECG_CH1,365,2018-04-11 20:16:32,2018-04-11 20:16:47,15,3000,200,0.670399,0.760296,0.000000,1.000000,Barely acceptable,
ECG_CH1,366,2018-04-11 20:16:47,2018-04-11 20:17:02,15,3000,200,0.586795,0.683873,0.000000,1.000000,Barely acceptable,
ECG_CH1,367,2018-04-11 20:17:02,2018-04-11 20:17:17,15,3000,200,0.608584,0.609953,0.000000,1.000000,Barely acceptable,
ECG_CH1,368,2018-04-11 20:17:17,2018-04-11 20:17:32,15,3000,200,0.627326,0.686800,0.000000,1.000000,Barely acceptable,
ECG_CH1,369,2018-04-11 20:17:32,2018-04-11 20:17:47,15,3000,200,0.751729,0.868654,0.000000,1.000000,Barely acceptable,
ECG_CH1,370,2018-04-11 20:17:47,2018-04-11 20:18:02,15,3000,200,0.775889,0.938492,0.000000,1.000000,Barely acceptable,
ECG_CH1,371,2018-04-11 20:18:02,2018-04-11 20:18:17,15,3000,200,0.727745,0.791860,0.000000,1.000000,Barely acceptable,
ECG_CH1,372,2018-04-11 20:18:17,2018-04-11 20:18:32,15,3000,200,0.728997,0.869227,0.000000,1.000000,Barely acceptable,
ECG_CH1,373,2018-04-11 20:18:32,2018-04-11 20:18:47,15,3000,200,0.733389,0.816839,0.000000,1.000000,Barely acceptable,
ECG_CH1,374,2018-04-11 20:18:47,2018-04-11 20:19:02,15,3000,200,0.690795,0.737934,0.000000,1.000000,Barely acceptable,
ECG_CH1,375,2018-04-11 20:19:02,2018-04-11 20:19:17,15,3000,200,0.777556,0.849625,0.000000,1.000000,Barely acceptable,
ECG_CH1,376,2018-04-11 20:19:17,2018-04-11 20:19:32,15,3000,200,0.792322,0.874553,0.000000,1.000000,Barely acceptable,
ECG_CH1,377,2018-04-11 20:19:32,2018-04-11 20:19:47,15,3000,200,0.643585,0.654528,0.000000,1.000000,Barely acceptable,
ECG_CH1,378,2018-04-11 20:19:47,2018-04-11 20:20:02,15,3000,200,0.819528,0.888737,0.000000,1.000000,Barely acceptable,
ECG_CH1,379,2018-04-11 20:20:02,2018-04-11 20:20:17,15,3000,200,0.764351,0.922394,0.000000,1.000000,Barely acceptable,
ECG_CH1,380,2018-04-11 20:20:17,2018-04-11 20:20:32,15,3000,200,0.755481,0.864996,0.000000,1.000000,Barely acceptable,
ECG_CH1,381,2018-04-11 20:20:32,2018-04-11 20:20:47,15,3000,200,0.751836,0.799699,0.000000,1.000000,Barely acceptable,
ECG_CH1,382,2018-04-11 20:20:47,2018-04-11 20:21:02,15,3000,200,0.534302,0.534050,0.000000,1.000000,Barely acceptable,
ECG_CH1,383,2018-04-11 20:21:02,2018-04-11 20:21:17,15,3000,200,0.794023,0.867961,0.000000,1.000000,Barely acceptable,
ECG_CH1,384,2018-04-11 20:21:17,2018-04-11 20:21:32,15,3000,200,0.732811,0.848077,0.000000,1.000000,Barely acceptable,
ECG_CH1,385,2018-04-11 20:21:32,2018-04-11 20:21:47,15,3000,200,0.890185,0.930403,0.000000,1.000000,Barely acceptable,
ECG_CH1,386,2018-04-11 20:21:47,2018-04-11 20:22:02,15,3000,200,0.561878,0.526645,0.000000,1.000000,Barely acceptable,
ECG_CH1,387,2018-04-11 20:22:02,2018-04-11 20:22:17,15,3000,200,0.866864,0.938824,0.000000,1.000000,Barely acceptable,
ECG_CH1,388,2018-04-11 20:22:17,2018-04-11 20:22:32,15,3000,200,0.840050,0.962194,0.000000,1.000000,Barely acceptable,
ECG_CH1,389,2018-04-11 20:22:32,2018-04-11 20:22:47,15,3000,200,0.769718,0.831053,0.000000,1.000000,Barely acceptable,
ECG_CH1,390,2018-04-11 20:22:47,2018-04-11 20:23:02,15,3000,200,0.740946,0.799486,0.000000,1.000000,Barely acceptable,
ECG_CH1,391,2018-04-11 20:23:02,2018-04-11 20:23:17,15,3000,200,0.789692,0.894871,0.000000,1.000000,Barely acceptable,
ECG_CH1,392,2018-04-11 20:23:17,2018-04-11 20:23:32,15,3000,200,0.733267,0.863061,0.000000,1.000000,Barely acceptable,
ECG_CH1,393,2018-04-11 20:23:32,2018-04-11 20:23:47,15,3000,200,0.708117,0.895481,0.000000,1.000000,Barely acceptable,
ECG_CH1,394,2018-04-11 20:23:47,2018-04-11 20:24:02,15,3000,200,0.684139,0.740531,0.000000,1.000000,Barely acceptable,
ECG_CH1,395,2018-04-11 20:24:02,2018-04-11 20:24:17,15,3000,200,0.842576,0.937724,0.000000,1.000000,Barely acceptable,
ECG_CH1,396,2018-04-11 20:24:17,2018-04-11 20:24:32,15,3000,200,0.680062,0.862058,0.000000,1.000000,Barely acceptable,
ECG_CH1,397,2018-04-11 20:24:32,2018-04-11 20:24:47,15,3000,200,0.624460,0.653329,0.000000,1.000000,Barely acceptable,
ECG_CH1,398,2018-04-11 20:24:47,2018-04-11 20:25:02,15,3000,200,0.832585,0.920339,0.000000,1.000000,Barely acceptable,
ECG_CH1,399,2018-04-11 20:25:02,2018-04-11 20:25:17,15,3000,200,0.822749,0.897118,0.000000,1.000000,Barely acceptable,
ECG_CH1,400,2018-04-11 20:25:17,2018-04-11 20:25:32,15,3000,200,0.796486,0.867455,0.000000,1.000000,Barely acceptable,
ECG_CH1,401,2018-04-11 20:25:32,2018-04-11 20:25:47,15,3000,200,0.710903,0.834075,0.000000,1.000000,Barely acceptable,
ECG_CH1,402,2018-04-11 20:25:47,2018-04-11 20:26:02,15,3000,200,0.597541,0.605376,0.000000,1.000000,Barely acceptable,
ECG_CH1,403,2018-04-11 20:26:02,2018-04-11 20:26:17,15,3000,200,0.851363,0.954742,0.000000,1.000000,Barely acceptable,
ECG_CH1,404,2018-04-11 20:26:17,2018-04-11 20:26:32,15,3000,200,0.775110,0.859501,0.000000,1.000000,Barely acceptable,
ECG_CH1,405,2018-04-11 20:26:32,2018-04-11 20:26:47,15,3000,200,0.819415,0.908684,0.000000,1.000000,Barely acceptable,
ECG_CH1,406,2018-04-11 20:26:47,2018-04-11 20:27:02,15,3000,200,0.751689,0.832077,0.000000,1.000000,Barely acceptable,
ECG_CH1,407,2018-04-11 20:27:02,2018-04-11 20:27:17,15,3000,200,0.683614,0.777966,0.000000,1.000000,Barely acceptable,
ECG_CH1,408,2018-04-11 20:27:17,2018-04-11 20:27:32,15,3000,200,0.792711,0.902649,0.000000,1.000000,Barely acceptable,
ECG_CH1,409,2018-04-11 20:27:32,2018-04-11 20:27:47,15,3000,200,0.462754,0.423276,0.000000,1.000000,Barely acceptable,
ECG_CH1,410,2018-04-11 20:27:47,2018-04-11 20:28:02,15,3000,200,0.597157,0.678776,0.000000,1.000000,Barely acceptable,
ECG_CH1,411,2018-04-11 20:28:02,2018-04-11 20:28:17,15,3000,200,0.822781,0.913155,0.000000,1.000000,Barely acceptable,
ECG_CH1,412,2018-04-11 20:28:17,2018-04-11 20:28:32,15,3000,200,0.729415,0.761545,0.000000,1.000000,Barely acceptable,
ECG_CH1,413,2018-04-11 20:28:32,2018-04-11 20:28:47,15,3000,200,0.625939,0.634787,0.000000,1.000000,Barely acceptable,
ECG_CH1,414,2018-04-11 20:28:47,2018-04-11 20:29:02,15,3000,200,0.729629,0.807541,0.000000,1.000000,Barely acceptable,
ECG_CH1,415,2018-04-11 20:29:02,2018-04-11 20:29:17,15,3000,200,0.772368,0.873939,0.000000,1.000000,Barely acceptable,
ECG_CH1,416,2018-04-11 20:29:17,2018-04-11 20:29:32,15,3000,200,0.588487,0.583666,0.000000,1.000000,Barely acceptable,
ECG_CH1,417,2018-04-11 20:29:32,2018-04-11 20:29:47,15,3000,200,0.601194,0.563560,0.000000,1.000000,Barely acceptable,
ECG_CH1,418,2018-04-11 20:29:47,2018-04-11 20:30:02,15,3000,200,0.814108,0.902838,0.000000,1.000000,Barely acceptable,
ECG_CH1,419,2018-04-11 20:30:02,2018-04-11 20:30:17,15,3000,200,0.522362,0.489244,0.000000,1.000000,Barely acceptable,
ECG_CH1,420,2018-04-11 20:30:17,2018-04-11 20:30:32,15,3000,200,0.729303,0.815806,0.000000,1.000000,Barely acceptable,
ECG_CH1,421,2018-04-11 20:30:32,2018-04-11 20:30:47,15,3000,200,0.720016,0.829254,0.000000,1.000000,Barely acceptable,
ECG_CH1,422,2018-04-11 20:30:47,2018-04-11 20:31:02,15,3000,200,0.806055,0.873945,0.000000,1.000000,Barely acceptable,
ECG_CH1,423,2018-04-11 20:31:02,2018-04-11 20:31:17,15,3000,200,0.769687,0.915314,0.000000,1.000000,Barely acceptable,
ECG_CH1,424,2018-04-11 20:31:17,2018-04-11 20:31:32,15,3000,200,0.580974,0.682862,0.000000,1.000000,Barely acceptable,
ECG_CH1,425,2018-04-11 20:31:32,2018-04-11 20:31:47,15,3000,200,0.717308,0.838278,0.000000,1.000000,Barely acceptable,
ECG_CH1,426,2018-04-11 20:31:47,2018-04-11 20:32:02,15,3000,200,0.768290,0.852021,0.000000,1.000000,Barely acceptable,
ECG_CH1,427,2018-04-11 20:32:02,2018-04-11 20:32:17,15,3000,200,0.770433,0.872206,0.000000,1.000000,Barely acceptable,
ECG_CH1,428,2018-04-11 20:32:17,2018-04-11 20:32:32,15,3000,200,0.741611,0.779086,0.000000,1.000000,Barely acceptable,
ECG_CH1,429,2018-04-11 20:32:32,2018-04-11 20:32:47,15,3000,200,0.703528,0.746731,0.000000,1.000000,Barely acceptable,
ECG_CH1,430,2018-04-11 20:32:47,2018-04-11 20:33:02,15,3000,200,0.764459,0.819145,0.000000,1.000000,Barely acceptable,
ECG_CH1,431,2018-04-11 20:33:02,2018-04-11 20:33:17,15,3000,200,0.812481,0.843418,0.000000,1.000000,Barely acceptable,
ECG_CH1,432,2018-04-11 20:33:17,2018-04-11 20:33:32,15,3000,200,0.681600,0.764017,0.000000,1.000000,Barely acceptable,
ECG_CH1,433,2018-04-11 20:33:32,2018-04-11 20:33:47,15,3000,200,0.765005,0.833408,0.000000,1.000000,Barely acceptable,
ECG_CH1,434,2018-04-11 20:33:47,2018-04-11 20:34:02,15,3000,200,0.739201,0.877525,0.000000,1.000000,Barely acceptable,
ECG_CH1,435,2018-04-11 20:34:02,2018-04-11 20:34:17,15,3000,200,0.654493,0.731784,0.000000,1.000000,Barely acceptable,
ECG_CH1,436,2018-04-11 20:34:17,2018-04-11 20:34:32,15,3000,200,0.773132,0.856488,0.000000,1.000000,Barely acceptable,
ECG_CH1,437,2018-04-11 20:34:32,2018-04-11 20:34:47,15,3000,200,0.686528,0.681243,0.000000,1.000000,Barely acceptable,
ECG_CH1,438,2018-04-11 20:34:47,2018-04-11 20:35:02,15,3000,200,0.654027,0.745650,0.000000,1.000000,Barely acceptable,
ECG_CH1,439,2018-04-11 20:35:02,2018-04-11 20:35:17,15,3000,200,0.828962,0.949733,0.000000,1.000000,Barely acceptable,
ECG_CH1,440,2018-04-11 20:35:17,2018-04-11 20:35:32,15,3000,200,0.747426,0.834956,0.000000,1.000000,Barely acceptable,
ECG_CH1,441,2018-04-11 20:35:32,2018-04-11 20:35:47,15,3000,200,0.701166,0.803433,0.000000,1.000000,Barely acceptable,
ECG_CH1,442,2018-04-11 20:35:47,2018-04-11 20:36:02,15,3000,200,0.594460,0.699559,0.000000,1.000000,Barely acceptable,
ECG_CH1,443,2018-04-11 20:36:02,2018-04-11 20:36:17,15,3000,200,0.814331,0.915902,0.000000,1.000000,Barely acceptable,
ECG_CH1,444,2018-04-11 20:36:17,2018-04-11 20:36:32,15,3000,200,0.675125,0.697750,0.000000,1.000000,Barely acceptable,
ECG_CH1,445,2018-04-11 20:36:32,2018-04-11 20:36:47,15,3000,200,0.529605,0.539914,0.000000,1.000000,Barely acceptable,
ECG_CH1,446,2018-04-11 20:36:47,2018-04-11 20:37:02,15,3000,200,0.683256,0.758500,0.000000,1.000000,Barely acceptable,
ECG_CH1,447,2018-04-11 20:37:02,2018-04-11 20:37:17,15,3000,200,0.689924,0.763726,0.000000,1.000000,Barely acceptable,
ECG_CH1,448,2018-04-11 20:37:17,2018-04-11 20:37:32,15,3000,200,0.614624,0.660659,0.000000,1.000000,Barely acceptable,
ECG_CH1,449,2018-04-11 20:37:32,2018-04-11 20:37:47,15,3000,200,0.692759,0.741297,0.000000,1.000000,Barely acceptable,
ECG_CH1,450,2018-04-11 20:37:47,2018-04-11 20:38:02,15,3000,200,0.595419,0.670247,0.000000,1.000000,Barely acceptable,
ECG_CH1,451,2018-04-11 20:38:02,2018-04-11 20:38:17,15,3000,200,0.759912,0.827546,0.000000,1.000000,Barely acceptable,
ECG_CH1,452,2018-04-11 20:38:17,2018-04-11 20:38:32,15,3000,200,0.531668,0.549628,0.000000,1.000000,Barely acceptable,
ECG_CH1,453,2018-04-11 20:38:32,2018-04-11 20:38:47,15,3000,200,0.741479,0.807295,0.000000,1.000000,Barely acceptable,
ECG_CH1,454,2018-04-11 20:38:47,2018-04-11 20:39:02,15,3000,200,0.733068,0.794436,0.000000,1.000000,Barely acceptable,
ECG_CH1,455,2018-04-11 20:39:02,2018-04-11 20:39:17,15,3000,200,0.593718,0.721250,0.000000,1.000000,Barely acceptable,
ECG_CH1,456,2018-04-11 20:39:17,2018-04-11 20:39:32,15,3000,200,0.686804,0.734205,0.000000,1.000000,Barely acceptable,
ECG_CH1,457,2018-04-11 20:39:32,2018-04-11 20:39:47,15,3000,200,0.752890,0.854999,0.000000,1.000000,Barely acceptable,
ECG_CH1,458,2018-04-11 20:39:47,2018-04-11 20:40:02,15,3000,200,0.627450,0.722065,0.000000,1.000000,Barely acceptable,
ECG_CH1,459,2018-04-11 20:40:02,2018-04-11 20:40:17,15,3000,200,0.468870,0.446631,0.000000,1.000000,Barely acceptable,
ECG_CH1,460,2018-04-11 20:40:17,2018-04-11 20:40:32,15,3000,200,0.574338,0.549696,0.000000,1.000000,Barely acceptable,
ECG_CH1,461,2018-04-11 20:40:32,2018-04-11 20:40:47,15,3000,200,0.763381,0.897466,0.000000,1.000000,Barely acceptable,
ECG_CH1,462,2018-04-11 20:40:47,2018-04-11 20:41:02,15,3000,200,0.526393,0.529257,0.000000,1.000000,Barely acceptable,
ECG_CH1,463,2018-04-11 20:41:02,2018-04-11 20:41:17,15,3000,200,0.752951,0.888342,0.000000,1.000000,Barely acceptable,
ECG_CH1,464,2018-04-11 20:41:17,2018-04-11 20:41:32,15,3000,200,0.739722,0.885448,0.000000,1.000000,Barely acceptable,
ECG_CH1,465,2018-04-11 20:41:32,2018-04-11 20:41:47,15,3000,200,0.559675,0.633157,0.000000,1.000000,Barely acceptable,
ECG_CH1,466,2018-04-11 20:41:47,2018-04-11 20:42:02,15,3000,200,0.662210,0.783766,0.000000,1.000000,Barely acceptable,
ECG_CH1,467,2018-04-11 20:42:02,2018-04-11 20:42:17,15,3000,200,0.775452,0.835665,0.000000,1.000000,Barely acceptable,
ECG_CH1,468,2018-04-11 20:42:17,2018-04-11 20:42:32,15,3000,200,0.664985,0.758170,0.000000,1.000000,Barely acceptable,
ECG_CH1,469,2018-04-11 20:42:32,2018-04-11 20:42:47,15,3000,200,0.652972,0.765348,0.000000,1.000000,Barely acceptable,
ECG_CH1,470,2018-04-11 20:42:47,2018-04-11 20:43:02,15,3000,200,0.838605,0.930686,0.000000,1.000000,Barely acceptable,
ECG_CH1,471,2018-04-11 20:43:02,2018-04-11 20:43:17,15,3000,200,0.775759,0.827581,0.000000,1.000000,Barely acceptable,
ECG_CH1,472,2018-04-11 20:43:17,2018-04-11 20:43:32,15,3000,200,0.745302,0.861993,0.000000,1.000000,Barely acceptable,
ECG_CH1,473,2018-04-11 20:43:32,2018-04-11 20:43:47,15,3000,200,0.783760,0.867649,0.000000,1.000000,Barely acceptable,
ECG_CH1,474,2018-04-11 20:43:47,2018-04-11 20:44:02,15,3000,200,0.832879,0.946322,0.000000,1.000000,Barely acceptable,
ECG_CH1,475,2018-04-11 20:44:02,2018-04-11 20:44:17,15,3000,200,0.776425,0.864702,0.000000,1.000000,Barely acceptable,
ECG_CH1,476,2018-04-11 20:44:17,2018-04-11 20:44:32,15,3000,200,0.777929,0.830765,0.000000,1.000000,Barely acceptable,
ECG_CH1,477,2018-04-11 20:44:32,2018-04-11 20:44:47,15,3000,200,0.652600,0.684783,0.000000,1.000000,Barely acceptable,
ECG_CH1,478,2018-04-11 20:44:47,2018-04-11 20:45:02,15,3000,200,0.691939,0.739540,0.000000,1.000000,Barely acceptable,
ECG_CH1,479,2018-04-11 20:45:02,2018-04-11 20:45:17,15,3000,200,0.767006,0.838954,0.000000,1.000000,Barely acceptable,
ECG_CH1,480,2018-04-11 20:45:17,2018-04-11 20:45:32,15,3000,200,0.724748,0.801095,0.000000,1.000000,Barely acceptable,
ECG_CH1,481,2018-04-11 20:45:32,2018-04-11 20:45:47,15,3000,200,0.700740,0.772393,0.000000,1.000000,Barely acceptable,
ECG_CH1,482,2018-04-11 20:45:47,2018-04-11 20:46:02,15,3000,200,0.674632,0.742218,0.000000,1.000000,Barely acceptable,
ECG_CH1,483,2018-04-11 20:46:02,2018-04-11 20:46:17,15,3000,200,0.654822,0.665413,0.000000,1.000000,Barely acceptable,
ECG_CH1,484,2018-04-11 20:46:17,2018-04-11 20:46:32,15,3000,200,0.749096,0.750759,0.000000,1.000000,Barely acceptable,
ECG_CH1,485,2018-04-11 20:46:32,2018-04-11 20:46:47,15,3000,200,0.637923,0.766511,0.000000,1.000000,Barely acceptable,
ECG_CH1,486,2018-04-11 20:46:47,2018-04-11 20:47:02,15,3000,200,0.809207,0.903728,0.000000,1.000000,Barely acceptable,
ECG_CH1,487,2018-04-11 20:47:02,2018-04-11 20:47:17,15,3000,200,0.584689,0.700607,0.000000,1.000000,Barely acceptable,
ECG_CH1,488,2018-04-11 20:47:17,2018-04-11 20:47:32,15,3000,200,0.731034,0.877971,0.000000,1.000000,Barely acceptable,
ECG_CH1,489,2018-04-11 20:47:32,2018-04-11 20:47:47,15,3000,200,0.551326,0.630875,0.000000,1.000000,Barely acceptable,
ECG_CH1,490,2018-04-11 20:47:47,2018-04-11 20:48:02,15,3000,200,0.700418,0.801550,0.000000,1.000000,Barely acceptable,
ECG_CH1,491,2018-04-11 20:48:02,2018-04-11 20:48:17,15,3000,200,0.596097,0.673365,0.000000,1.000000,Barely acceptable,
ECG_CH1,492,2018-04-11 20:48:17,2018-04-11 20:48:32,15,3000,200,0.727099,0.697570,0.000000,1.000000,Barely acceptable,
ECG_CH1,493,2018-04-11 20:48:32,2018-04-11 20:48:47,15,3000,200,0.717553,0.864413,0.000000,1.000000,Barely acceptable,
ECG_CH1,494,2018-04-11 20:48:47,2018-04-11 20:49:02,15,3000,200,0.780696,0.902485,0.000000,1.000000,Barely acceptable,
ECG_CH1,495,2018-04-11 20:49:02,2018-04-11 20:49:17,15,3000,200,0.607654,0.543322,0.000000,1.000000,Barely acceptable,
ECG_CH1,496,2018-04-11 20:49:17,2018-04-11 20:49:32,15,3000,200,0.623551,0.652761,0.000000,1.000000,Barely acceptable,
ECG_CH1,497,2018-04-11 20:49:32,2018-04-11 20:49:47,15,3000,200,0.594415,0.711555,0.000000,1.000000,Barely acceptable,
ECG_CH1,498,2018-04-11 20:49:47,2018-04-11 20:50:02,15,3000,200,0.604544,0.629461,0.000000,1.000000,Barely acceptable,
ECG_CH1,499,2018-04-11 20:50:02,2018-04-11 20:50:17,15,3000,200,0.719046,0.824444,0.000000,1.000000,Barely acceptable,
ECG_CH1,500,2018-04-11 20:50:17,2018-04-11 20:50:32,15,3000,200,0.653806,0.752923,0.000000,1.000000,Barely acceptable,
ECG_CH1,501,2018-04-11 20:50:32,2018-04-11 20:50:47,15,3000,200,0.693112,0.762457,0.000000,1.000000,Barely acceptable,
ECG_CH1,502,2018-04-11 20:50:47,2018-04-11 20:51:02,15,3000,200,0.855344,0.948163,0.000000,1.000000,Barely acceptable,
ECG_CH1,503,2018-04-11 20:51:02,2018-04-11 20:51:17,15,3000,200,0.754642,0.857628,0.000000,1.000000,Barely acceptable,
ECG_CH1,504,2018-04-11 20:51:17,2018-04-11 20:51:32,15,3000,200,0.830435,0.906744,0.000000,1.000000,Barely acceptable,
ECG_CH1,505,2018-04-11 20:51:32,2018-04-11 20:51:47,15,3000,200,0.735505,0.828782,0.000000,1.000000,Barely acceptable,
ECG_CH1,506,2018-04-11 20:51:47,2018-04-11 20:52:02,15,3000,200,0.631776,0.726672,0.000000,1.000000,Barely acceptable,
ECG_CH1,507,2018-04-11 20:52:02,2018-04-11 20:52:17,15,3000,200,0.817822,0.895328,0.000000,1.000000,Barely acceptable,
ECG_CH1,508,2018-04-11 20:52:17,2018-04-11 20:52:32,15,3000,200,0.557596,0.697958,0.000000,1.000000,Barely acceptable,
ECG_CH1,509,2018-04-11 20:52:32,2018-04-11 20:52:47,15,3000,200,0.668836,0.762541,0.000000,1.000000,Barely acceptable,
ECG_CH1,510,2018-04-11 20:52:47,2018-04-11 20:53:02,15,3000,200,0.836625,0.904095,0.000000,1.000000,Barely acceptable,
ECG_CH1,511,2018-04-11 20:53:02,2018-04-11 20:53:17,15,3000,200,0.728457,0.831694,0.000000,1.000000,Barely acceptable,
ECG_CH1,512,2018-04-11 20:53:17,2018-04-11 20:53:32,15,3000,200,0.822818,0.908215,0.000000,1.000000,Barely acceptable,
ECG_CH1,513,2018-04-11 20:53:32,2018-04-11 20:53:47,15,3000,200,0.687034,0.763257,0.000000,1.000000,Barely acceptable,
ECG_CH1,514,2018-04-11 20:53:47,2018-04-11 20:54:02,15,3000,200,0.758260,0.865892,0.000000,1.000000,Barely acceptable,
ECG_CH1,515,2018-04-11 20:54:02,2018-04-11 20:54:17,15,3000,200,0.754977,0.873961,0.000000,1.000000,Barely acceptable,
ECG_CH1,516,2018-04-11 20:54:17,2018-04-11 20:54:32,15,3000,200,0.719495,0.736606,0.000000,1.000000,Barely acceptable,
ECG_CH1,517,2018-04-11 20:54:32,2018-04-11 20:54:47,15,3000,200,0.583838,0.507260,0.000000,1.000000,Barely acceptable,
ECG_CH1,518,2018-04-11 20:54:47,2018-04-11 20:55:02,15,3000,200,0.682177,0.770093,0.000000,1.000000,Barely acceptable,
ECG_CH1,519,2018-04-11 20:55:02,2018-04-11 20:55:17,15,3000,200,0.688682,0.700431,0.000000,1.000000,Barely acceptable,
ECG_CH1,520,2018-04-11 20:55:17,2018-04-11 20:55:32,15,3000,200,0.718377,0.810221,0.000000,1.000000,Barely acceptable,
ECG_CH1,521,2018-04-11 20:55:32,2018-04-11 20:55:47,15,3000,200,0.821828,0.902761,0.000000,1.000000,Barely acceptable,
ECG_CH1,522,2018-04-11 20:55:47,2018-04-11 20:56:02,15,3000,200,0.608629,0.655782,0.000000,1.000000,Barely acceptable,
ECG_CH1,523,2018-04-11 20:56:02,2018-04-11 20:56:17,15,3000,200,0.825532,0.927623,0.000000,1.000000,Barely acceptable,
ECG_CH1,524,2018-04-11 20:56:17,2018-04-11 20:56:32,15,3000,200,0.703806,0.739169,0.000000,1.000000,Barely acceptable,
ECG_CH1,525,2018-04-11 20:56:32,2018-04-11 20:56:47,15,3000,200,0.757765,0.872531,0.000000,1.000000,Barely acceptable,
ECG_CH1,526,2018-04-11 20:56:47,2018-04-11 20:57:02,15,3000,200,0.698056,0.760182,0.000000,1.000000,Unacceptable,
ECG_CH1,527,2018-04-11 20:57:02,2018-04-11 20:57:17,15,3000,200,0.633843,0.749860,0.000000,1.000000,Barely acceptable,
ECG_CH1,528,2018-04-11 20:57:17,2018-04-11 20:57:32,15,3000,200,0.753496,0.847697,0.000000,1.000000,Barely acceptable,
ECG_CH1,529,2018-04-11 20:57:32,2018-04-11 20:57:47,15,3000,200,0.654356,0.725105,0.000000,1.000000,Barely acceptable,
ECG_CH1,530,2018-04-11 20:57:47,2018-04-11 20:58:02,15,3000,200,0.663846,0.696120,0.000000,1.000000,Barely acceptable,
ECG_CH1,531,2018-04-11 20:58:02,2018-04-11 20:58:17,15,3000,200,0.645737,0.657683,0.000000,1.000000,Barely acceptable,
ECG_CH1,532,2018-04-11 20:58:17,2018-04-11 20:58:32,15,3000,200,0.848712,0.890734,0.000000,1.000000,Barely acceptable,
ECG_CH1,533,2018-04-11 20:58:32,2018-04-11 20:58:47,15,3000,200,0.824894,0.910616,0.000000,1.000000,Barely acceptable,
ECG_CH1,534,2018-04-11 20:58:47,2018-04-11 20:59:02,15,3000,200,0.685503,0.753330,0.000000,1.000000,Barely acceptable,
ECG_CH1,535,2018-04-11 20:59:02,2018-04-11 20:59:17,15,3000,200,0.642596,0.662090,0.000000,1.000000,Barely acceptable,
ECG_CH1,536,2018-04-11 20:59:17,2018-04-11 20:59:32,15,3000,200,0.759197,0.885905,0.000000,1.000000,Barely acceptable,
ECG_CH1,537,2018-04-11 20:59:32,2018-04-11 20:59:47,15,3000,200,0.796705,0.874534,0.000000,1.000000,Unacceptable,
ECG_CH1,538,2018-04-11 20:59:47,2018-04-11 21:00:02,15,3000,200,0.577194,0.667939,0.000000,1.000000,Barely acceptable,
ECG_CH1,539,2018-04-11 21:00:02,2018-04-11 21:00:17,15,3000,200,0.657019,0.730978,0.000000,1.000000,Barely acceptable,
ECG_CH1,540,2018-04-11 21:00:17,2018-04-11 21:00:32,15,3000,200,0.566647,0.542970,0.000000,1.000000,Barely acceptable,
ECG_CH1,541,2018-04-11 21:00:32,2018-04-11 21:00:47,15,3000,200,0.557660,0.605730,0.000000,1.000000,Barely acceptable,
ECG_CH1,542,2018-04-11 21:00:47,2018-04-11 21:01:02,15,3000,200,0.602093,0.658193,0.000000,1.000000,Barely acceptable,
ECG_CH1,543,2018-04-11 21:01:02,2018-04-11 21:01:17,15,3000,200,0.770671,0.839490,0.000000,1.000000,Barely acceptable,
ECG_CH1,544,2018-04-11 21:01:17,2018-04-11 21:01:32,15,3000,200,0.648796,0.759016,0.000000,1.000000,Barely acceptable,
ECG_CH1,545,2018-04-11 21:01:32,2018-04-11 21:01:47,15,3000,200,0.787113,0.854719,0.000000,1.000000,Barely acceptable,
ECG_CH1,546,2018-04-11 21:01:47,2018-04-11 21:02:02,15,3000,200,0.776370,0.902140,0.000000,1.000000,Barely acceptable,
ECG_CH1,547,2018-04-11 21:02:02,2018-04-11 21:02:17,15,3000,200,0.696720,0.802049,0.000000,1.000000,Barely acceptable,
ECG_CH1,548,2018-04-11 21:02:17,2018-04-11 21:02:32,15,3000,200,0.642189,0.661207,0.000000,1.000000,Barely acceptable,
ECG_CH1,549,2018-04-11 21:02:32,2018-04-11 21:02:47,15,3000,200,0.728781,0.771703,0.000000,1.000000,Barely acceptable,
ECG_CH1,550,2018-04-11 21:02:47,2018-04-11 21:03:02,15,3000,200,0.572166,0.565398,0.000000,1.000000,Barely acceptable,
ECG_CH1,551,2018-04-11 21:03:02,2018-04-11 21:03:17,15,3000,200,0.699493,0.779337,0.000000,1.000000,Barely acceptable,
ECG_CH1,552,2018-04-11 21:03:17,2018-04-11 21:03:32,15,3000,200,0.758712,0.817022,0.000000,1.000000,Barely acceptable,
ECG_CH1,553,2018-04-11 21:03:32,2018-04-11 21:03:47,15,3000,200,0.546886,0.541829,0.000000,1.000000,Barely acceptable,
ECG_CH1,554,2018-04-11 21:03:47,2018-04-11 21:04:02,15,3000,200,0.488697,0.526794,0.000000,1.000000,Barely acceptable,
ECG_CH1,555,2018-04-11 21:04:02,2018-04-11 21:04:17,15,3000,200,0.542591,0.465069,0.000000,1.000000,Barely acceptable,
ECG_CH1,556,2018-04-11 21:04:17,2018-04-11 21:04:32,15,3000,200,0.530936,0.623640,0.000000,1.000000,Barely acceptable,
ECG_CH1,557,2018-04-11 21:04:32,2018-04-11 21:04:47,15,3000,200,0.825249,0.895718,0.000000,1.000000,Barely acceptable,
ECG_CH1,558,2018-04-11 21:04:47,2018-04-11 21:05:02,15,3000,200,0.831699,0.887235,0.000000,1.000000,Barely acceptable,
ECG_CH1,559,2018-04-11 21:05:02,2018-04-11 21:05:17,15,3000,200,0.796769,0.885561,0.000000,1.000000,Barely acceptable,
ECG_CH1,560,2018-04-11 21:05:17,2018-04-11 21:05:32,15,3000,200,0.780227,0.875986,0.000000,1.000000,Barely acceptable,
ECG_CH1,561,2018-04-11 21:05:32,2018-04-11 21:05:47,15,3000,200,0.668149,0.736454,0.000000,1.000000,Barely acceptable,
ECG_CH1,562,2018-04-11 21:05:47,2018-04-11 21:06:02,15,3000,200,0.785500,0.877884,0.000000,1.000000,Barely acceptable,
ECG_CH1,563,2018-04-11 21:06:02,2018-04-11 21:06:17,15,3000,200,0.583882,0.621915,0.000000,1.000000,Barely acceptable,
ECG_CH1,564,2018-04-11 21:06:17,2018-04-11 21:06:32,15,3000,200,0.717755,0.790560,0.000000,1.000000,Barely acceptable,
ECG_CH1,565,2018-04-11 21:06:32,2018-04-11 21:06:47,15,3000,200,0.546943,0.587826,0.000000,1.000000,Barely acceptable,
ECG_CH1,566,2018-04-11 21:06:47,2018-04-11 21:07:02,15,3000,200,0.718844,0.752763,0.000000,1.000000,Barely acceptable,
ECG_CH1,567,2018-04-11 21:07:02,2018-04-11 21:07:17,15,3000,200,0.683818,0.839276,0.000000,1.000000,Barely acceptable,
ECG_CH1,568,2018-04-11 21:07:17,2018-04-11 21:07:32,15,3000,200,0.528276,0.546090,0.000000,1.000000,Barely acceptable,
ECG_CH1,569,2018-04-11 21:07:32,2018-04-11 21:07:47,15,3000,200,0.504168,0.580992,0.000000,1.000000,Barely acceptable,
ECG_CH1,570,2018-04-11 21:07:47,2018-04-11 21:08:02,15,3000,200,0.803228,0.878422,0.000000,1.000000,Barely acceptable,
ECG_CH1,571,2018-04-11 21:08:02,2018-04-11 21:08:17,15,3000,200,0.796556,0.948200,0.000000,1.000000,Barely acceptable,
ECG_CH1,572,2018-04-11 21:08:17,2018-04-11 21:08:32,15,3000,200,0.861162,0.925913,0.000000,1.000000,Barely acceptable,
ECG_CH1,573,2018-04-11 21:08:32,2018-04-11 21:08:47,15,3000,200,0.619561,0.729465,0.000000,1.000000,Barely acceptable,
ECG_CH1,574,2018-04-11 21:08:47,2018-04-11 21:09:02,15,3000,200,0.778587,0.893115,0.000000,1.000000,Barely acceptable,
ECG_CH1,575,2018-04-11 21:09:02,2018-04-11 21:09:17,15,3000,200,0.754258,0.858009,0.000000,1.000000,Barely acceptable,
ECG_CH1,576,2018-04-11 21:09:17,2018-04-11 21:09:32,15,3000,200,0.709372,0.811487,0.000000,1.000000,Barely acceptable,
ECG_CH1,577,2018-04-11 21:09:32,2018-04-11 21:09:47,15,3000,200,0.745685,0.791999,0.000000,1.000000,Barely acceptable,
ECG_CH1,578,2018-04-11 21:09:47,2018-04-11 21:10:02,15,3000,200,0.785278,0.841935,0.000000,1.000000,Barely acceptable,
ECG_CH1,579,2018-04-11 21:10:02,2018-04-11 21:10:17,15,3000,200,0.760709,0.866086,0.000000,1.000000,Barely acceptable,
ECG_CH1,580,2018-04-11 21:10:17,2018-04-11 21:10:32,15,3000,200,0.824681,0.891690,0.000000,1.000000,Barely acceptable,
ECG_CH1,581,2018-04-11 21:10:32,2018-04-11 21:10:47,15,3000,200,0.789388,0.908960,0.000000,1.000000,Barely acceptable,
ECG_CH1,582,2018-04-11 21:10:47,2018-04-11 21:11:02,15,3000,200,0.615729,0.655798,0.000000,1.000000,Barely acceptable,
ECG_CH1,583,2018-04-11 21:11:02,2018-04-11 21:11:17,15,3000,200,0.741890,0.872600,0.000000,1.000000,Barely acceptable,
ECG_CH1,584,2018-04-11 21:11:17,2018-04-11 21:11:32,15,3000,200,0.640360,0.726544,0.000000,1.000000,Barely acceptable,
ECG_CH1,585,2018-04-11 21:11:32,2018-04-11 21:11:47,15,3000,200,0.762221,0.905525,0.000000,1.000000,Barely acceptable,
ECG_CH1,586,2018-04-11 21:11:47,2018-04-11 21:12:02,15,3000,200,0.692225,0.745845,0.000000,1.000000,Barely acceptable,
ECG_CH1,587,2018-04-11 21:12:02,2018-04-11 21:12:17,15,3000,200,0.799355,0.910391,0.000000,1.000000,Barely acceptable,
ECG_CH1,588,2018-04-11 21:12:17,2018-04-11 21:12:32,15,3000,200,0.735112,0.786748,0.000000,1.000000,Barely acceptable,
ECG_CH1,589,2018-04-11 21:12:32,2018-04-11 21:12:47,15,3000,200,0.766424,0.888306,0.000000,1.000000,Barely acceptable,
ECG_CH1,590,2018-04-11 21:12:47,2018-04-11 21:13:02,15,3000,200,0.815104,0.907233,0.000000,1.000000,Barely acceptable,
ECG_CH1,591,2018-04-11 21:13:02,2018-04-11 21:13:17,15,3000,200,0.755033,0.839461,0.000000,1.000000,Barely acceptable,
ECG_CH1,592,2018-04-11 21:13:17,2018-04-11 21:13:32,15,3000,200,0.690245,0.791568,0.000000,1.000000,Barely acceptable,
ECG_CH1,593,2018-04-11 21:13:32,2018-04-11 21:13:47,15,3000,200,0.685000,0.716409,0.000000,1.000000,Barely acceptable,
ECG_CH1,594,2018-04-11 21:13:47,2018-04-11 21:14:02,15,3000,200,0.654101,0.714575,0.000000,1.000000,Barely acceptable,
ECG_CH1,595,2018-04-11 21:14:02,2018-04-11 21:14:17,15,3000,200,0.743545,0.863380,0.000000,1.000000,Barely acceptable,
ECG_CH1,596,2018-04-11 21:14:17,2018-04-11 21:14:32,15,3000,200,0.817259,0.867615,0.000000,1.000000,Barely acceptable,
ECG_CH1,597,2018-04-11 21:14:32,2018-04-11 21:14:47,15,3000,200,0.733170,0.835826,0.000000,1.000000,Barely acceptable,
ECG_CH1,598,2018-04-11 21:14:47,2018-04-11 21:15:02,15,3000,200,0.565168,0.653865,0.000000,1.000000,Barely acceptable,
ECG_CH1,599,2018-04-11 21:15:02,2018-04-11 21:15:17,15,3000,200,0.656440,0.749788,0.000000,1.000000,Barely acceptable,
ECG_CH1,600,2018-04-11 21:15:17,2018-04-11 21:15:32,15,3000,200,0.652177,0.702219,0.000000,1.000000,Barely acceptable,
ECG_CH1,601,2018-04-11 21:15:32,2018-04-11 21:15:47,15,3000,200,0.643799,0.745735,0.000000,1.000000,Barely acceptable,
ECG_CH1,602,2018-04-11 21:15:47,2018-04-11 21:16:02,15,3000,200,0.643232,0.688907,0.000000,1.000000,Barely acceptable,
ECG_CH1,603,2018-04-11 21:16:02,2018-04-11 21:16:17,15,3000,200,0.760439,0.886205,0.000000,1.000000,Barely acceptable,
ECG_CH1,604,2018-04-11 21:16:17,2018-04-11 21:16:32,15,3000,200,0.730649,0.809892,0.000000,1.000000,Barely acceptable,
ECG_CH1,605,2018-04-11 21:16:32,2018-04-11 21:16:47,15,3000,200,0.745530,0.837041,0.000000,1.000000,Barely acceptable,
ECG_CH1,606,2018-04-11 21:16:47,2018-04-11 21:17:02,15,3000,200,0.607827,0.736152,0.000000,1.000000,Barely acceptable,
ECG_CH1,607,2018-04-11 21:17:02,2018-04-11 21:17:17,15,3000,200,0.781081,0.876008,0.000000,1.000000,Barely acceptable,
ECG_CH1,608,2018-04-11 21:17:17,2018-04-11 21:17:32,15,3000,200,0.778631,0.881011,0.000000,1.000000,Barely acceptable,
ECG_CH1,609,2018-04-11 21:17:32,2018-04-11 21:17:47,15,3000,200,0.647493,0.758381,0.000000,1.000000,Barely acceptable,
ECG_CH1,610,2018-04-11 21:17:47,2018-04-11 21:18:02,15,3000,200,0.736134,0.844125,0.000000,1.000000,Barely acceptable,
ECG_CH1,611,2018-04-11 21:18:02,2018-04-11 21:18:17,15,3000,200,0.646505,0.723102,0.000000,1.000000,Barely acceptable,
ECG_CH1,612,2018-04-11 21:18:17,2018-04-11 21:18:32,15,3000,200,0.628661,0.704554,0.000000,1.000000,Barely acceptable,
ECG_CH1,613,2018-04-11 21:18:32,2018-04-11 21:18:47,15,3000,200,0.791412,0.860123,0.000000,1.000000,Barely acceptable,
ECG_CH1,614,2018-04-11 21:18:47,2018-04-11 21:19:02,15,3000,200,0.556323,0.566444,0.000000,1.000000,Barely acceptable,
ECG_CH1,615,2018-04-11 21:19:02,2018-04-11 21:19:17,15,3000,200,0.646266,0.765062,0.000000,1.000000,Barely acceptable,
ECG_CH1,616,2018-04-11 21:19:17,2018-04-11 21:19:32,15,3000,200,0.707412,0.782495,0.000000,1.000000,Barely acceptable,
ECG_CH1,617,2018-04-11 21:19:32,2018-04-11 21:19:47,15,3000,200,0.584836,0.673306,0.000000,1.000000,Barely acceptable,
ECG_CH1,618,2018-04-11 21:19:47,2018-04-11 21:20:02,15,3000,200,0.569074,0.647080,0.000000,1.000000,Barely acceptable,
ECG_CH1,619,2018-04-11 21:20:02,2018-04-11 21:20:17,15,3000,200,0.800133,0.903791,0.000000,1.000000,Barely acceptable,
ECG_CH1,620,2018-04-11 21:20:17,2018-04-11 21:20:32,15,3000,200,0.699447,0.774410,0.000000,1.000000,Barely acceptable,
ECG_CH1,621,2018-04-11 21:20:32,2018-04-11 21:20:47,15,3000,200,0.692912,0.703898,0.000000,1.000000,Barely acceptable,
ECG_CH1,622,2018-04-11 21:20:47,2018-04-11 21:21:02,15,3000,200,0.790514,0.844410,0.000000,1.000000,Barely acceptable,
ECG_CH1,623,2018-04-11 21:21:02,2018-04-11 21:21:17,15,3000,200,0.625577,0.607656,0.000000,1.000000,Barely acceptable,
ECG_CH1,624,2018-04-11 21:21:17,2018-04-11 21:21:32,15,3000,200,0.672959,0.726275,0.000000,1.000000,Barely acceptable,
ECG_CH1,625,2018-04-11 21:21:32,2018-04-11 21:21:47,15,3000,200,0.737260,0.846812,0.000000,1.000000,Barely acceptable,
ECG_CH1,626,2018-04-11 21:21:47,2018-04-11 21:22:02,15,3000,200,0.828834,0.943973,0.000000,1.000000,Barely acceptable,
ECG_CH1,627,2018-04-11 21:22:02,2018-04-11 21:22:17,15,3000,200,0.730584,0.809189,0.000000,1.000000,Barely acceptable,
ECG_CH1,628,2018-04-11 21:22:17,2018-04-11 21:22:32,15,3000,200,0.671134,0.713367,0.000000,1.000000,Barely acceptable,
ECG_CH1,629,2018-04-11 21:22:32,2018-04-11 21:22:47,15,3000,200,0.749419,0.836891,0.000000,1.000000,Barely acceptable,
ECG_CH1,630,2018-04-11 21:22:47,2018-04-11 21:23:02,15,3000,200,0.808703,0.901879,0.000000,1.000000,Barely acceptable,
ECG_CH1,631,2018-04-11 21:23:02,2018-04-11 21:23:17,15,3000,200,0.802105,0.896952,0.000000,1.000000,Barely acceptable,
ECG_CH1,632,2018-04-11 21:23:17,2018-04-11 21:23:32,15,3000,200,0.779992,0.832756,0.000000,1.000000,Barely acceptable,
ECG_CH1,633,2018-04-11 21:23:32,2018-04-11 21:23:47,15,3000,200,0.537014,0.597202,0.000000,1.000000,Barely acceptable,
ECG_CH1,634,2018-04-11 21:23:47,2018-04-11 21:24:02,15,3000,200,0.726105,0.798869,0.000000,1.000000,Barely acceptable,
ECG_CH1,635,2018-04-11 21:24:02,2018-04-11 21:24:17,15,3000,200,0.776010,0.926426,0.000000,1.000000,Barely acceptable,
ECG_CH1,636,2018-04-11 21:24:17,2018-04-11 21:24:32,15,3000,200,0.726004,0.826174,0.000000,1.000000,Barely acceptable,
ECG_CH1,637,2018-04-11 21:24:32,2018-04-11 21:24:47,15,3000,200,0.602095,0.612983,0.000000,1.000000,Barely acceptable,
ECG_CH1,638,2018-04-11 21:24:47,2018-04-11 21:25:02,15,3000,200,0.830953,0.942413,0.000000,1.000000,Barely acceptable,
ECG_CH1,639,2018-04-11 21:25:02,2018-04-11 21:25:17,15,3000,200,0.666186,0.784027,0.000000,1.000000,Barely acceptable,
ECG_CH1,640,2018-04-11 21:25:17,2018-04-11 21:25:32,15,3000,200,0.679131,0.681099,0.000000,1.000000,Barely acceptable,
ECG_CH1,641,2018-04-11 21:25:32,2018-04-11 21:25:47,15,3000,200,0.535910,0.586703,0.000000,1.000000,Barely acceptable,
ECG_CH1,642,2018-04-11 21:25:47,2018-04-11 21:26:02,15,3000,200,0.639027,0.755677,0.000000,1.000000,Barely acceptable,
ECG_CH1,643,2018-04-11 21:26:02,2018-04-11 21:26:17,15,3000,200,0.624700,0.653645,0.000000,1.000000,Barely acceptable,
ECG_CH1,644,2018-04-11 21:26:17,2018-04-11 21:26:32,15,3000,200,0.616466,0.624347,0.000000,1.000000,Barely acceptable,
ECG_CH1,645,2018-04-11 21:26:32,2018-04-11 21:26:47,15,3000,200,0.761884,0.879406,0.000000,1.000000,Barely acceptable,
ECG_CH1,646,2018-04-11 21:26:47,2018-04-11 21:27:02,15,3000,200,0.774467,0.956882,0.000000,1.000000,Barely acceptable,
ECG_CH1,647,2018-04-11 21:27:02,2018-04-11 21:27:17,15,3000,200,0.596640,0.663056,0.000000,1.000000,Barely acceptable,
ECG_CH1,648,2018-04-11 21:27:17,2018-04-11 21:27:32,15,3000,200,0.825867,0.872956,0.000000,1.000000,Barely acceptable,
ECG_CH1,649,2018-04-11 21:27:32,2018-04-11 21:27:47,15,3000,200,0.806828,0.849152,0.000000,1.000000,Barely acceptable,
ECG_CH1,650,2018-04-11 21:27:47,2018-04-11 21:28:02,15,3000,200,0.796250,0.894900,0.000000,1.000000,Barely acceptable,
ECG_CH1,651,2018-04-11 21:28:02,2018-04-11 21:28:17,15,3000,200,0.827645,0.907747,0.000000,1.000000,Barely acceptable,
ECG_CH1,652,2018-04-11 21:28:17,2018-04-11 21:28:32,15,3000,200,0.718794,0.826211,0.000000,1.000000,Barely acceptable,
ECG_CH1,653,2018-04-11 21:28:32,2018-04-11 21:28:47,15,3000,200,0.730994,0.779101,0.000000,1.000000,Barely acceptable,
ECG_CH1,654,2018-04-11 21:28:47,2018-04-11 21:29:02,15,3000,200,0.832867,0.912691,0.000000,1.000000,Barely acceptable,
ECG_CH1,655,2018-04-11 21:29:02,2018-04-11 21:29:17,15,3000,200,0.820699,0.889808,0.000000,1.000000,Barely acceptable,
ECG_CH1,656,2018-04-11 21:29:17,2018-04-11 21:29:32,15,3000,200,0.737277,0.845274,0.000000,1.000000,Barely acceptable,
ECG_CH1,657,2018-04-11 21:29:32,2018-04-11 21:29:47,15,3000,200,0.603133,0.650453,0.000000,1.000000,Barely acceptable,
ECG_CH1,658,2018-04-11 21:29:47,2018-04-11 21:30:02,15,3000,200,0.773526,0.902700,0.000000,1.000000,Barely acceptable,
ECG_CH1,659,2018-04-11 21:30:02,2018-04-11 21:30:17,15,3000,200,0.695477,0.831635,0.000000,1.000000,Barely acceptable,
ECG_CH1,660,2018-04-11 21:30:17,2018-04-11 21:30:32,15,3000,200,0.600812,0.620755,0.000000,1.000000,Barely acceptable,
ECG_CH1,661,2018-04-11 21:30:32,2018-04-11 21:30:47,15,3000,200,0.720748,0.777866,0.000000,1.000000,Barely acceptable,
ECG_CH1,662,2018-04-11 21:30:47,2018-04-11 21:31:02,15,3000,200,0.691010,0.753886,0.000000,1.000000,Barely acceptable,
ECG_CH1,663,2018-04-11 21:31:02,2018-04-11 21:31:17,15,3000,200,0.813448,0.855316,0.000000,1.000000,Barely acceptable,
ECG_CH1,664,2018-04-11 21:31:17,2018-04-11 21:31:32,15,3000,200,0.754915,0.832931,0.000000,1.000000,Barely acceptable,
ECG_CH1,665,2018-04-11 21:31:32,2018-04-11 21:31:47,15,3000,200,0.677057,0.734762,0.000000,1.000000,Barely acceptable,
ECG_CH1,666,2018-04-11 21:31:47,2018-04-11 21:32:02,15,3000,200,0.611707,0.689645,0.000000,1.000000,Barely acceptable,
ECG_CH1,667,2018-04-11 21:32:02,2018-04-11 21:32:17,15,3000,200,0.778889,0.869338,0.000000,1.000000,Barely acceptable,
ECG_CH1,668,2018-04-11 21:32:17,2018-04-11 21:32:32,15,3000,200,0.759083,0.772810,0.000000,1.000000,Barely acceptable,
ECG_CH1,669,2018-04-11 21:32:32,2018-04-11 21:32:47,15,3000,200,0.761064,0.869861,0.000000,1.000000,Barely acceptable,
ECG_CH1,670,2018-04-11 21:32:47,2018-04-11 21:33:02,15,3000,200,0.569966,0.615254,0.000000,1.000000,Barely acceptable,
ECG_CH1,671,2018-04-11 21:33:02,2018-04-11 21:33:17,15,3000,200,0.650772,0.804305,0.000000,1.000000,Barely acceptable,
ECG_CH1,672,2018-04-11 21:33:17,2018-04-11 21:33:32,15,3000,200,0.751317,0.907934,0.000000,1.000000,Barely acceptable,
ECG_CH1,673,2018-04-11 21:33:32,2018-04-11 21:33:47,15,3000,200,0.787073,0.918131,0.000000,1.000000,Barely acceptable,
ECG_CH1,674,2018-04-11 21:33:47,2018-04-11 21:34:02,15,3000,200,0.693970,0.803052,0.000000,1.000000,Barely acceptable,
ECG_CH1,675,2018-04-11 21:34:02,2018-04-11 21:34:17,15,3000,200,0.712394,0.828558,0.000000,1.000000,Barely acceptable,
ECG_CH1,676,2018-04-11 21:34:17,2018-04-11 21:34:32,15,3000,200,0.664976,0.680322,0.000000,1.000000,Barely acceptable,
ECG_CH1,677,2018-04-11 21:34:32,2018-04-11 21:34:47,15,3000,200,0.761711,0.740872,0.000000,1.000000,Barely acceptable,
ECG_CH1,678,2018-04-11 21:34:47,2018-04-11 21:35:02,15,3000,200,0.486379,0.415227,0.000000,1.000000,Barely acceptable,
ECG_CH1,679,2018-04-11 21:35:02,2018-04-11 21:35:17,15,3000,200,0.595608,0.721705,0.000000,1.000000,Barely acceptable,
ECG_CH1,680,2018-04-11 21:35:17,2018-04-11 21:35:32,15,3000,200,0.676421,0.695610,0.000000,1.000000,Barely acceptable,
ECG_CH1,681,2018-04-11 21:35:32,2018-04-11 21:35:47,15,3000,200,0.812320,0.893787,0.000000,1.000000,Barely acceptable,
ECG_CH1,682,2018-04-11 21:35:47,2018-04-11 21:36:02,15,3000,200,0.689705,0.806013,0.000000,1.000000,Barely acceptable,
ECG_CH1,683,2018-04-11 21:36:02,2018-04-11 21:36:17,15,3000,200,0.623305,0.714050,0.000000,1.000000,Barely acceptable,
ECG_CH1,684,2018-04-11 21:36:17,2018-04-11 21:36:32,15,3000,200,0.796476,0.919561,0.000000,1.000000,Barely acceptable,
ECG_CH1,685,2018-04-11 21:36:32,2018-04-11 21:36:47,15,3000,200,0.729320,0.825697,0.000000,1.000000,Barely acceptable,
ECG_CH1,686,2018-04-11 21:36:47,2018-04-11 21:37:02,15,3000,200,0.790880,0.821918,0.000000,1.000000,Barely acceptable,
ECG_CH1,687,2018-04-11 21:37:02,2018-04-11 21:37:17,15,3000,200,0.812612,0.883827,0.000000,1.000000,Barely acceptable,
ECG_CH1,688,2018-04-11 21:37:17,2018-04-11 21:37:32,15,3000,200,0.622495,0.748067,0.000000,1.000000,Barely acceptable,
ECG_CH1,689,2018-04-11 21:37:32,2018-04-11 21:37:47,15,3000,200,0.767329,0.828192,0.000000,1.000000,Barely acceptable,
ECG_CH1,690,2018-04-11 21:37:47,2018-04-11 21:38:02,15,3000,200,0.750749,0.818647,0.000000,1.000000,Barely acceptable,
ECG_CH1,691,2018-04-11 21:38:02,2018-04-11 21:38:17,15,3000,200,0.744514,0.814349,0.000000,1.000000,Barely acceptable,
ECG_CH1,692,2018-04-11 21:38:17,2018-04-11 21:38:32,15,3000,200,0.744567,0.852987,0.000000,1.000000,Barely acceptable,
ECG_CH1,693,2018-04-11 21:38:32,2018-04-11 21:38:47,15,3000,200,0.734302,0.867526,0.000000,1.000000,Barely acceptable,
ECG_CH1,694,2018-04-11 21:38:47,2018-04-11 21:39:02,15,3000,200,0.700464,0.797718,0.000000,1.000000,Barely acceptable,
ECG_CH1,695,2018-04-11 21:39:02,2018-04-11 21:39:17,15,3000,200,0.685044,0.736855,0.000000,1.000000,Barely acceptable,
ECG_CH1,696,2018-04-11 21:39:17,2018-04-11 21:39:32,15,3000,200,0.729299,0.878616,0.000000,1.000000,Barely acceptable,
ECG_CH1,697,2018-04-11 21:39:32,2018-04-11 21:39:47,15,3000,200,0.841275,0.915834,0.000000,1.000000,Barely acceptable,
ECG_CH1,698,2018-04-11 21:39:47,2018-04-11 21:40:02,15,3000,200,0.658899,0.792100,0.000000,1.000000,Barely acceptable,
ECG_CH1,699,2018-04-11 21:40:02,2018-04-11 21:40:17,15,3000,200,0.710459,0.878355,0.000000,1.000000,Barely acceptable,
ECG_CH1,700,2018-04-11 21:40:17,2018-04-11 21:40:32,15,3000,200,0.636762,0.611507,0.000000,1.000000,Barely acceptable,
ECG_CH1,701,2018-04-11 21:40:32,2018-04-11 21:40:47,15,3000,200,0.640526,0.691720,0.000000,1.000000,Barely acceptable,
ECG_CH1,702,2018-04-11 21:40:47,2018-04-11 21:41:02,15,3000,200,0.628286,0.658643,0.000000,1.000000,Barely acceptable,
ECG_CH1,703,2018-04-11 21:41:02,2018-04-11 21:41:17,15,3000,200,0.686439,0.782174,0.000000,1.000000,Barely acceptable,
ECG_CH1,704,2018-04-11 21:41:17,2018-04-11 21:41:32,15,3000,200,0.788565,0.874048,0.000000,1.000000,Barely acceptable,
ECG_CH1,705,2018-04-11 21:41:32,2018-04-11 21:41:47,15,3000,200,0.662801,0.787442,0.000000,1.000000,Barely acceptable,
ECG_CH1,706,2018-04-11 21:41:47,2018-04-11 21:42:02,15,3000,200,0.664559,0.686509,0.000000,1.000000,Barely acceptable,
ECG_CH1,707,2018-04-11 21:42:02,2018-04-11 21:42:17,15,3000,200,0.808330,0.912957,0.000000,1.000000,Barely acceptable,
ECG_CH1,708,2018-04-11 21:42:17,2018-04-11 21:42:32,15,3000,200,0.588527,0.650995,0.000000,1.000000,Barely acceptable,
ECG_CH1,709,2018-04-11 21:42:32,2018-04-11 21:42:47,15,3000,200,0.695351,0.744422,0.000000,1.000000,Barely acceptable,
ECG_CH1,710,2018-04-11 21:42:47,2018-04-11 21:43:02,15,3000,200,0.626436,0.692392,0.000000,1.000000,Barely acceptable,
ECG_CH1,711,2018-04-11 21:43:02,2018-04-11 21:43:17,15,3000,200,0.610518,0.755072,0.000000,1.000000,Barely acceptable,
ECG_CH1,712,2018-04-11 21:43:17,2018-04-11 21:43:32,15,3000,200,0.783164,0.862791,0.000000,1.000000,Barely acceptable,
ECG_CH1,713,2018-04-11 21:43:32,2018-04-11 21:43:47,15,3000,200,0.767951,0.827665,0.000000,1.000000,Barely acceptable,
ECG_CH1,714,2018-04-11 21:43:47,2018-04-11 21:44:02,15,3000,200,0.723384,0.797862,0.000000,1.000000,Barely acceptable,
ECG_CH1,715,2018-04-11 21:44:02,2018-04-11 21:44:17,15,3000,200,0.750631,0.836304,0.000000,1.000000,Barely acceptable,
ECG_CH1,716,2018-04-11 21:44:17,2018-04-11 21:44:32,15,3000,200,0.804859,0.912580,0.000000,1.000000,Barely acceptable,
ECG_CH1,717,2018-04-11 21:44:32,2018-04-11 21:44:47,15,3000,200,0.663976,0.747626,0.000000,1.000000,Barely acceptable,
ECG_CH1,718,2018-04-11 21:44:47,2018-04-11 21:45:02,15,3000,200,0.687536,0.691371,0.000000,1.000000,Barely acceptable,
ECG_CH1,719,2018-04-11 21:45:02,2018-04-11 21:45:17,15,3000,200,0.706497,0.715165,0.000000,1.000000,Barely acceptable,
ECG_CH1,720,2018-04-11 21:45:17,2018-04-11 21:45:32,15,3000,200,0.644310,0.724648,0.000000,1.000000,Barely acceptable,
ECG_CH1,721,2018-04-11 21:45:32,2018-04-11 21:45:47,15,3000,200,0.576046,0.607777,0.000000,1.000000,Barely acceptable,
ECG_CH1,722,2018-04-11 21:45:47,2018-04-11 21:46:02,15,3000,200,0.699813,0.794154,0.000000,1.000000,Barely acceptable,
ECG_CH1,723,2018-04-11 21:46:02,2018-04-11 21:46:17,15,3000,200,0.671237,0.648093,0.000000,1.000000,Barely acceptable,
ECG_CH1,724,2018-04-11 21:46:17,2018-04-11 21:46:32,15,3000,200,0.685714,0.778553,0.000000,1.000000,Barely acceptable,
ECG_CH1,725,2018-04-11 21:46:32,2018-04-11 21:46:47,15,3000,200,0.749536,0.815388,0.000000,1.000000,Barely acceptable,
ECG_CH1,726,2018-04-11 21:46:47,2018-04-11 21:47:02,15,3000,200,0.756103,0.892196,0.000000,1.000000,Barely acceptable,
ECG_CH1,727,2018-04-11 21:47:02,2018-04-11 21:47:17,15,3000,200,0.718031,0.824709,0.000000,1.000000,Barely acceptable,
ECG_CH1,728,2018-04-11 21:47:17,2018-04-11 21:47:32,15,3000,200,0.653795,0.803273,0.000000,1.000000,Barely acceptable,
ECG_CH1,729,2018-04-11 21:47:32,2018-04-11 21:47:47,15,3000,200,0.697560,0.797199,0.000000,1.000000,Barely acceptable,
ECG_CH1,730,2018-04-11 21:47:47,2018-04-11 21:48:02,15,3000,200,0.622731,0.725110,0.000000,1.000000,Barely acceptable,
ECG_CH1,731,2018-04-11 21:48:02,2018-04-11 21:48:17,15,3000,200,0.478813,0.395270,0.000000,1.000000,Barely acceptable,
ECG_CH1,732,2018-04-11 21:48:17,2018-04-11 21:48:32,15,3000,200,0.727977,0.815814,0.000000,1.000000,Barely acceptable,
ECG_CH1,733,2018-04-11 21:48:32,2018-04-11 21:48:47,15,3000,200,0.851785,0.973656,0.000000,1.000000,Barely acceptable,
ECG_CH1,734,2018-04-11 21:48:47,2018-04-11 21:49:02,15,3000,200,0.633146,0.626583,0.000000,1.000000,Barely acceptable,
ECG_CH1,735,2018-04-11 21:49:02,2018-04-11 21:49:17,15,3000,200,0.715401,0.839236,0.000000,1.000000,Barely acceptable,
ECG_CH1,736,2018-04-11 21:49:17,2018-04-11 21:49:32,15,3000,200,0.659058,0.822457,0.000000,1.000000,Barely acceptable,
ECG_CH1,737,2018-04-11 21:49:32,2018-04-11 21:49:47,15,3000,200,0.651484,0.722532,0.000000,1.000000,Barely acceptable,
ECG_CH1,738,2018-04-11 21:49:47,2018-04-11 21:50:02,15,3000,200,0.727659,0.819017,0.000000,1.000000,Barely acceptable,
ECG_CH1,739,2018-04-11 21:50:02,2018-04-11 21:50:17,15,3000,200,0.836206,0.920503,0.000000,1.000000,Barely acceptable,
ECG_CH1,740,2018-04-11 21:50:17,2018-04-11 21:50:32,15,3000,200,0.628803,0.751331,0.000000,1.000000,Barely acceptable,
ECG_CH1,741,2018-04-11 21:50:32,2018-04-11 21:50:47,15,3000,200,0.812259,0.866484,0.000000,1.000000,Barely acceptable,
ECG_CH1,742,2018-04-11 21:50:47,2018-04-11 21:51:02,15,3000,200,0.786212,0.863598,0.000000,1.000000,Barely acceptable,
ECG_CH1,743,2018-04-11 21:51:02,2018-04-11 21:51:17,15,3000,200,0.656037,0.771019,0.000000,1.000000,Barely acceptable,
ECG_CH1,744,2018-04-11 21:51:17,2018-04-11 21:51:32,15,3000,200,0.654353,0.763727,0.000000,1.000000,Barely acceptable,
ECG_CH1,745,2018-04-11 21:51:32,2018-04-11 21:51:47,15,3000,200,0.671514,0.748609,0.000000,1.000000,Barely acceptable,
ECG_CH1,746,2018-04-11 21:51:47,2018-04-11 21:52:02,15,3000,200,0.797841,0.924952,0.000000,1.000000,Barely acceptable,
ECG_CH1,747,2018-04-11 21:52:02,2018-04-11 21:52:17,15,3000,200,0.622417,0.734944,0.000000,1.000000,Barely acceptable,
ECG_CH1,748,2018-04-11 21:52:17,2018-04-11 21:52:32,15,3000,200,0.600754,0.590249,0.000000,1.000000,Barely acceptable,
ECG_CH1,749,2018-04-11 21:52:32,2018-04-11 21:52:47,15,3000,200,0.743551,0.795662,0.000000,1.000000,Barely acceptable,
ECG_CH1,750,2018-04-11 21:52:47,2018-04-11 21:53:02,15,3000,200,0.761368,0.878122,0.000000,1.000000,Barely acceptable,
ECG_CH1,751,2018-04-11 21:53:02,2018-04-11 21:53:17,15,3000,200,0.623821,0.680733,0.000000,1.000000,Barely acceptable,
ECG_CH1,752,2018-04-11 21:53:17,2018-04-11 21:53:32,15,3000,200,0.828024,0.887103,0.000000,1.000000,Barely acceptable,
ECG_CH1,753,2018-04-11 21:53:32,2018-04-11 21:53:47,15,3000,200,0.728432,0.871195,0.000000,1.000000,Barely acceptable,
ECG_CH1,754,2018-04-11 21:53:47,2018-04-11 21:54:02,15,3000,200,0.772580,0.895123,0.000000,1.000000,Barely acceptable,
ECG_CH1,755,2018-04-11 21:54:02,2018-04-11 21:54:17,15,3000,200,0.617217,0.806611,0.000000,1.000000,Barely acceptable,
ECG_CH1,756,2018-04-11 21:54:17,2018-04-11 21:54:32,15,3000,200,0.797890,0.848091,0.000000,1.000000,Barely acceptable,
ECG_CH1,757,2018-04-11 21:54:32,2018-04-11 21:54:47,15,3000,200,0.803812,0.910510,0.000000,1.000000,Barely acceptable,
ECG_CH1,758,2018-04-11 21:54:47,2018-04-11 21:55:02,15,3000,200,0.577177,0.616792,0.000000,1.000000,Barely acceptable,
ECG_CH1,759,2018-04-11 21:55:02,2018-04-11 21:55:17,15,3000,200,0.503162,0.553148,0.000000,1.000000,Barely acceptable,
ECG_CH1,760,2018-04-11 21:55:17,2018-04-11 21:55:32,15,3000,200,0.678289,0.712909,0.000000,1.000000,Barely acceptable,
ECG_CH1,761,2018-04-11 21:55:32,2018-04-11 21:55:47,15,3000,200,0.626929,0.800261,0.000000,1.000000,Barely acceptable,
ECG_CH1,762,2018-04-11 21:55:47,2018-04-11 21:56:02,15,3000,200,0.795153,0.850305,0.000000,1.000000,Barely acceptable,
ECG_CH1,763,2018-04-11 21:56:02,2018-04-11 21:56:17,15,3000,200,0.841394,0.933527,0.000000,1.000000,Barely acceptable,
ECG_CH1,764,2018-04-11 21:56:17,2018-04-11 21:56:32,15,3000,200,0.836941,0.953251,0.000000,1.000000,Barely acceptable,
ECG_CH1,765,2018-04-11 21:56:32,2018-04-11 21:56:47,15,3000,200,0.783836,0.938918,0.000000,1.000000,Barely acceptable,
ECG_CH1,766,2018-04-11 21:56:47,2018-04-11 21:57:02,15,3000,200,0.635893,0.700324,0.000000,1.000000,Barely acceptable,
ECG_CH1,767,2018-04-11 21:57:02,2018-04-11 21:57:17,15,3000,200,0.600744,0.704059,0.000000,1.000000,Barely acceptable,
ECG_CH1,768,2018-04-11 21:57:17,2018-04-11 21:57:32,15,3000,200,0.669806,0.682447,0.000000,1.000000,Barely acceptable,
ECG_CH1,769,2018-04-11 21:57:32,2018-04-11 21:57:47,15,3000,200,0.687718,0.726115,0.000000,1.000000,Barely acceptable,
ECG_CH1,770,2018-04-11 21:57:47,2018-04-11 21:58:02,15,3000,200,0.722817,0.762805,0.000000,1.000000,Barely acceptable,
ECG_CH1,771,2018-04-11 21:58:02,2018-04-11 21:58:17,15,3000,200,0.709163,0.807532,0.000000,1.000000,Barely acceptable,
ECG_CH1,772,2018-04-11 21:58:17,2018-04-11 21:58:32,15,3000,200,0.698361,0.839389,0.000000,1.000000,Barely acceptable,
ECG_CH1,773,2018-04-11 21:58:32,2018-04-11 21:58:47,15,3000,200,0.698602,0.747749,0.000000,1.000000,Barely acceptable,
ECG_CH1,774,2018-04-11 21:58:47,2018-04-11 21:59:02,15,3000,200,0.829416,0.899834,0.000000,1.000000,Barely acceptable,
ECG_CH1,775,2018-04-11 21:59:02,2018-04-11 21:59:17,15,3000,200,0.531649,0.612269,0.000000,1.000000,Barely acceptable,
ECG_CH1,776,2018-04-11 21:59:17,2018-04-11 21:59:32,15,3000,200,0.751763,0.918156,0.000000,1.000000,Barely acceptable,
ECG_CH1,777,2018-04-11 21:59:32,2018-04-11 21:59:47,15,3000,200,0.703339,0.831513,0.000000,1.000000,Barely acceptable,
ECG_CH1,778,2018-04-11 21:59:47,2018-04-11 22:00:02,15,3000,200,0.768646,0.911892,0.000000,1.000000,Barely acceptable,
ECG_CH1,779,2018-04-11 22:00:02,2018-04-11 22:00:17,15,3000,200,0.670798,0.758551,0.000000,1.000000,Barely acceptable,
ECG_CH1,780,2018-04-11 22:00:17,2018-04-11 22:00:32,15,3000,200,0.598947,0.694057,0.000000,1.000000,Barely acceptable,
ECG_CH1,781,2018-04-11 22:00:32,2018-04-11 22:00:47,15,3000,200,0.633880,0.598702,0.000000,1.000000,Barely acceptable,
ECG_CH1,782,2018-04-11 22:00:47,2018-04-11 22:01:02,15,3000,200,0.536854,0.590226,0.000000,1.000000,Barely acceptable,
ECG_CH1,783,2018-04-11 22:01:02,2018-04-11 22:01:17,15,3000,200,0.769267,0.883282,0.000000,1.000000,Barely acceptable,
ECG_CH1,784,2018-04-11 22:01:17,2018-04-11 22:01:32,15,3000,200,0.490502,0.498637,0.000000,1.000000,Barely acceptable,
ECG_CH1,785,2018-04-11 22:01:32,2018-04-11 22:01:47,15,3000,200,0.758601,0.859969,0.000000,1.000000,Barely acceptable,
ECG_CH1,786,2018-04-11 22:01:47,2018-04-11 22:02:02,15,3000,200,0.750787,0.790783,0.000000,1.000000,Barely acceptable,
ECG_CH1,787,2018-04-11 22:02:02,2018-04-11 22:02:17,15,3000,200,0.556500,0.513704,0.000000,1.000000,Barely acceptable,
ECG_CH1,788,2018-04-11 22:02:17,2018-04-11 22:02:32,15,3000,200,0.708199,0.863516,0.000000,1.000000,Barely acceptable,
ECG_CH1,789,2018-04-11 22:02:32,2018-04-11 22:02:47,15,3000,200,0.713989,0.828609,0.000000,1.000000,Barely acceptable,
ECG_CH1,790,2018-04-11 22:02:47,2018-04-11 22:03:02,15,3000,200,0.667208,0.722978,0.000000,1.000000,Barely acceptable,
ECG_CH1,791,2018-04-11 22:03:02,2018-04-11 22:03:17,15,3000,200,0.612131,0.677600,0.000000,1.000000,Barely acceptable,
ECG_CH1,792,2018-04-11 22:03:17,2018-04-11 22:03:32,15,3000,200,0.570418,0.576116,0.000000,1.000000,Barely acceptable,
ECG_CH1,793,2018-04-11 22:03:32,2018-04-11 22:03:47,15,3000,200,0.569255,0.574715,0.000000,1.000000,Barely acceptable,
ECG_CH1,794,2018-04-11 22:03:47,2018-04-11 22:04:02,15,3000,200,0.699781,0.799207,0.000000,1.000000,Barely acceptable,
ECG_CH1,795,2018-04-11 22:04:02,2018-04-11 22:04:17,15,3000,200,0.733296,0.821301,0.000000,1.000000,Barely acceptable,
ECG_CH1,796,2018-04-11 22:04:17,2018-04-11 22:04:32,15,3000,200,0.779866,0.857988,0.000000,1.000000,Unacceptable,
ECG_CH1,797,2018-04-11 22:04:32,2018-04-11 22:04:47,15,3000,200,0.630163,0.710481,0.000000,1.000000,Barely acceptable,
ECG_CH1,798,2018-04-11 22:04:47,2018-04-11 22:05:02,15,3000,200,0.579455,0.652635,0.000000,1.000000,Barely acceptable,
ECG_CH1,799,2018-04-11 22:05:02,2018-04-11 22:05:17,15,3000,200,0.718448,0.807842,0.000000,1.000000,Barely acceptable,
ECG_CH1,800,2018-04-11 22:05:17,2018-04-11 22:05:32,15,3000,200,0.694505,0.764971,0.000000,1.000000,Barely acceptable,
ECG_CH1,801,2018-04-11 22:05:32,2018-04-11 22:05:47,15,3000,200,0.770815,0.826747,0.000000,1.000000,Barely acceptable,
ECG_CH1,802,2018-04-11 22:05:47,2018-04-11 22:06:02,15,3000,200,0.580343,0.676369,0.000000,1.000000,Barely acceptable,
ECG_CH1,803,2018-04-11 22:06:02,2018-04-11 22:06:17,15,3000,200,0.620919,0.673414,0.000000,1.000000,Barely acceptable,
ECG_CH1,804,2018-04-11 22:06:17,2018-04-11 22:06:32,15,3000,200,0.731915,0.842106,0.000000,1.000000,Barely acceptable,
ECG_CH1,805,2018-04-11 22:06:32,2018-04-11 22:06:47,15,3000,200,0.749732,0.828484,0.000000,1.000000,Barely acceptable,
ECG_CH1,806,2018-04-11 22:06:47,2018-04-11 22:07:02,15,3000,200,0.730451,0.832166,0.000000,1.000000,Barely acceptable,
ECG_CH1,807,2018-04-11 22:07:02,2018-04-11 22:07:17,15,3000,200,0.610571,0.740719,0.000000,1.000000,Barely acceptable,
ECG_CH1,808,2018-04-11 22:07:17,2018-04-11 22:07:32,15,3000,200,0.675236,0.845413,0.000000,1.000000,Barely acceptable,
ECG_CH1,809,2018-04-11 22:07:32,2018-04-11 22:07:47,15,3000,200,0.607884,0.649032,0.000000,1.000000,Barely acceptable,
ECG_CH1,810,2018-04-11 22:07:47,2018-04-11 22:08:02,15,3000,200,0.695040,0.779502,0.000000,1.000000,Barely acceptable,
ECG_CH1,811,2018-04-11 22:08:02,2018-04-11 22:08:17,15,3000,200,0.803056,0.931719,0.000000,1.000000,Barely acceptable,
ECG_CH1,812,2018-04-11 22:08:17,2018-04-11 22:08:32,15,3000,200,0.618909,0.703256,0.000000,1.000000,Barely acceptable,
ECG_CH1,813,2018-04-11 22:08:32,2018-04-11 22:08:47,15,3000,200,0.829729,0.881199,0.000000,1.000000,Barely acceptable,
ECG_CH1,814,2018-04-11 22:08:47,2018-04-11 22:09:02,15,3000,200,0.695370,0.795916,0.000000,1.000000,Barely acceptable,
ECG_CH1,815,2018-04-11 22:09:02,2018-04-11 22:09:17,15,3000,200,0.698868,0.761736,0.000000,1.000000,Barely acceptable,
ECG_CH1,816,2018-04-11 22:09:17,2018-04-11 22:09:32,15,3000,200,0.822764,0.906538,0.000000,1.000000,Barely acceptable,
ECG_CH1,817,2018-04-11 22:09:32,2018-04-11 22:09:47,15,3000,200,0.769845,0.867916,0.000000,1.000000,Barely acceptable,
ECG_CH1,818,2018-04-11 22:09:47,2018-04-11 22:10:02,15,3000,200,0.727543,0.897260,0.000000,1.000000,Barely acceptable,
ECG_CH1,819,2018-04-11 22:10:02,2018-04-11 22:10:17,15,3000,200,0.666621,0.716411,0.000000,1.000000,Barely acceptable,
ECG_CH1,820,2018-04-11 22:10:17,2018-04-11 22:10:32,15,3000,200,0.749821,0.822855,0.000000,1.000000,Barely acceptable,
ECG_CH1,821,2018-04-11 22:10:32,2018-04-11 22:10:47,15,3000,200,0.631858,0.727998,0.000000,1.000000,Barely acceptable,
ECG_CH1,822,2018-04-11 22:10:47,2018-04-11 22:11:02,15,3000,200,0.582125,0.649493,0.000000,1.000000,Barely acceptable,
ECG_CH1,823,2018-04-11 22:11:02,2018-04-11 22:11:17,15,3000,200,0.707145,0.832424,0.000000,1.000000,Barely acceptable,
ECG_CH1,824,2018-04-11 22:11:17,2018-04-11 22:11:32,15,3000,200,0.810497,0.910039,0.000000,1.000000,Barely acceptable,
ECG_CH1,825,2018-04-11 22:11:32,2018-04-11 22:11:47,15,3000,200,0.711232,0.805560,0.000000,1.000000,Barely acceptable,
ECG_CH1,826,2018-04-11 22:11:47,2018-04-11 22:12:02,15,3000,200,0.757548,0.837141,0.000000,1.000000,Barely acceptable,
ECG_CH1,827,2018-04-11 22:12:02,2018-04-11 22:12:17,15,3000,200,0.718503,0.850986,0.000000,1.000000,Barely acceptable,
ECG_CH1,828,2018-04-11 22:12:17,2018-04-11 22:12:32,15,3000,200,0.533240,0.559263,0.000000,1.000000,Barely acceptable,
ECG_CH1,829,2018-04-11 22:12:32,2018-04-11 22:12:47,15,3000,200,0.676066,0.748269,0.000000,1.000000,Barely acceptable,
ECG_CH1,830,2018-04-11 22:12:47,2018-04-11 22:13:02,15,3000,200,0.776996,0.859736,0.000000,1.000000,Barely acceptable,
ECG_CH1,831,2018-04-11 22:13:02,2018-04-11 22:13:17,15,3000,200,0.771385,0.841101,0.000000,1.000000,Barely acceptable,
ECG_CH1,832,2018-04-11 22:13:17,2018-04-11 22:13:32,15,3000,200,0.715453,0.822620,0.000000,1.000000,Barely acceptable,
ECG_CH1,833,2018-04-11 22:13:32,2018-04-11 22:13:47,15,3000,200,0.756355,0.837418,0.000000,1.000000,Barely acceptable,
ECG_CH1,834,2018-04-11 22:13:47,2018-04-11 22:14:02,15,3000,200,0.755961,0.808012,0.000000,1.000000,Barely acceptable,
ECG_CH1,835,2018-04-11 22:14:02,2018-04-11 22:14:17,15,3000,200,0.658525,0.693220,0.000000,1.000000,Barely acceptable,
ECG_CH1,836,2018-04-11 22:14:17,2018-04-11 22:14:32,15,3000,200,0.873151,0.950933,0.000000,1.000000,Barely acceptable,
ECG_CH1,837,2018-04-11 22:14:32,2018-04-11 22:14:47,15,3000,200,0.759117,0.857347,0.000000,1.000000,Barely acceptable,
ECG_CH1,838,2018-04-11 22:14:47,2018-04-11 22:15:02,15,3000,200,0.707274,0.813288,0.000000,1.000000,Barely acceptable,
ECG_CH1,839,2018-04-11 22:15:02,2018-04-11 22:15:17,15,3000,200,0.723073,0.749749,0.000000,1.000000,Barely acceptable,
ECG_CH1,840,2018-04-11 22:15:17,2018-04-11 22:15:32,15,3000,200,0.669702,0.676905,0.000000,1.000000,Barely acceptable,
ECG_CH1,841,2018-04-11 22:15:32,2018-04-11 22:15:47,15,3000,200,0.686573,0.857903,0.000000,1.000000,Barely acceptable,
ECG_CH1,842,2018-04-11 22:15:47,2018-04-11 22:16:02,15,3000,200,0.621648,0.627972,0.000000,1.000000,Barely acceptable,
ECG_CH1,843,2018-04-11 22:16:02,2018-04-11 22:16:17,15,3000,200,0.638661,0.767564,0.000000,1.000000,Barely acceptable,
ECG_CH1,844,2018-04-11 22:16:17,2018-04-11 22:16:32,15,3000,200,0.677329,0.778600,0.000000,1.000000,Barely acceptable,
ECG_CH1,845,2018-04-11 22:16:32,2018-04-11 22:16:47,15,3000,200,0.705679,0.822581,0.000000,1.000000,Barely acceptable,
ECG_CH1,846,2018-04-11 22:16:47,2018-04-11 22:17:02,15,3000,200,0.592715,0.688999,0.000000,1.000000,Barely acceptable,
ECG_CH1,847,2018-04-11 22:17:02,2018-04-11 22:17:17,15,3000,200,0.570434,0.617990,0.000000,1.000000,Barely acceptable,
ECG_CH1,848,2018-04-11 22:17:17,2018-04-11 22:17:32,15,3000,200,0.688748,0.756960,0.000000,1.000000,Barely acceptable,
ECG_CH1,849,2018-04-11 22:17:32,2018-04-11 22:17:47,15,3000,200,0.785635,0.809214,0.000000,1.000000,Barely acceptable,
ECG_CH1,850,2018-04-11 22:17:47,2018-04-11 22:18:02,15,3000,200,0.526251,0.436518,0.000000,1.000000,Barely acceptable,
ECG_CH1,851,2018-04-11 22:18:02,2018-04-11 22:18:17,15,3000,200,0.776147,0.789923,0.000000,1.000000,Barely acceptable,
ECG_CH1,852,2018-04-11 22:18:17,2018-04-11 22:18:32,15,3000,200,0.670131,0.773901,0.000000,1.000000,Barely acceptable,
ECG_CH1,853,2018-04-11 22:18:32,2018-04-11 22:18:47,15,3000,200,0.747084,0.783337,0.000000,1.000000,Barely acceptable,
ECG_CH1,854,2018-04-11 22:18:47,2018-04-11 22:19:02,15,3000,200,0.715713,0.771723,0.000000,1.000000,Barely acceptable,
ECG_CH1,855,2018-04-11 22:19:02,2018-04-11 22:19:17,15,3000,200,0.763310,0.838820,0.000000,1.000000,Barely acceptable,
ECG_CH1,856,2018-04-11 22:19:17,2018-04-11 22:19:32,15,3000,200,0.797277,0.828315,0.000000,1.000000,Barely acceptable,
ECG_CH1,857,2018-04-11 22:19:32,2018-04-11 22:19:47,15,3000,200,0.507160,0.577090,0.000000,1.000000,Barely acceptable,
ECG_CH1,858,2018-04-11 22:19:47,2018-04-11 22:20:02,15,3000,200,0.723475,0.751680,0.000000,1.000000,Barely acceptable,
ECG_CH1,859,2018-04-11 22:20:02,2018-04-11 22:20:17,15,3000,200,0.813515,0.903861,0.000000,1.000000,Barely acceptable,
ECG_CH1,860,2018-04-11 22:20:17,2018-04-11 22:20:32,15,3000,200,0.613228,0.608404,0.000000,1.000000,Barely acceptable,
ECG_CH1,861,2018-04-11 22:20:32,2018-04-11 22:20:47,15,3000,200,0.800637,0.892484,0.000000,1.000000,Barely acceptable,
ECG_CH1,862,2018-04-11 22:20:47,2018-04-11 22:21:02,15,3000,200,0.706734,0.811275,0.000000,1.000000,Barely acceptable,
ECG_CH1,863,2018-04-11 22:21:02,2018-04-11 22:21:17,15,3000,200,0.815126,0.897791,0.000000,1.000000,Barely acceptable,
ECG_CH1,864,2018-04-11 22:21:17,2018-04-11 22:21:32,15,3000,200,0.646187,0.695777,0.000000,1.000000,Barely acceptable,
ECG_CH1,865,2018-04-11 22:21:32,2018-04-11 22:21:47,15,3000,200,0.731421,0.817353,0.000000,1.000000,Barely acceptable,
ECG_CH1,866,2018-04-11 22:21:47,2018-04-11 22:22:02,15,3000,200,0.691471,0.792050,0.000000,1.000000,Barely acceptable,
ECG_CH1,867,2018-04-11 22:22:02,2018-04-11 22:22:17,15,3000,200,0.719248,0.769195,0.000000,1.000000,Barely acceptable,
ECG_CH1,868,2018-04-11 22:22:17,2018-04-11 22:22:32,15,3000,200,0.553810,0.519701,0.000000,1.000000,Barely acceptable,
ECG_CH1,869,2018-04-11 22:22:32,2018-04-11 22:22:47,15,3000,200,0.814932,0.908997,0.000000,1.000000,Barely acceptable,
ECG_CH1,870,2018-04-11 22:22:47,2018-04-11 22:23:02,15,3000,200,0.676681,0.789070,0.000000,1.000000,Barely acceptable,
ECG_CH1,871,2018-04-11 22:23:02,2018-04-11 22:23:17,15,3000,200,0.698284,0.836711,0.000000,1.000000,Barely acceptable,
ECG_CH1,872,2018-04-11 22:23:17,2018-04-11 22:23:32,15,3000,200,0.617508,0.733786,0.000000,1.000000,Barely acceptable,
ECG_CH1,873,2018-04-11 22:23:32,2018-04-11 22:23:47,15,3000,200,0.617132,0.711486,0.000000,1.000000,Barely acceptable,
ECG_CH1,874,2018-04-11 22:23:47,2018-04-11 22:24:02,15,3000,200,0.732889,0.836965,0.000000,1.000000,Barely acceptable,
ECG_CH1,875,2018-04-11 22:24:02,2018-04-11 22:24:17,15,3000,200,0.822012,0.874202,0.000000,1.000000,Barely acceptable,
ECG_CH1,876,2018-04-11 22:24:17,2018-04-11 22:24:32,15,3000,200,0.579529,0.605183,0.000000,1.000000,Barely acceptable,
ECG_CH1,877,2018-04-11 22:24:32,2018-04-11 22:24:47,15,3000,200,0.706102,0.763324,0.000000,1.000000,Barely acceptable,
ECG_CH1,878,2018-04-11 22:24:47,2018-04-11 22:25:02,15,3000,200,0.714069,0.776283,0.000000,1.000000,Barely acceptable,
ECG_CH1,879,2018-04-11 22:25:02,2018-04-11 22:25:17,15,3000,200,0.785138,0.901862,0.000000,1.000000,Barely acceptable,
ECG_CH1,880,2018-04-11 22:25:17,2018-04-11 22:25:32,15,3000,200,0.589849,0.698644,0.000000,1.000000,Barely acceptable,
ECG_CH1,881,2018-04-11 22:25:32,2018-04-11 22:25:47,15,3000,200,0.716750,0.818068,0.000000,1.000000,Barely acceptable,
ECG_CH1,882,2018-04-11 22:25:47,2018-04-11 22:26:02,15,3000,200,0.821228,0.939302,0.000000,1.000000,Barely acceptable,
ECG_CH1,883,2018-04-11 22:26:02,2018-04-11 22:26:17,15,3000,200,0.831404,0.911551,0.000000,1.000000,Barely acceptable,
ECG_CH1,884,2018-04-11 22:26:17,2018-04-11 22:26:32,15,3000,200,0.670218,0.704000,0.000000,1.000000,Barely acceptable,
ECG_CH1,885,2018-04-11 22:26:32,2018-04-11 22:26:47,15,3000,200,0.768554,0.838608,0.000000,1.000000,Barely acceptable,
ECG_CH1,886,2018-04-11 22:26:47,2018-04-11 22:27:02,15,3000,200,0.598296,0.618183,0.000000,1.000000,Barely acceptable,
ECG_CH1,887,2018-04-11 22:27:02,2018-04-11 22:27:17,15,3000,200,0.720208,0.848937,0.000000,1.000000,Barely acceptable,
ECG_CH1,888,2018-04-11 22:27:17,2018-04-11 22:27:32,15,3000,200,0.769649,0.826937,0.000000,1.000000,Barely acceptable,
ECG_CH1,889,2018-04-11 22:27:32,2018-04-11 22:27:47,15,3000,200,0.785076,0.905482,0.000000,1.000000,Barely acceptable,
ECG_CH1,890,2018-04-11 22:27:47,2018-04-11 22:28:02,15,3000,200,0.704390,0.850591,0.000000,1.000000,Barely acceptable,
ECG_CH1,891,2018-04-11 22:28:02,2018-04-11 22:28:17,15,3000,200,0.701420,0.777955,0.000000,1.000000,Barely acceptable,
ECG_CH1,892,2018-04-11 22:28:17,2018-04-11 22:28:32,15,3000,200,0.650283,0.762909,0.000000,1.000000,Barely acceptable,
ECG_CH1,893,2018-04-11 22:28:32,2018-04-11 22:28:47,15,3000,200,0.812779,0.893758,0.000000,1.000000,Barely acceptable,
ECG_CH1,894,2018-04-11 22:28:47,2018-04-11 22:29:02,15,3000,200,0.819078,0.929176,0.000000,1.000000,Barely acceptable,
ECG_CH1,895,2018-04-11 22:29:02,2018-04-11 22:29:17,15,3000,200,0.744907,0.800363,0.000000,1.000000,Barely acceptable,
ECG_CH1,896,2018-04-11 22:29:17,2018-04-11 22:29:32,15,3000,200,0.745818,0.807772,0.000000,1.000000,Barely acceptable,
ECG_CH1,897,2018-04-11 22:29:32,2018-04-11 22:29:47,15,3000,200,0.791304,0.859167,0.000000,1.000000,Barely acceptable,
ECG_CH1,898,2018-04-11 22:29:47,2018-04-11 22:30:02,15,3000,200,0.761631,0.822062,0.000000,1.000000,Barely acceptable,
ECG_CH1,899,2018-04-11 22:30:02,2018-04-11 22:30:17,15,3000,200,0.711534,0.860865,0.000000,1.000000,Barely acceptable,
ECG_CH1,900,2018-04-11 22:30:17,2018-04-11 22:30:32,15,3000,200,0.651019,0.728452,0.000000,1.000000,Barely acceptable,
ECG_CH1,901,2018-04-11 22:30:32,2018-04-11 22:30:47,15,3000,200,0.763163,0.870086,0.000000,1.000000,Barely acceptable,
ECG_CH1,902,2018-04-11 22:30:47,2018-04-11 22:31:02,15,3000,200,0.799029,0.883902,0.000000,1.000000,Barely acceptable,
ECG_CH1,903,2018-04-11 22:31:02,2018-04-11 22:31:17,15,3000,200,0.783491,0.863461,0.000000,1.000000,Barely acceptable,
ECG_CH1,904,2018-04-11 22:31:17,2018-04-11 22:31:32,15,3000,200,0.745376,0.848658,0.000000,1.000000,Barely acceptable,
ECG_CH1,905,2018-04-11 22:31:32,2018-04-11 22:31:47,15,3000,200,0.824076,0.915602,0.000000,1.000000,Barely acceptable,
ECG_CH1,906,2018-04-11 22:31:47,2018-04-11 22:32:02,15,3000,200,0.786379,0.890583,0.000000,1.000000,Barely acceptable,
ECG_CH1,907,2018-04-11 22:32:02,2018-04-11 22:32:17,15,3000,200,0.626303,0.739104,0.000000,1.000000,Barely acceptable,
ECG_CH1,908,2018-04-11 22:32:17,2018-04-11 22:32:32,15,3000,200,0.547391,0.553453,0.000000,1.000000,Barely acceptable,
ECG_CH1,909,2018-04-11 22:32:32,2018-04-11 22:32:47,15,3000,200,0.667652,0.790790,0.000000,1.000000,Barely acceptable,
ECG_CH1,910,2018-04-11 22:32:47,2018-04-11 22:33:02,15,3000,200,0.761481,0.875246,0.000000,1.000000,Barely acceptable,
ECG_CH1,911,2018-04-11 22:33:02,2018-04-11 22:33:17,15,3000,200,0.749162,0.844893,0.000000,1.000000,Barely acceptable,
ECG_CH1,912,2018-04-11 22:33:17,2018-04-11 22:33:32,15,3000,200,0.782610,0.873697,0.000000,1.000000,Barely acceptable,
ECG_CH1,913,2018-04-11 22:33:32,2018-04-11 22:33:47,15,3000,200,0.803158,0.894846,0.000000,1.000000,Barely acceptable,
ECG_CH1,914,2018-04-11 22:33:47,2018-04-11 22:34:02,15,3000,200,0.771006,0.878394,0.000000,1.000000,Barely acceptable,
ECG_CH1,915,2018-04-11 22:34:02,2018-04-11 22:34:17,15,3000,200,0.575241,0.648490,0.000000,1.000000,Barely acceptable,
ECG_CH1,916,2018-04-11 22:34:17,2018-04-11 22:34:32,15,3000,200,0.677442,0.764803,0.000000,1.000000,Barely acceptable,
ECG_CH1,917,2018-04-11 22:34:32,2018-04-11 22:34:47,15,3000,200,0.701117,0.747388,0.000000,1.000000,Barely acceptable,
ECG_CH1,918,2018-04-11 22:34:47,2018-04-11 22:35:02,15,3000,200,0.754402,0.876854,0.000000,1.000000,Barely acceptable,
ECG_CH1,919,2018-04-11 22:35:02,2018-04-11 22:35:17,15,3000,200,0.749718,0.859915,0.000000,1.000000,Unacceptable,
ECG_CH1,920,2018-04-11 22:35:17,2018-04-11 22:35:32,15,3000,200,0.666261,0.781527,0.000000,1.000000,Barely acceptable,
ECG_CH1,921,2018-04-11 22:35:32,2018-04-11 22:35:47,15,3000,200,0.674645,0.794270,0.000000,1.000000,Barely acceptable,
ECG_CH1,922,2018-04-11 22:35:47,2018-04-11 22:36:02,15,3000,200,0.634881,0.696408,0.000000,1.000000,Barely acceptable,
ECG_CH1,923,2018-04-11 22:36:02,2018-04-11 22:36:17,15,3000,200,0.526919,0.516772,0.000000,1.000000,Barely acceptable,
ECG_CH1,924,2018-04-11 22:36:17,2018-04-11 22:36:32,15,3000,200,0.627009,0.665486,0.000000,1.000000,Barely acceptable,
ECG_CH1,925,2018-04-11 22:36:32,2018-04-11 22:36:47,15,3000,200,0.710962,0.829326,0.000000,1.000000,Barely acceptable,
ECG_CH1,926,2018-04-11 22:36:47,2018-04-11 22:37:02,15,3000,200,0.805901,0.872531,0.000000,1.000000,Barely acceptable,
ECG_CH1,927,2018-04-11 22:37:02,2018-04-11 22:37:17,15,3000,200,0.727450,0.813075,0.000000,1.000000,Barely acceptable,
ECG_CH1,928,2018-04-11 22:37:17,2018-04-11 22:37:32,15,3000,200,0.695008,0.751138,0.000000,1.000000,Barely acceptable,
ECG_CH1,929,2018-04-11 22:37:32,2018-04-11 22:37:47,15,3000,200,0.613763,0.677624,0.000000,1.000000,Barely acceptable,
ECG_CH1,930,2018-04-11 22:37:47,2018-04-11 22:38:02,15,3000,200,0.593060,0.631424,0.000000,1.000000,Barely acceptable,
ECG_CH1,931,2018-04-11 22:38:02,2018-04-11 22:38:17,15,3000,200,0.691215,0.790638,0.000000,1.000000,Barely acceptable,
ECG_CH1,932,2018-04-11 22:38:17,2018-04-11 22:38:32,15,3000,200,0.728043,0.848983,0.000000,1.000000,Barely acceptable,
ECG_CH1,933,2018-04-11 22:38:32,2018-04-11 22:38:47,15,3000,200,0.684955,0.788107,0.000000,1.000000,Unacceptable,
ECG_CH1,934,2018-04-11 22:38:47,2018-04-11 22:39:02,15,3000,200,0.572668,0.624455,0.000000,1.000000,Barely acceptable,
ECG_CH1,935,2018-04-11 22:39:02,2018-04-11 22:39:17,15,3000,200,0.688302,0.828160,0.000000,1.000000,Barely acceptable,
ECG_CH1,936,2018-04-11 22:39:17,2018-04-11 22:39:32,15,3000,200,0.659162,0.717745,0.000000,1.000000,Barely acceptable,
ECG_CH1,937,2018-04-11 22:39:32,2018-04-11 22:39:47,15,3000,200,0.719263,0.778204,0.000000,1.000000,Barely acceptable,
ECG_CH1,938,2018-04-11 22:39:47,2018-04-11 22:40:02,15,3000,200,0.624396,0.722420,0.000000,1.000000,Barely acceptable,
ECG_CH1,939,2018-04-11 22:40:02,2018-04-11 22:40:17,15,3000,200,0.714781,0.787250,0.000000,1.000000,Barely acceptable,
ECG_CH1,940,2018-04-11 22:40:17,2018-04-11 22:40:32,15,3000,200,0.711647,0.870770,0.000000,1.000000,Barely acceptable,
ECG_CH1,941,2018-04-11 22:40:32,2018-04-11 22:40:47,15,3000,200,0.784760,0.907011,0.000000,1.000000,Barely acceptable,
ECG_CH1,942,2018-04-11 22:40:47,2018-04-11 22:41:02,15,3000,200,0.661154,0.652892,0.000000,1.000000,Barely acceptable,
ECG_CH1,943,2018-04-11 22:41:02,2018-04-11 22:41:17,15,3000,200,0.755811,0.837850,0.000000,1.000000,Barely acceptable,
ECG_CH1,944,2018-04-11 22:41:17,2018-04-11 22:41:32,15,3000,200,0.832079,0.894943,0.000000,1.000000,Barely acceptable,
ECG_CH1,945,2018-04-11 22:41:32,2018-04-11 22:41:47,15,3000,200,0.787542,0.893821,0.000000,1.000000,Barely acceptable,
ECG_CH1,946,2018-04-11 22:41:47,2018-04-11 22:42:02,15,3000,200,0.738743,0.856151,0.000000,1.000000,Barely acceptable,
ECG_CH1,947,2018-04-11 22:42:02,2018-04-11 22:42:17,15,3000,200,0.644416,0.638706,0.000000,1.000000,Barely acceptable,
ECG_CH1,948,2018-04-11 22:42:17,2018-04-11 22:42:32,15,3000,200,0.750967,0.842245,0.000000,1.000000,Barely acceptable,
ECG_CH1,949,2018-04-11 22:42:32,2018-04-11 22:42:47,15,3000,200,0.677356,0.788673,0.000000,1.000000,Barely acceptable,
ECG_CH1,950,2018-04-11 22:42:47,2018-04-11 22:43:02,15,3000,200,0.846620,0.910299,0.000000,1.000000,Barely acceptable,
ECG_CH1,951,2018-04-11 22:43:02,2018-04-11 22:43:17,15,3000,200,0.704029,0.773743,0.000000,1.000000,Barely acceptable,
ECG_CH1,952,2018-04-11 22:43:17,2018-04-11 22:43:32,15,3000,200,0.706170,0.854035,0.000000,1.000000,Barely acceptable,
ECG_CH1,953,2018-04-11 22:43:32,2018-04-11 22:43:47,15,3000,200,0.663086,0.765503,0.000000,1.000000,Barely acceptable,
ECG_CH1,954,2018-04-11 22:43:47,2018-04-11 22:44:02,15,3000,200,0.732837,0.864226,0.000000,1.000000,Barely acceptable,
ECG_CH1,955,2018-04-11 22:44:02,2018-04-11 22:44:17,15,3000,200,0.644761,0.749464,0.000000,1.000000,Barely acceptable,
ECG_CH1,956,2018-04-11 22:44:17,2018-04-11 22:44:32,15,3000,200,0.639144,0.727698,0.000000,1.000000,Barely acceptable,
ECG_CH1,957,2018-04-11 22:44:32,2018-04-11 22:44:47,15,3000,200,0.751890,0.887318,0.000000,1.000000,Barely acceptable,
ECG_CH1,958,2018-04-11 22:44:47,2018-04-11 22:45:02,15,3000,200,0.800058,0.849173,0.000000,1.000000,Barely acceptable,
ECG_CH1,959,2018-04-11 22:45:02,2018-04-11 22:45:17,15,3000,200,0.667572,0.681642,0.000000,1.000000,Barely acceptable,
ECG_CH1,960,2018-04-11 22:45:17,2018-04-11 22:45:32,15,3000,200,0.785078,0.889732,0.000000,1.000000,Barely acceptable,
ECG_CH1,961,2018-04-11 22:45:32,2018-04-11 22:45:47,15,3000,200,0.693920,0.803444,0.000000,1.000000,Barely acceptable,
ECG_CH1,962,2018-04-11 22:45:47,2018-04-11 22:46:02,15,3000,200,0.792177,0.897758,0.000000,1.000000,Barely acceptable,
ECG_CH1,963,2018-04-11 22:46:02,2018-04-11 22:46:17,15,3000,200,0.756515,0.856258,0.000000,1.000000,Barely acceptable,
ECG_CH1,964,2018-04-11 22:46:17,2018-04-11 22:46:32,15,3000,200,0.528718,0.533390,0.000000,1.000000,Barely acceptable,
ECG_CH1,965,2018-04-11 22:46:32,2018-04-11 22:46:47,15,3000,200,0.733790,0.872356,0.000000,1.000000,Barely acceptable,
ECG_CH1,966,2018-04-11 22:46:47,2018-04-11 22:47:02,15,3000,200,0.831974,0.891270,0.000000,1.000000,Barely acceptable,
ECG_CH1,967,2018-04-11 22:47:02,2018-04-11 22:47:17,15,3000,200,0.605894,0.715052,0.000000,1.000000,Barely acceptable,
ECG_CH1,968,2018-04-11 22:47:17,2018-04-11 22:47:32,15,3000,200,0.779867,0.875925,0.000000,1.000000,Barely acceptable,
ECG_CH1,969,2018-04-11 22:47:32,2018-04-11 22:47:47,15,3000,200,0.732744,0.838810,0.000000,1.000000,Barely acceptable,
ECG_CH1,970,2018-04-11 22:47:47,2018-04-11 22:48:02,15,3000,200,0.702203,0.825120,0.000000,1.000000,Barely acceptable,
ECG_CH1,971,2018-04-11 22:48:02,2018-04-11 22:48:17,15,3000,200,0.678451,0.715503,0.000000,1.000000,Barely acceptable,
ECG_CH1,972,2018-04-11 22:48:17,2018-04-11 22:48:32,15,3000,200,0.638476,0.816583,0.000000,1.000000,Barely acceptable,
ECG_CH1,973,2018-04-11 22:48:32,2018-04-11 22:48:47,15,3000,200,0.652739,0.760164,0.000000,1.000000,Barely acceptable,
ECG_CH1,974,2018-04-11 22:48:47,2018-04-11 22:49:02,15,3000,200,0.680807,0.698696,0.000000,1.000000,Barely acceptable,
ECG_CH1,975,2018-04-11 22:49:02,2018-04-11 22:49:17,15,3000,200,0.721367,0.846799,0.000000,1.000000,Barely acceptable,
ECG_CH1,976,2018-04-11 22:49:17,2018-04-11 22:49:32,15,3000,200,0.759175,0.812166,0.000000,1.000000,Barely acceptable,
ECG_CH1,977,2018-04-11 22:49:32,2018-04-11 22:49:47,15,3000,200,0.727184,0.779057,0.000000,1.000000,Barely acceptable,
ECG_CH1,978,2018-04-11 22:49:47,2018-04-11 22:50:02,15,3000,200,0.673457,0.835749,0.000000,1.000000,Barely acceptable,
ECG_CH1,979,2018-04-11 22:50:02,2018-04-11 22:50:17,15,3000,200,0.627429,0.672007,0.000000,1.000000,Barely acceptable,
ECG_CH1,980,2018-04-11 22:50:17,2018-04-11 22:50:32,15,3000,200,0.644439,0.654520,0.000000,1.000000,Barely acceptable,
ECG_CH1,981,2018-04-11 22:50:32,2018-04-11 22:50:47,15,3000,200,0.686886,0.760906,0.000000,1.000000,Barely acceptable,
ECG_CH1,982,2018-04-11 22:50:47,2018-04-11 22:51:02,15,3000,200,0.565389,0.610474,0.000000,1.000000,Barely acceptable,
ECG_CH1,983,2018-04-11 22:51:02,2018-04-11 22:51:17,15,3000,200,0.763168,0.885251,0.000000,1.000000,Barely acceptable,
ECG_CH1,984,2018-04-11 22:51:17,2018-04-11 22:51:32,15,3000,200,0.711718,0.866238,0.000000,1.000000,Barely acceptable,
ECG_CH1,985,2018-04-11 22:51:32,2018-04-11 22:51:47,15,3000,200,0.623477,0.685266,0.000000,1.000000,Barely acceptable,
ECG_CH1,986,2018-04-11 22:51:47,2018-04-11 22:52:02,15,3000,200,0.603432,0.653816,0.000000,1.000000,Barely acceptable,
ECG_CH1,987,2018-04-11 22:52:02,2018-04-11 22:52:17,15,3000,200,0.644578,0.720340,0.000000,1.000000,Barely acceptable,
ECG_CH1,988,2018-04-11 22:52:17,2018-04-11 22:52:32,15,3000,200,0.590496,0.636701,0.000000,1.000000,Barely acceptable,
ECG_CH1,989,2018-04-11 22:52:32,2018-04-11 22:52:47,15,3000,200,0.638036,0.726672,0.000000,1.000000,Barely acceptable,
ECG_CH1,990,2018-04-11 22:52:47,2018-04-11 22:53:02,15,3000,200,0.739941,0.823669,0.000000,1.000000,Barely acceptable,
ECG_CH1,991,2018-04-11 22:53:02,2018-04-11 22:53:17,15,3000,200,0.708696,0.815785,0.000000,1.000000,Barely acceptable,
ECG_CH1,992,2018-04-11 22:53:17,2018-04-11 22:53:32,15,3000,200,0.585051,0.587914,0.000000,1.000000,Barely acceptable,
ECG_CH1,993,2018-04-11 22:53:32,2018-04-11 22:53:47,15,3000,200,0.681365,0.723290,0.000000,1.000000,Barely acceptable,
ECG_CH1,994,2018-04-11 22:53:47,2018-04-11 22:54:02,15,3000,200,0.688003,0.788729,0.000000,1.000000,Barely acceptable,
ECG_CH1,995,2018-04-11 22:54:02,2018-04-11 22:54:17,15,3000,200,0.636507,0.691674,0.000000,1.000000,Barely acceptable,
ECG_CH1,996,2018-04-11 22:54:17,2018-04-11 22:54:32,15,3000,200,0.656811,0.603514,0.000000,1.000000,Barely acceptable,
ECG_CH1,997,2018-04-11 22:54:32,2018-04-11 22:54:47,15,3000,200,0.605788,0.639193,0.000000,1.000000,Barely acceptable,
ECG_CH1,998,2018-04-11 22:54:47,2018-04-11 22:55:02,15,3000,200,0.554464,0.647592,0.000000,1.000000,Barely acceptable,
ECG_CH1,999,2018-04-11 22:55:02,2018-04-11 22:55:17,15,3000,200,0.574996,0.666584,0.000000,1.000000,Barely acceptable,
ECG_CH1,1000,2018-04-11 22:55:17,2018-04-11 22:55:32,15,3000,200,0.637787,0.617238,0.000000,1.000000,Barely acceptable,
ECG_CH1,1001,2018-04-11 22:55:32,2018-04-11 22:55:47,15,3000,200,0.643567,0.767070,0.000000,1.000000,Barely acceptable,
ECG_CH1,1002,2018-04-11 22:55:47,2018-04-11 22:56:02,15,3000,200,0.582169,0.665176,0.000000,1.000000,Barely acceptable,
ECG_CH1,1003,2018-04-11 22:56:02,2018-04-11 22:56:17,15,3000,200,0.794470,0.855692,0.000000,1.000000,Barely acceptable,
ECG_CH1,1004,2018-04-11 22:56:17,2018-04-11 22:56:32,15,3000,200,0.635806,0.718006,0.000000,1.000000,Barely acceptable,
ECG_CH1,1005,2018-04-11 22:56:32,2018-04-11 22:56:47,15,3000,200,0.753802,0.859940,0.000000,1.000000,Barely acceptable,
ECG_CH1,1006,2018-04-11 22:56:47,2018-04-11 22:57:02,15,3000,200,0.560296,0.520597,0.000000,1.000000,Barely acceptable,
ECG_CH1,1007,2018-04-11 22:57:02,2018-04-11 22:57:17,15,3000,200,0.712495,0.798678,0.000000,1.000000,Barely acceptable,
ECG_CH1,1008,2018-04-11 22:57:17,2018-04-11 22:57:32,15,3000,200,0.696114,0.806744,0.000000,1.000000,Barely acceptable,
ECG_CH1,1009,2018-04-11 22:57:32,2018-04-11 22:57:47,15,3000,200,0.741045,0.836052,0.000000,1.000000,Barely acceptable,
ECG_CH1,1010,2018-04-11 22:57:47,2018-04-11 22:58:02,15,3000,200,0.637170,0.788630,0.000000,1.000000,Barely acceptable,
ECG_CH1,1011,2018-04-11 22:58:02,2018-04-11 22:58:17,15,3000,200,0.630134,0.812714,0.000000,1.000000,Barely acceptable,
ECG_CH1,1012,2018-04-11 22:58:17,2018-04-11 22:58:32,15,3000,200,0.558107,0.530718,0.000000,1.000000,Barely acceptable,
ECG_CH1,1013,2018-04-11 22:58:32,2018-04-11 22:58:47,15,3000,200,0.713785,0.796082,0.000000,1.000000,Barely acceptable,
ECG_CH1,1014,2018-04-11 22:58:47,2018-04-11 22:59:02,15,3000,200,0.678396,0.781049,0.000000,1.000000,Barely acceptable,
ECG_CH1,1015,2018-04-11 22:59:02,2018-04-11 22:59:17,15,3000,200,0.586519,0.649655,0.000000,1.000000,Barely acceptable,
ECG_CH1,1016,2018-04-11 22:59:17,2018-04-11 22:59:32,15,3000,200,0.595175,0.621891,0.000000,1.000000,Barely acceptable,
ECG_CH1,1017,2018-04-11 22:59:32,2018-04-11 22:59:47,15,3000,200,0.762350,0.879075,0.000000,1.000000,Barely acceptable,
ECG_CH1,1018,2018-04-11 22:59:47,2018-04-11 23:00:02,15,3000,200,0.779841,0.858652,0.000000,1.000000,Barely acceptable,
ECG_CH1,1019,2018-04-11 23:00:02,2018-04-11 23:00:17,15,3000,200,0.796370,0.864731,0.000000,1.000000,Barely acceptable,
ECG_CH1,1020,2018-04-11 23:00:17,2018-04-11 23:00:32,15,3000,200,0.619904,0.718392,0.000000,1.000000,Barely acceptable,
ECG_CH1,1021,2018-04-11 23:00:32,2018-04-11 23:00:47,15,3000,200,0.720454,0.772414,0.000000,1.000000,Barely acceptable,
ECG_CH1,1022,2018-04-11 23:00:47,2018-04-11 23:01:02,15,3000,200,0.692702,0.757767,0.000000,1.000000,Barely acceptable,
ECG_CH1,1023,2018-04-11 23:01:02,2018-04-11 23:01:17,15,3000,200,0.742555,0.854529,0.000000,1.000000,Barely acceptable,
ECG_CH1,1024,2018-04-11 23:01:17,2018-04-11 23:01:32,15,3000,200,0.777891,0.870541,0.000000,1.000000,Barely acceptable,
ECG_CH1,1025,2018-04-11 23:01:32,2018-04-11 23:01:47,15,3000,200,0.803086,0.895088,0.000000,1.000000,Barely acceptable,
ECG_CH1,1026,2018-04-11 23:01:47,2018-04-11 23:02:02,15,3000,200,0.817806,0.862208,0.000000,1.000000,Barely acceptable,
ECG_CH1,1027,2018-04-11 23:02:02,2018-04-11 23:02:17,15,3000,200,0.753902,0.899335,0.000000,1.000000,Barely acceptable,
ECG_CH1,1028,2018-04-11 23:02:17,2018-04-11 23:02:32,15,3000,200,0.651388,0.692042,0.000000,1.000000,Barely acceptable,
ECG_CH1,1029,2018-04-11 23:02:32,2018-04-11 23:02:47,15,3000,200,0.596226,0.619871,0.000000,1.000000,Barely acceptable,
ECG_CH1,1030,2018-04-11 23:02:47,2018-04-11 23:03:02,15,3000,200,0.585682,0.614143,0.000000,1.000000,Barely acceptable,
ECG_CH1,1031,2018-04-11 23:03:02,2018-04-11 23:03:17,15,3000,200,0.697094,0.838891,0.000000,1.000000,Barely acceptable,
ECG_CH1,1032,2018-04-11 23:03:17,2018-04-11 23:03:32,15,3000,200,0.653686,0.687927,0.000000,1.000000,Barely acceptable,
ECG_CH1,1033,2018-04-11 23:03:32,2018-04-11 23:03:47,15,3000,200,0.845205,0.893778,0.000000,1.000000,Barely acceptable,
ECG_CH1,1034,2018-04-11 23:03:47,2018-04-11 23:04:02,15,3000,200,0.778670,0.866949,0.000000,1.000000,Barely acceptable,
ECG_CH1,1035,2018-04-11 23:04:02,2018-04-11 23:04:17,15,3000,200,0.833839,0.955003,0.000000,1.000000,Barely acceptable,
ECG_CH1,1036,2018-04-11 23:04:17,2018-04-11 23:04:32,15,3000,200,0.700708,0.797416,0.000000,1.000000,Barely acceptable,
ECG_CH1,1037,2018-04-11 23:04:32,2018-04-11 23:04:47,15,3000,200,0.627576,0.683991,0.000000,1.000000,Barely acceptable,
ECG_CH1,1038,2018-04-11 23:04:47,2018-04-11 23:05:02,15,3000,200,0.794503,0.870273,0.000000,1.000000,Barely acceptable,
ECG_CH1,1039,2018-04-11 23:05:02,2018-04-11 23:05:17,15,3000,200,0.754660,0.884640,0.000000,1.000000,Barely acceptable,
ECG_CH1,1040,2018-04-11 23:05:17,2018-04-11 23:05:32,15,3000,200,0.743258,0.840003,0.000000,1.000000,Barely acceptable,
ECG_CH1,1041,2018-04-11 23:05:32,2018-04-11 23:05:47,15,3000,200,0.577768,0.593647,0.000000,1.000000,Barely acceptable,
ECG_CH1,1042,2018-04-11 23:05:47,2018-04-11 23:06:02,15,3000,200,0.733058,0.777810,0.000000,1.000000,Barely acceptable,
ECG_CH1,1043,2018-04-11 23:06:02,2018-04-11 23:06:17,15,3000,200,0.735152,0.855137,0.000000,1.000000,Barely acceptable,
ECG_CH1,1044,2018-04-11 23:06:17,2018-04-11 23:06:32,15,3000,200,0.687163,0.792116,0.000000,1.000000,Barely acceptable,
ECG_CH1,1045,2018-04-11 23:06:32,2018-04-11 23:06:47,15,3000,200,0.656995,0.740688,0.000000,1.000000,Barely acceptable,
ECG_CH1,1046,2018-04-11 23:06:47,2018-04-11 23:07:02,15,3000,200,0.720869,0.859605,0.000000,1.000000,Barely acceptable,
ECG_CH1,1047,2018-04-11 23:07:02,2018-04-11 23:07:17,15,3000,200,0.740469,0.820288,0.000000,1.000000,Barely acceptable,
ECG_CH1,1048,2018-04-11 23:07:17,2018-04-11 23:07:32,15,3000,200,0.795839,0.902838,0.000000,1.000000,Barely acceptable,
ECG_CH1,1049,2018-04-11 23:07:32,2018-04-11 23:07:47,15,3000,200,0.580288,0.552054,0.000000,1.000000,Barely acceptable,
ECG_CH1,1050,2018-04-11 23:07:47,2018-04-11 23:08:02,15,3000,200,0.778970,0.896356,0.000000,1.000000,Barely acceptable,
ECG_CH1,1051,2018-04-11 23:08:02,2018-04-11 23:08:17,15,3000,200,0.813808,0.925720,0.000000,1.000000,Barely acceptable,
ECG_CH1,1052,2018-04-11 23:08:17,2018-04-11 23:08:32,15,3000,200,0.820360,0.931472,0.000000,1.000000,Barely acceptable,
ECG_CH1,1053,2018-04-11 23:08:32,2018-04-11 23:08:47,15,3000,200,0.594367,0.666080,0.000000,1.000000,Barely acceptable,
ECG_CH1,1054,2018-04-11 23:08:47,2018-04-11 23:09:02,15,3000,200,0.695226,0.720633,0.000000,1.000000,Barely acceptable,
ECG_CH1,1055,2018-04-11 23:09:02,2018-04-11 23:09:17,15,3000,200,0.749357,0.863284,0.000000,1.000000,Barely acceptable,
ECG_CH1,1056,2018-04-11 23:09:17,2018-04-11 23:09:32,15,3000,200,0.740579,0.842285,0.000000,1.000000,Barely acceptable,
ECG_CH1,1057,2018-04-11 23:09:32,2018-04-11 23:09:47,15,3000,200,0.719883,0.817197,0.000000,1.000000,Barely acceptable,
ECG_CH1,1058,2018-04-11 23:09:47,2018-04-11 23:10:02,15,3000,200,0.575994,0.562557,0.000000,1.000000,Barely acceptable,
ECG_CH1,1059,2018-04-11 23:10:02,2018-04-11 23:10:17,15,3000,200,0.851737,0.898275,0.000000,1.000000,Barely acceptable,
ECG_CH1,1060,2018-04-11 23:10:17,2018-04-11 23:10:32,15,3000,200,0.690279,0.835718,0.000000,1.000000,Barely acceptable,
ECG_CH1,1061,2018-04-11 23:10:32,2018-04-11 23:10:47,15,3000,200,0.629783,0.682663,0.000000,1.000000,Barely acceptable,
ECG_CH1,1062,2018-04-11 23:10:47,2018-04-11 23:11:02,15,3000,200,0.673281,0.730879,0.000000,1.000000,Barely acceptable,
ECG_CH1,1063,2018-04-11 23:11:02,2018-04-11 23:11:17,15,3000,200,0.619231,0.616780,0.000000,1.000000,Barely acceptable,
ECG_CH1,1064,2018-04-11 23:11:17,2018-04-11 23:11:32,15,3000,200,0.547990,0.492745,0.000000,1.000000,Barely acceptable,
ECG_CH1,1065,2018-04-11 23:11:32,2018-04-11 23:11:47,15,3000,200,0.727009,0.872963,0.000000,1.000000,Barely acceptable,
ECG_CH1,1066,2018-04-11 23:11:47,2018-04-11 23:12:02,15,3000,200,0.703563,0.764667,0.000000,1.000000,Barely acceptable,
ECG_CH1,1067,2018-04-11 23:12:02,2018-04-11 23:12:17,15,3000,200,0.656044,0.732038,0.000000,1.000000,Barely acceptable,
ECG_CH1,1068,2018-04-11 23:12:17,2018-04-11 23:12:32,15,3000,200,0.722849,0.830350,0.000000,1.000000,Barely acceptable,
ECG_CH1,1069,2018-04-11 23:12:32,2018-04-11 23:12:47,15,3000,200,0.638661,0.746097,0.000000,1.000000,Barely acceptable,
ECG_CH1,1070,2018-04-11 23:12:47,2018-04-11 23:13:02,15,3000,200,0.701735,0.790016,0.000000,1.000000,Barely acceptable,
ECG_CH1,1071,2018-04-11 23:13:02,2018-04-11 23:13:17,15,3000,200,0.883699,0.958147,0.000000,1.000000,Barely acceptable,
ECG_CH1,1072,2018-04-11 23:13:17,2018-04-11 23:13:32,15,3000,200,0.670126,0.734244,0.000000,1.000000,Barely acceptable,
ECG_CH1,1073,2018-04-11 23:13:32,2018-04-11 23:13:47,15,3000,200,0.778007,0.847321,0.000000,1.000000,Barely acceptable,
ECG_CH1,1074,2018-04-11 23:13:47,2018-04-11 23:14:02,15,3000,200,0.696326,0.871665,0.000000,1.000000,Barely acceptable,
ECG_CH1,1075,2018-04-11 23:14:02,2018-04-11 23:14:17,15,3000,200,0.690785,0.759240,0.000000,1.000000,Barely acceptable,
ECG_CH1,1076,2018-04-11 23:14:17,2018-04-11 23:14:32,15,3000,200,0.778080,0.821974,0.000000,1.000000,Barely acceptable,
ECG_CH1,1077,2018-04-11 23:14:32,2018-04-11 23:14:47,15,3000,200,0.682183,0.698333,0.000000,1.000000,Barely acceptable,
ECG_CH1,1078,2018-04-11 23:14:47,2018-04-11 23:15:02,15,3000,200,0.645496,0.683766,0.000000,1.000000,Barely acceptable,
ECG_CH1,1079,2018-04-11 23:15:02,2018-04-11 23:15:17,15,3000,200,0.814840,0.944730,0.000000,1.000000,Barely acceptable,
ECG_CH1,1080,2018-04-11 23:15:17,2018-04-11 23:15:32,15,3000,200,0.854760,0.932902,0.000000,1.000000,Barely acceptable,
ECG_CH1,1081,2018-04-11 23:15:32,2018-04-11 23:15:47,15,3000,200,0.705881,0.830231,0.000000,1.000000,Barely acceptable,
ECG_CH1,1082,2018-04-11 23:15:47,2018-04-11 23:16:02,15,3000,200,0.812008,0.903766,0.000000,1.000000,Barely acceptable,
ECG_CH1,1083,2018-04-11 23:16:02,2018-04-11 23:16:17,15,3000,200,0.730253,0.863642,0.000000,1.000000,Barely acceptable,
ECG_CH1,1084,2018-04-11 23:16:17,2018-04-11 23:16:32,15,3000,200,0.761380,0.851968,0.000000,1.000000,Barely acceptable,
ECG_CH1,1085,2018-04-11 23:16:32,2018-04-11 23:16:47,15,3000,200,0.840117,0.924220,0.000000,1.000000,Barely acceptable,
ECG_CH1,1086,2018-04-11 23:16:47,2018-04-11 23:17:02,15,3000,200,0.740929,0.911506,0.000000,1.000000,Barely acceptable,
ECG_CH1,1087,2018-04-11 23:17:02,2018-04-11 23:17:17,15,3000,200,0.768635,0.818808,0.000000,1.000000,Barely acceptable,
ECG_CH1,1088,2018-04-11 23:17:17,2018-04-11 23:17:32,15,3000,200,0.659620,0.708429,0.000000,1.000000,Barely acceptable,
ECG_CH1,1089,2018-04-11 23:17:32,2018-04-11 23:17:47,15,3000,200,0.725684,0.788736,0.000000,1.000000,Barely acceptable,
ECG_CH1,1090,2018-04-11 23:17:47,2018-04-11 23:18:02,15,3000,200,0.775324,0.858005,0.000000,1.000000,Barely acceptable,
ECG_CH1,1091,2018-04-11 23:18:02,2018-04-11 23:18:17,15,3000,200,0.534418,0.555565,0.000000,1.000000,Barely acceptable,
ECG_CH1,1092,2018-04-11 23:18:17,2018-04-11 23:18:32,15,3000,200,0.805355,0.918704,0.000000,1.000000,Barely acceptable,
ECG_CH1,1093,2018-04-11 23:18:32,2018-04-11 23:18:47,15,3000,200,0.678178,0.665647,0.000000,1.000000,Barely acceptable,
ECG_CH1,1094,2018-04-11 23:18:47,2018-04-11 23:19:02,15,3000,200,0.660592,0.787568,0.000000,1.000000,Barely acceptable,
ECG_CH1,1095,2018-04-11 23:19:02,2018-04-11 23:19:17,15,3000,200,0.784952,0.908241,0.000000,1.000000,Barely acceptable,
ECG_CH1,1096,2018-04-11 23:19:17,2018-04-11 23:19:32,15,3000,200,0.735303,0.860912,0.000000,1.000000,Barely acceptable,
ECG_CH1,1097,2018-04-11 23:19:32,2018-04-11 23:19:47,15,3000,200,0.716466,0.873031,0.000000,1.000000,Barely acceptable,
ECG_CH1,1098,2018-04-11 23:19:47,2018-04-11 23:20:02,15,3000,200,0.702251,0.803737,0.000000,1.000000,Barely acceptable,
ECG_CH1,1099,2018-04-11 23:20:02,2018-04-11 23:20:17,15,3000,200,0.736825,0.855775,0.000000,1.000000,Barely acceptable,
ECG_CH1,1100,2018-04-11 23:20:17,2018-04-11 23:20:32,15,3000,200,0.745519,0.803254,0.000000,1.000000,Barely acceptable,
ECG_CH1,1101,2018-04-11 23:20:32,2018-04-11 23:20:47,15,3000,200,0.712868,0.866552,0.000000,1.000000,Barely acceptable,
ECG_CH1,1102,2018-04-11 23:20:47,2018-04-11 23:21:02,15,3000,200,0.687174,0.748027,0.000000,1.000000,Barely acceptable,
ECG_CH1,1103,2018-04-11 23:21:02,2018-04-11 23:21:17,15,3000,200,0.702871,0.758429,0.000000,1.000000,Barely acceptable,
ECG_CH1,1104,2018-04-11 23:21:17,2018-04-11 23:21:32,15,3000,200,0.695942,0.758339,0.000000,1.000000,Barely acceptable,
ECG_CH1,1105,2018-04-11 23:21:32,2018-04-11 23:21:47,15,3000,200,0.665331,0.717865,0.000000,1.000000,Barely acceptable,
ECG_CH1,1106,2018-04-11 23:21:47,2018-04-11 23:22:02,15,3000,200,0.685549,0.717985,0.000000,1.000000,Barely acceptable,
ECG_CH1,1107,2018-04-11 23:22:02,2018-04-11 23:22:17,15,3000,200,0.701900,0.726846,0.000000,1.000000,Barely acceptable,
ECG_CH1,1108,2018-04-11 23:22:17,2018-04-11 23:22:32,15,3000,200,0.598562,0.583383,0.000000,1.000000,Barely acceptable,
ECG_CH1,1109,2018-04-11 23:22:32,2018-04-11 23:22:47,15,3000,200,0.703867,0.807110,0.000000,1.000000,Barely acceptable,
ECG_CH1,1110,2018-04-11 23:22:47,2018-04-11 23:23:02,15,3000,200,0.662110,0.757412,0.000000,1.000000,Barely acceptable,
ECG_CH1,1111,2018-04-11 23:23:02,2018-04-11 23:23:17,15,3000,200,0.678645,0.659078,0.000000,1.000000,Barely acceptable,
ECG_CH1,1112,2018-04-11 23:23:17,2018-04-11 23:23:32,15,3000,200,0.681848,0.676823,0.000000,1.000000,Barely acceptable,
ECG_CH1,1113,2018-04-11 23:23:32,2018-04-11 23:23:47,15,3000,200,0.711854,0.776690,0.000000,1.000000,Barely acceptable,
ECG_CH1,1114,2018-04-11 23:23:47,2018-04-11 23:24:02,15,3000,200,0.684839,0.752447,0.000000,1.000000,Barely acceptable,
ECG_CH1,1115,2018-04-11 23:24:02,2018-04-11 23:24:17,15,3000,200,0.717000,0.830865,0.000000,1.000000,Barely acceptable,
ECG_CH1,1116,2018-04-11 23:24:17,2018-04-11 23:24:32,15,3000,200,0.785247,0.856162,0.000000,1.000000,Barely acceptable,
ECG_CH1,1117,2018-04-11 23:24:32,2018-04-11 23:24:47,15,3000,200,0.708341,0.781484,0.000000,1.000000,Barely acceptable,
ECG_CH1,1118,2018-04-11 23:24:47,2018-04-11 23:25:02,15,3000,200,0.698767,0.735247,0.000000,1.000000,Barely acceptable,
ECG_CH1,1119,2018-04-11 23:25:02,2018-04-11 23:25:17,15,3000,200,0.624418,0.722019,0.000000,1.000000,Barely acceptable,
ECG_CH1,1120,2018-04-11 23:25:17,2018-04-11 23:25:32,15,3000,200,0.749242,0.812777,0.000000,1.000000,Barely acceptable,
ECG_CH1,1121,2018-04-11 23:25:32,2018-04-11 23:25:47,15,3000,200,0.842693,0.904744,0.000000,1.000000,Barely acceptable,
ECG_CH1,1122,2018-04-11 23:25:47,2018-04-11 23:26:02,15,3000,200,0.771792,0.866066,0.000000,1.000000,Barely acceptable,
ECG_CH1,1123,2018-04-11 23:26:02,2018-04-11 23:26:17,15,3000,200,0.782958,0.877449,0.000000,1.000000,Barely acceptable,
ECG_CH1,1124,2018-04-11 23:26:17,2018-04-11 23:26:32,15,3000,200,0.653678,0.705309,0.000000,1.000000,Barely acceptable,
ECG_CH1,1125,2018-04-11 23:26:32,2018-04-11 23:26:47,15,3000,200,0.669787,0.730910,0.000000,1.000000,Barely acceptable,
ECG_CH1,1126,2018-04-11 23:26:47,2018-04-11 23:27:02,15,3000,200,0.754236,0.810816,0.000000,1.000000,Barely acceptable,
ECG_CH1,1127,2018-04-11 23:27:02,2018-04-11 23:27:17,15,3000,200,0.724851,0.830567,0.000000,1.000000,Barely acceptable,
ECG_CH1,1128,2018-04-11 23:27:17,2018-04-11 23:27:32,15,3000,200,0.725429,0.862436,0.000000,1.000000,Barely acceptable,
ECG_CH1,1129,2018-04-11 23:27:32,2018-04-11 23:27:47,15,3000,200,0.603006,0.705874,0.000000,1.000000,Barely acceptable,
ECG_CH1,1130,2018-04-11 23:27:47,2018-04-11 23:28:02,15,3000,200,0.771762,0.859154,0.000000,1.000000,Barely acceptable,
ECG_CH1,1131,2018-04-11 23:28:02,2018-04-11 23:28:17,15,3000,200,0.745525,0.841648,0.000000,1.000000,Barely acceptable,
ECG_CH1,1132,2018-04-11 23:28:17,2018-04-11 23:28:32,15,3000,200,0.758191,0.888757,0.000000,1.000000,Barely acceptable,
ECG_CH1,1133,2018-04-11 23:28:32,2018-04-11 23:28:47,15,3000,200,0.647191,0.660275,0.000000,1.000000,Barely acceptable,
ECG_CH1,1134,2018-04-11 23:28:47,2018-04-11 23:29:02,15,3000,200,0.782751,0.846641,0.000000,1.000000,Barely acceptable,
ECG_CH1,1135,2018-04-11 23:29:02,2018-04-11 23:29:17,15,3000,200,0.666379,0.674276,0.000000,1.000000,Barely acceptable,
ECG_CH1,1136,2018-04-11 23:29:17,2018-04-11 23:29:32,15,3000,200,0.698736,0.702587,0.000000,1.000000,Barely acceptable,
ECG_CH1,1137,2018-04-11 23:29:32,2018-04-11 23:29:47,15,3000,200,0.671096,0.736661,0.000000,1.000000,Barely acceptable,
ECG_CH1,1138,2018-04-11 23:29:47,2018-04-11 23:30:02,15,3000,200,0.737478,0.871332,0.000000,1.000000,Barely acceptable,
ECG_CH1,1139,2018-04-11 23:30:02,2018-04-11 23:30:17,15,3000,200,0.642713,0.728724,0.000000,1.000000,Barely acceptable,
ECG_CH1,1140,2018-04-11 23:30:17,2018-04-11 23:30:32,15,3000,200,0.803770,0.883557,0.000000,1.000000,Barely acceptable,
ECG_CH1,1141,2018-04-11 23:30:32,2018-04-11 23:30:47,15,3000,200,0.636775,0.740660,0.000000,1.000000,Barely acceptable,
ECG_CH1,1142,2018-04-11 23:30:47,2018-04-11 23:31:02,15,3000,200,0.760989,0.822376,0.000000,1.000000,Barely acceptable,
ECG_CH1,1143,2018-04-11 23:31:02,2018-04-11 23:31:17,15,3000,200,0.690945,0.792988,0.000000,1.000000,Barely acceptable,
ECG_CH1,1144,2018-04-11 23:31:17,2018-04-11 23:31:32,15,3000,200,0.665617,0.699776,0.000000,1.000000,Barely acceptable,
ECG_CH1,1145,2018-04-11 23:31:32,2018-04-11 23:31:47,15,3000,200,0.730934,0.864985,0.000000,1.000000,Barely acceptable,
ECG_CH1,1146,2018-04-11 23:31:47,2018-04-11 23:32:02,15,3000,200,0.714868,0.795144,0.000000,1.000000,Barely acceptable,
ECG_CH1,1147,2018-04-11 23:32:02,2018-04-11 23:32:17,15,3000,200,0.714762,0.763436,0.000000,1.000000,Barely acceptable,
ECG_CH1,1148,2018-04-11 23:32:17,2018-04-11 23:32:32,15,3000,200,0.637911,0.778781,0.000000,1.000000,Barely acceptable,
ECG_CH1,1149,2018-04-11 23:32:32,2018-04-11 23:32:47,15,3000,200,0.590835,0.644903,0.000000,1.000000,Barely acceptable,
ECG_CH1,1150,2018-04-11 23:32:47,2018-04-11 23:33:02,15,3000,200,0.738767,0.842228,0.000000,1.000000,Barely acceptable,
ECG_CH1,1151,2018-04-11 23:33:02,2018-04-11 23:33:17,15,3000,200,0.716170,0.827951,0.000000,1.000000,Barely acceptable,
ECG_CH1,1152,2018-04-11 23:33:17,2018-04-11 23:33:32,15,3000,200,0.557873,0.570050,0.000000,1.000000,Barely acceptable,
ECG_CH1,1153,2018-04-11 23:33:32,2018-04-11 23:33:47,15,3000,200,0.684990,0.768757,0.000000,1.000000,Barely acceptable,
ECG_CH1,1154,2018-04-11 23:33:47,2018-04-11 23:34:02,15,3000,200,0.633000,0.702259,0.000000,1.000000,Barely acceptable,
ECG_CH1,1155,2018-04-11 23:34:02,2018-04-11 23:34:17,15,3000,200,0.806009,0.931342,0.000000,1.000000,Barely acceptable,
ECG_CH1,1156,2018-04-11 23:34:17,2018-04-11 23:34:32,15,3000,200,0.664991,0.657850,0.000000,1.000000,Barely acceptable,
ECG_CH1,1157,2018-04-11 23:34:32,2018-04-11 23:34:47,15,3000,200,0.492634,0.575055,0.000000,1.000000,Unacceptable,
ECG_CH1,1158,2018-04-11 23:34:47,2018-04-11 23:35:02,15,3000,200,0.752613,0.778430,0.000000,1.000000,Barely acceptable,
ECG_CH1,1159,2018-04-11 23:35:02,2018-04-11 23:35:17,15,3000,200,0.677860,0.722461,0.000000,1.000000,Barely acceptable,
ECG_CH1,1160,2018-04-11 23:35:17,2018-04-11 23:35:32,15,3000,200,0.728442,0.798206,0.000000,1.000000,Barely acceptable,
ECG_CH1,1161,2018-04-11 23:35:32,2018-04-11 23:35:47,15,3000,200,0.599319,0.662859,0.000000,1.000000,Barely acceptable,
ECG_CH1,1162,2018-04-11 23:35:47,2018-04-11 23:36:02,15,3000,200,0.672414,0.772945,0.000000,1.000000,Barely acceptable,
ECG_CH1,1163,2018-04-11 23:36:02,2018-04-11 23:36:17,15,3000,200,0.706877,0.776978,0.000000,1.000000,Barely acceptable,
ECG_CH1,1164,2018-04-11 23:36:17,2018-04-11 23:36:32,15,3000,200,0.681404,0.694149,0.000000,1.000000,Barely acceptable,
ECG_CH1,1165,2018-04-11 23:36:32,2018-04-11 23:36:47,15,3000,200,0.650842,0.688713,0.000000,1.000000,Barely acceptable,
ECG_CH1,1166,2018-04-11 23:36:47,2018-04-11 23:37:02,15,3000,200,0.672409,0.694738,0.000000,1.000000,Barely acceptable,
ECG_CH1,1167,2018-04-11 23:37:02,2018-04-11 23:37:17,15,3000,200,0.678163,0.756632,0.000000,1.000000,Barely acceptable,
ECG_CH1,1168,2018-04-11 23:37:17,2018-04-11 23:37:32,15,3000,200,0.690870,0.772861,0.000000,1.000000,Barely acceptable,
ECG_CH1,1169,2018-04-11 23:37:32,2018-04-11 23:37:47,15,3000,200,0.664338,0.737190,0.000000,1.000000,Barely acceptable,
ECG_CH1,1170,2018-04-11 23:37:47,2018-04-11 23:38:02,15,3000,200,0.775442,0.822889,0.000000,1.000000,Barely acceptable,
ECG_CH1,1171,2018-04-11 23:38:02,2018-04-11 23:38:17,15,3000,200,0.755980,0.821608,0.000000,1.000000,Barely acceptable,
ECG_CH1,1172,2018-04-11 23:38:17,2018-04-11 23:38:32,15,3000,200,0.618830,0.634943,0.000000,1.000000,Barely acceptable,
ECG_CH1,1173,2018-04-11 23:38:32,2018-04-11 23:38:47,15,3000,200,0.657931,0.840970,0.000000,1.000000,Barely acceptable,
ECG_CH1,1174,2018-04-11 23:38:47,2018-04-11 23:39:02,15,3000,200,0.691792,0.751554,0.000000,1.000000,Barely acceptable,
ECG_CH1,1175,2018-04-11 23:39:02,2018-04-11 23:39:17,15,3000,200,0.786221,0.851975,0.000000,1.000000,Barely acceptable,
ECG_CH1,1176,2018-04-11 23:39:17,2018-04-11 23:39:32,15,3000,200,0.688134,0.780157,0.000000,1.000000,Barely acceptable,
ECG_CH1,1177,2018-04-11 23:39:32,2018-04-11 23:39:47,15,3000,200,0.691849,0.760965,0.000000,1.000000,Barely acceptable,
ECG_CH1,1178,2018-04-11 23:39:47,2018-04-11 23:40:02,15,3000,200,0.667242,0.711491,0.000000,1.000000,Barely acceptable,
ECG_CH1,1179,2018-04-11 23:40:02,2018-04-11 23:40:17,15,3000,200,0.787262,0.849999,0.000000,1.000000,Barely acceptable,
ECG_CH1,1180,2018-04-11 23:40:17,2018-04-11 23:40:32,15,3000,200,0.709449,0.801194,0.000000,1.000000,Barely acceptable,
ECG_CH1,1181,2018-04-11 23:40:32,2018-04-11 23:40:47,15,3000,200,0.710933,0.858006,0.000000,1.000000,Barely acceptable,
ECG_CH1,1182,2018-04-11 23:40:47,2018-04-11 23:41:02,15,3000,200,0.679479,0.892862,0.000000,1.000000,Barely acceptable,
ECG_CH1,1183,2018-04-11 23:41:02,2018-04-11 23:41:17,15,3000,200,0.695759,0.799574,0.000000,1.000000,Barely acceptable,
ECG_CH1,1184,2018-04-11 23:41:17,2018-04-11 23:41:32,15,3000,200,0.757028,0.880562,0.000000,1.000000,Barely acceptable,
ECG_CH1,1185,2018-04-11 23:41:32,2018-04-11 23:41:47,15,3000,200,0.796959,0.877089,0.000000,1.000000,Barely acceptable,
ECG_CH1,1186,2018-04-11 23:41:47,2018-04-11 23:42:02,15,3000,200,0.702377,0.795760,0.000000,1.000000,Barely acceptable,
ECG_CH1,1187,2018-04-11 23:42:02,2018-04-11 23:42:17,15,3000,200,0.650054,0.737786,0.000000,1.000000,Barely acceptable,
ECG_CH1,1188,2018-04-11 23:42:17,2018-04-11 23:42:32,15,3000,200,0.750837,0.766178,0.000000,1.000000,Barely acceptable,
ECG_CH1,1189,2018-04-11 23:42:32,2018-04-11 23:42:47,15,3000,200,0.739564,0.820676,0.000000,1.000000,Barely acceptable,
ECG_CH1,1190,2018-04-11 23:42:47,2018-04-11 23:43:02,15,3000,200,0.807376,0.892921,0.000000,1.000000,Barely acceptable,
ECG_CH1,1191,2018-04-11 23:43:02,2018-04-11 23:43:17,15,3000,200,0.812505,0.930291,0.000000,1.000000,Barely acceptable,
ECG_CH1,1192,2018-04-11 23:43:17,2018-04-11 23:43:32,15,3000,200,0.708553,0.770860,0.000000,1.000000,Barely acceptable,
ECG_CH1,1193,2018-04-11 23:43:32,2018-04-11 23:43:47,15,3000,200,0.647172,0.678358,0.000000,1.000000,Barely acceptable,
ECG_CH1,1194,2018-04-11 23:43:47,2018-04-11 23:44:02,15,3000,200,0.701007,0.839265,0.000000,1.000000,Barely acceptable,
ECG_CH1,1195,2018-04-11 23:44:02,2018-04-11 23:44:17,15,3000,200,0.726017,0.840274,0.000000,1.000000,Barely acceptable,
ECG_CH1,1196,2018-04-11 23:44:17,2018-04-11 23:44:32,15,3000,200,0.672853,0.739485,0.000000,1.000000,Barely acceptable,
ECG_CH1,1197,2018-04-11 23:44:32,2018-04-11 23:44:47,15,3000,200,0.753574,0.754150,0.000000,1.000000,Barely acceptable,
ECG_CH1,1198,2018-04-11 23:44:47,2018-04-11 23:45:02,15,3000,200,0.597042,0.689045,0.000000,1.000000,Barely acceptable,
ECG_CH1,1199,2018-04-11 23:45:02,2018-04-11 23:45:17,15,3000,200,0.548140,0.562320,0.000000,1.000000,Barely acceptable,
ECG_CH1,1200,2018-04-11 23:45:17,2018-04-11 23:45:32,15,3000,200,0.722765,0.837652,0.000000,1.000000,Barely acceptable,
ECG_CH1,1201,2018-04-11 23:45:32,2018-04-11 23:45:47,15,3000,200,0.685414,0.727228,0.000000,1.000000,Barely acceptable,
ECG_CH1,1202,2018-04-11 23:45:47,2018-04-11 23:46:02,15,3000,200,0.666098,0.649215,0.000000,1.000000,Barely acceptable,
ECG_CH1,1203,2018-04-11 23:46:02,2018-04-11 23:46:17,15,3000,200,0.559357,0.518237,0.000000,1.000000,Barely acceptable,
ECG_CH1,1204,2018-04-11 23:46:17,2018-04-11 23:46:32,15,3000,200,0.825579,0.925723,0.000000,1.000000,Unacceptable,
ECG_CH1,1205,2018-04-11 23:46:32,2018-04-11 23:46:47,15,3000,200,0.453168,0.386953,0.000000,1.000000,Barely acceptable,
ECG_CH1,1206,2018-04-11 23:46:47,2018-04-11 23:47:02,15,3000,200,0.692361,0.798761,0.000000,1.000000,Barely acceptable,
ECG_CH1,1207,2018-04-11 23:47:02,2018-04-11 23:47:17,15,3000,200,0.801780,0.857460,0.000000,1.000000,Unacceptable,
ECG_CH1,1208,2018-04-11 23:47:17,2018-04-11 23:47:32,15,3000,200,0.700636,0.770883,0.000000,1.000000,Barely acceptable,
ECG_CH1,1209,2018-04-11 23:47:32,2018-04-11 23:47:47,15,3000,200,0.694644,0.750595,0.000000,1.000000,Barely acceptable,
ECG_CH1,1210,2018-04-11 23:47:47,2018-04-11 23:48:02,15,3000,200,0.697024,0.770397,0.000000,1.000000,Barely acceptable,
ECG_CH1,1211,2018-04-11 23:48:02,2018-04-11 23:48:17,15,3000,200,0.586237,0.706981,0.000000,1.000000,Barely acceptable,
ECG_CH1,1212,2018-04-11 23:48:17,2018-04-11 23:48:32,15,3000,200,0.729718,0.769927,0.000000,1.000000,Barely acceptable,
ECG_CH1,1213,2018-04-11 23:48:32,2018-04-11 23:48:47,15,3000,200,0.764072,0.884980,0.000000,1.000000,Barely acceptable,
ECG_CH1,1214,2018-04-11 23:48:47,2018-04-11 23:49:02,15,3000,200,0.675149,0.800084,0.000000,1.000000,Barely acceptable,
ECG_CH1,1215,2018-04-11 23:49:02,2018-04-11 23:49:17,15,3000,200,0.672903,0.737662,0.000000,1.000000,Barely acceptable,
ECG_CH1,1216,2018-04-11 23:49:17,2018-04-11 23:49:32,15,3000,200,0.699649,0.764814,0.000000,1.000000,Unacceptable,
ECG_CH1,1217,2018-04-11 23:49:32,2018-04-11 23:49:47,15,3000,200,0.761470,0.877377,0.000000,1.000000,Barely acceptable,
ECG_CH1,1218,2018-04-11 23:49:47,2018-04-11 23:50:02,15,3000,200,0.776387,0.896509,0.000000,1.000000,Barely acceptable,
ECG_CH1,1219,2018-04-11 23:50:02,2018-04-11 23:50:17,15,3000,200,0.730874,0.815167,0.000000,1.000000,Barely acceptable,
ECG_CH1,1220,2018-04-11 23:50:17,2018-04-11 23:50:32,15,3000,200,0.761992,0.844226,0.000000,1.000000,Barely acceptable,
ECG_CH1,1221,2018-04-11 23:50:32,2018-04-11 23:50:47,15,3000,200,0.625020,0.759684,0.000000,1.000000,Barely acceptable,
ECG_CH1,1222,2018-04-11 23:50:47,2018-04-11 23:51:02,15,3000,200,0.693236,0.759577,0.000000,1.000000,Barely acceptable,
ECG_CH1,1223,2018-04-11 23:51:02,2018-04-11 23:51:17,15,3000,200,0.700471,0.763023,0.000000,1.000000,Barely acceptable,
ECG_CH1,1224,2018-04-11 23:51:17,2018-04-11 23:51:32,15,3000,200,0.720430,0.775618,0.000000,1.000000,Barely acceptable,
ECG_CH1,1225,2018-04-11 23:51:32,2018-04-11 23:51:47,15,3000,200,0.716849,0.801673,0.000000,1.000000,Barely acceptable,
ECG_CH1,1226,2018-04-11 23:51:47,2018-04-11 23:52:02,15,3000,200,0.833915,0.881736,0.000000,1.000000,Barely acceptable,
ECG_CH1,1227,2018-04-11 23:52:02,2018-04-11 23:52:17,15,3000,200,0.750883,0.847612,0.000000,1.000000,Barely acceptable,
ECG_CH1,1228,2018-04-11 23:52:17,2018-04-11 23:52:32,15,3000,200,0.794934,0.911449,0.000000,1.000000,Barely acceptable,
ECG_CH1,1229,2018-04-11 23:52:32,2018-04-11 23:52:47,15,3000,200,0.764312,0.887207,0.000000,1.000000,Barely acceptable,
ECG_CH1,1230,2018-04-11 23:52:47,2018-04-11 23:53:02,15,3000,200,0.706018,0.887404,0.000000,1.000000,Barely acceptable,
ECG_CH1,1231,2018-04-11 23:53:02,2018-04-11 23:53:17,15,3000,200,0.743859,0.850519,0.000000,1.000000,Barely acceptable,
ECG_CH1,1232,2018-04-11 23:53:17,2018-04-11 23:53:32,15,3000,200,0.728505,0.824771,0.000000,1.000000,Barely acceptable,
ECG_CH1,1233,2018-04-11 23:53:32,2018-04-11 23:53:47,15,3000,200,0.692171,0.825555,0.000000,1.000000,Barely acceptable,
ECG_CH1,1234,2018-04-11 23:53:47,2018-04-11 23:54:02,15,3000,200,0.617057,0.732983,0.000000,1.000000,Barely acceptable,
ECG_CH1,1235,2018-04-11 23:54:02,2018-04-11 23:54:17,15,3000,200,0.554713,0.636919,0.000000,1.000000,Barely acceptable,
ECG_CH1,1236,2018-04-11 23:54:17,2018-04-11 23:54:32,15,3000,200,0.676149,0.785658,0.000000,1.000000,Barely acceptable,
ECG_CH1,1237,2018-04-11 23:54:32,2018-04-11 23:54:47,15,3000,200,0.821133,0.893810,0.000000,1.000000,Barely acceptable,
ECG_CH1,1238,2018-04-11 23:54:47,2018-04-11 23:55:02,15,3000,200,0.596429,0.605130,0.000000,1.000000,Barely acceptable,
ECG_CH1,1239,2018-04-11 23:55:02,2018-04-11 23:55:17,15,3000,200,0.453153,0.382564,0.000000,1.000000,Barely acceptable,
ECG_CH1,1240,2018-04-11 23:55:17,2018-04-11 23:55:32,15,3000,200,0.725553,0.816177,0.000000,1.000000,Barely acceptable,
ECG_CH1,1241,2018-04-11 23:55:32,2018-04-11 23:55:47,15,3000,200,0.747534,0.841294,0.000000,1.000000,Barely acceptable,
ECG_CH1,1242,2018-04-11 23:55:47,2018-04-11 23:56:02,15,3000,200,0.562572,0.622106,0.000000,1.000000,Barely acceptable,
ECG_CH1,1243,2018-04-11 23:56:02,2018-04-11 23:56:17,15,3000,200,0.620444,0.741717,0.000000,1.000000,Barely acceptable,
ECG_CH1,1244,2018-04-11 23:56:17,2018-04-11 23:56:32,15,3000,200,0.699166,0.786700,0.000000,1.000000,Barely acceptable,
ECG_CH1,1245,2018-04-11 23:56:32,2018-04-11 23:56:47,15,3000,200,0.659999,0.785637,0.000000,1.000000,Barely acceptable,
ECG_CH1,1246,2018-04-11 23:56:47,2018-04-11 23:57:02,15,3000,200,0.689559,0.759760,0.000000,1.000000,Barely acceptable,
ECG_CH1,1247,2018-04-11 23:57:02,2018-04-11 23:57:17,15,3000,200,0.688031,0.696574,0.000000,1.000000,Barely acceptable,
ECG_CH1,1248,2018-04-11 23:57:17,2018-04-11 23:57:32,15,3000,200,0.616380,0.595672,0.000000,1.000000,Barely acceptable,
ECG_CH1,1249,2018-04-11 23:57:32,2018-04-11 23:57:47,15,3000,200,0.707542,0.856025,0.000000,1.000000,Barely acceptable,
ECG_CH1,1250,2018-04-11 23:57:47,2018-04-11 23:58:02,15,3000,200,0.675950,0.827436,0.000000,1.000000,Barely acceptable,
ECG_CH1,1251,2018-04-11 23:58:02,2018-04-11 23:58:17,15,3000,200,0.657178,0.733124,0.000000,1.000000,Barely acceptable,
ECG_CH1,1252,2018-04-11 23:58:17,2018-04-11 23:58:32,15,3000,200,0.812307,0.906211,0.000000,1.000000,Barely acceptable,
ECG_CH1,1253,2018-04-11 23:58:32,2018-04-11 23:58:47,15,3000,200,0.654068,0.730092,0.000000,1.000000,Barely acceptable,
ECG_CH1,1254,2018-04-11 23:58:47,2018-04-11 23:59:02,15,3000,200,0.760672,0.851888,0.000000,1.000000,Barely acceptable,
ECG_CH1,1255,2018-04-11 23:59:02,2018-04-11 23:59:17,15,3000,200,0.675169,0.773641,0.000000,1.000000,Barely acceptable,
ECG_CH1,1256,2018-04-11 23:59:17,2018-04-11 23:59:32,15,3000,200,0.634124,0.657505,0.000000,1.000000,Barely acceptable,
ECG_CH1,1257,2018-04-11 23:59:32,2018-04-11 23:59:47,15,3000,200,0.804185,0.904721,0.000000,1.000000,Barely acceptable,
ECG_CH1,1258,2018-04-11 23:59:47,2018-04-12 00:00:02,15,3000,200,0.792529,0.907964,0.000000,1.000000,Unacceptable,
ECG_CH1,1259,2018-04-12 00:00:02,2018-04-12 00:00:17,15,3000,200,0.837127,0.931494,0.000000,1.000000,Barely acceptable,
ECG_CH1,1260,2018-04-12 00:00:17,2018-04-12 00:00:32,15,3000,200,0.652560,0.765699,0.000000,1.000000,Barely acceptable,
ECG_CH1,1261,2018-04-12 00:00:32,2018-04-12 00:00:47,15,3000,200,0.694942,0.829205,0.000000,1.000000,Barely acceptable,
ECG_CH1,1262,2018-04-12 00:00:47,2018-04-12 00:01:02,15,3000,200,0.742830,0.864897,0.000000,1.000000,Barely acceptable,
ECG_CH1,1263,2018-04-12 00:01:02,2018-04-12 00:01:17,15,3000,200,0.722609,0.839485,0.000000,1.000000,Barely acceptable,
ECG_CH1,1264,2018-04-12 00:01:17,2018-04-12 00:01:32,15,3000,200,0.605558,0.719715,0.000000,1.000000,Barely acceptable,
ECG_CH1,1265,2018-04-12 00:01:32,2018-04-12 00:01:47,15,3000,200,0.666742,0.684226,0.000000,1.000000,Barely acceptable,
ECG_CH1,1266,2018-04-12 00:01:47,2018-04-12 00:02:02,15,3000,200,0.680408,0.867783,0.000000,1.000000,Barely acceptable,
ECG_CH1,1267,2018-04-12 00:02:02,2018-04-12 00:02:17,15,3000,200,0.744281,0.833554,0.000000,1.000000,Barely acceptable,
ECG_CH1,1268,2018-04-12 00:02:17,2018-04-12 00:02:32,15,3000,200,0.649995,0.752844,0.000000,1.000000,Barely acceptable,
ECG_CH1,1269,2018-04-12 00:02:32,2018-04-12 00:02:47,15,3000,200,0.684866,0.762125,0.000000,1.000000,Barely acceptable,
ECG_CH1,1270,2018-04-12 00:02:47,2018-04-12 00:03:02,15,3000,200,0.738104,0.883525,0.000000,1.000000,Barely acceptable,
ECG_CH1,1271,2018-04-12 00:03:02,2018-04-12 00:03:17,15,3000,200,0.713854,0.824863,0.000000,1.000000,Barely acceptable,
ECG_CH1,1272,2018-04-12 00:03:17,2018-04-12 00:03:32,15,3000,200,0.610102,0.695455,0.000000,1.000000,Barely acceptable,
ECG_CH1,1273,2018-04-12 00:03:32,2018-04-12 00:03:47,15,3000,200,0.623004,0.722706,0.000000,1.000000,Barely acceptable,
ECG_CH1,1274,2018-04-12 00:03:47,2018-04-12 00:04:02,15,3000,200,0.866645,0.957482,0.000000,1.000000,Barely acceptable,
ECG_CH1,1275,2018-04-12 00:04:02,2018-04-12 00:04:17,15,3000,200,0.779392,0.840330,0.000000,1.000000,Barely acceptable,
ECG_CH1,1276,2018-04-12 00:04:17,2018-04-12 00:04:32,15,3000,200,0.803953,0.929230,0.000000,1.000000,Barely acceptable,
ECG_CH1,1277,2018-04-12 00:04:32,2018-04-12 00:04:47,15,3000,200,0.739541,0.849768,0.000000,1.000000,Barely acceptable,
ECG_CH1,1278,2018-04-12 00:04:47,2018-04-12 00:05:02,15,3000,200,0.559732,0.630259,0.000000,1.000000,Barely acceptable,
ECG_CH1,1279,2018-04-12 00:05:02,2018-04-12 00:05:17,15,3000,200,0.787316,0.890563,0.000000,1.000000,Barely acceptable,
ECG_CH1,1280,2018-04-12 00:05:17,2018-04-12 00:05:32,15,3000,200,0.716823,0.808921,0.000000,1.000000,Barely acceptable,
ECG_CH1,1281,2018-04-12 00:05:32,2018-04-12 00:05:47,15,3000,200,0.755636,0.867801,0.000000,1.000000,Barely acceptable,
ECG_CH1,1282,2018-04-12 00:05:47,2018-04-12 00:06:02,15,3000,200,0.727540,0.771141,0.000000,1.000000,Barely acceptable,
ECG_CH1,1283,2018-04-12 00:06:02,2018-04-12 00:06:17,15,3000,200,0.638660,0.719355,0.000000,1.000000,Barely acceptable,
ECG_CH1,1284,2018-04-12 00:06:17,2018-04-12 00:06:32,15,3000,200,0.744978,0.877966,0.000000,1.000000,Barely acceptable,
ECG_CH1,1285,2018-04-12 00:06:32,2018-04-12 00:06:47,15,3000,200,0.656218,0.651052,0.000000,1.000000,Barely acceptable,
ECG_CH1,1286,2018-04-12 00:06:47,2018-04-12 00:07:02,15,3000,200,0.694144,0.680993,0.000000,1.000000,Barely acceptable,
ECG_CH1,1287,2018-04-12 00:07:02,2018-04-12 00:07:17,15,3000,200,0.668081,0.740675,0.000000,1.000000,Barely acceptable,
ECG_CH1,1288,2018-04-12 00:07:17,2018-04-12 00:07:32,15,3000,200,0.580194,0.696837,0.000000,1.000000,Barely acceptable,
ECG_CH1,1289,2018-04-12 00:07:32,2018-04-12 00:07:47,15,3000,200,0.696766,0.877603,0.000000,1.000000,Barely acceptable,
ECG_CH1,1290,2018-04-12 00:07:47,2018-04-12 00:08:02,15,3000,200,0.509031,0.449563,0.000000,1.000000,Barely acceptable,
ECG_CH1,1291,2018-04-12 00:08:02,2018-04-12 00:08:17,15,3000,200,0.634649,0.644077,0.000000,1.000000,Barely acceptable,
ECG_CH1,1292,2018-04-12 00:08:17,2018-04-12 00:08:32,15,3000,200,0.791080,0.899879,0.000000,1.000000,Barely acceptable,
ECG_CH1,1293,2018-04-12 00:08:32,2018-04-12 00:08:47,15,3000,200,0.698111,0.703570,0.000000,1.000000,Barely acceptable,
ECG_CH1,1294,2018-04-12 00:08:47,2018-04-12 00:09:02,15,3000,200,0.577118,0.645187,0.000000,1.000000,Barely acceptable,
ECG_CH1,1295,2018-04-12 00:09:02,2018-04-12 00:09:17,15,3000,200,0.704180,0.719457,0.000000,1.000000,Barely acceptable,
ECG_CH1,1296,2018-04-12 00:09:17,2018-04-12 00:09:32,15,3000,200,0.705781,0.740468,0.000000,1.000000,Barely acceptable,
ECG_CH1,1297,2018-04-12 00:09:32,2018-04-12 00:09:47,15,3000,200,0.665640,0.748396,0.000000,1.000000,Barely acceptable,
ECG_CH1,1298,2018-04-12 00:09:47,2018-04-12 00:10:02,15,3000,200,0.640347,0.715386,0.000000,1.000000,Barely acceptable,
ECG_CH1,1299,2018-04-12 00:10:02,2018-04-12 00:10:17,15,3000,200,0.760246,0.866960,0.000000,1.000000,Barely acceptable,
ECG_CH1,1300,2018-04-12 00:10:17,2018-04-12 00:10:32,15,3000,200,0.655875,0.705970,0.000000,1.000000,Barely acceptable,
ECG_CH1,1301,2018-04-12 00:10:32,2018-04-12 00:10:47,15,3000,200,0.629839,0.731420,0.000000,1.000000,Barely acceptable,
ECG_CH1,1302,2018-04-12 00:10:47,2018-04-12 00:11:02,15,3000,200,0.763393,0.823769,0.000000,1.000000,Barely acceptable,
ECG_CH1,1303,2018-04-12 00:11:02,2018-04-12 00:11:17,15,3000,200,0.586149,0.588873,0.000000,1.000000,Barely acceptable,
ECG_CH1,1304,2018-04-12 00:11:17,2018-04-12 00:11:32,15,3000,200,0.849388,0.910519,0.000000,1.000000,Unacceptable,
ECG_CH1,1305,2018-04-12 00:11:32,2018-04-12 00:11:47,15,3000,200,0.600768,0.658569,0.000000,1.000000,Barely acceptable,
ECG_CH1,1306,2018-04-12 00:11:47,2018-04-12 00:12:02,15,3000,200,0.603591,0.628891,0.000000,1.000000,Barely acceptable,
ECG_CH1,1307,2018-04-12 00:12:02,2018-04-12 00:12:17,15,3000,200,0.692268,0.818462,0.000000,1.000000,Barely acceptable,
ECG_CH1,1308,2018-04-12 00:12:17,2018-04-12 00:12:32,15,3000,200,0.752529,0.811451,0.000000,1.000000,Barely acceptable,
ECG_CH1,1309,2018-04-12 00:12:32,2018-04-12 00:12:47,15,3000,200,0.676927,0.795538,0.000000,1.000000,Barely acceptable,
ECG_CH1,1310,2018-04-12 00:12:47,2018-04-12 00:13:02,15,3000,200,0.755711,0.847744,0.000000,1.000000,Barely acceptable,
ECG_CH1,1311,2018-04-12 00:13:02,2018-04-12 00:13:17,15,3000,200,0.619296,0.634374,0.000000,1.000000,Barely acceptable,
ECG_CH1,1312,2018-04-12 00:13:17,2018-04-12 00:13:32,15,3000,200,0.635766,0.671754,0.000000,1.000000,Barely acceptable,
ECG_CH1,1313,2018-04-12 00:13:32,2018-04-12 00:13:47,15,3000,200,0.625933,0.621789,0.000000,1.000000,Barely acceptable,
ECG_CH1,1314,2018-04-12 00:13:47,2018-04-12 00:14:02,15,3000,200,0.654058,0.689376,0.000000,1.000000,Barely acceptable,
ECG_CH1,1315,2018-04-12 00:14:02,2018-04-12 00:14:17,15,3000,200,0.756461,0.915754,0.000000,1.000000,Barely acceptable,
ECG_CH1,1316,2018-04-12 00:14:17,2018-04-12 00:14:32,15,3000,200,0.792951,0.885579,0.000000,1.000000,Barely acceptable,
ECG_CH1,1317,2018-04-12 00:14:32,2018-04-12 00:14:47,15,3000,200,0.792815,0.924889,0.000000,1.000000,Barely acceptable,
ECG_CH1,1318,2018-04-12 00:14:47,2018-04-12 00:15:02,15,3000,200,0.731367,0.800766,0.000000,1.000000,Barely acceptable,
ECG_CH1,1319,2018-04-12 00:15:02,2018-04-12 00:15:17,15,3000,200,0.741380,0.894611,0.000000,1.000000,Barely acceptable,
ECG_CH1,1320,2018-04-12 00:15:17,2018-04-12 00:15:32,15,3000,200,0.615393,0.728886,0.000000,1.000000,Barely acceptable,
ECG_CH1,1321,2018-04-12 00:15:32,2018-04-12 00:15:47,15,3000,200,0.730723,0.773201,0.000000,1.000000,Barely acceptable,
ECG_CH1,1322,2018-04-12 00:15:47,2018-04-12 00:16:02,15,3000,200,0.608141,0.683581,0.000000,1.000000,Barely acceptable,
ECG_CH1,1323,2018-04-12 00:16:02,2018-04-12 00:16:17,15,3000,200,0.729778,0.805308,0.000000,1.000000,Barely acceptable,
ECG_CH1,1324,2018-04-12 00:16:17,2018-04-12 00:16:32,15,3000,200,0.706744,0.843567,0.000000,1.000000,Barely acceptable,
ECG_CH1,1325,2018-04-12 00:16:32,2018-04-12 00:16:47,15,3000,200,0.658482,0.691752,0.000000,1.000000,Barely acceptable,
ECG_CH1,1326,2018-04-12 00:16:47,2018-04-12 00:17:02,15,3000,200,0.578257,0.720235,0.000000,1.000000,Barely acceptable,
ECG_CH1,1327,2018-04-12 00:17:02,2018-04-12 00:17:17,15,3000,200,0.643313,0.787190,0.000000,1.000000,Barely acceptable,
ECG_CH1,1328,2018-04-12 00:17:17,2018-04-12 00:17:32,15,3000,200,0.737573,0.857299,0.000000,1.000000,Barely acceptable,
ECG_CH1,1329,2018-04-12 00:17:32,2018-04-12 00:17:47,15,3000,200,0.615230,0.684071,0.000000,1.000000,Barely acceptable,
ECG_CH1,1330,2018-04-12 00:17:47,2018-04-12 00:18:02,15,3000,200,0.579659,0.623198,0.000000,1.000000,Barely acceptable,
ECG_CH1,1331,2018-04-12 00:18:02,2018-04-12 00:18:17,15,3000,200,0.672557,0.821087,0.000000,1.000000,Barely acceptable,
ECG_CH1,1332,2018-04-12 00:18:17,2018-04-12 00:18:32,15,3000,200,0.498287,0.522011,0.000000,1.000000,Barely acceptable,
ECG_CH1,1333,2018-04-12 00:18:32,2018-04-12 00:18:47,15,3000,200,0.596634,0.624014,0.000000,1.000000,Barely acceptable,
ECG_CH1,1334,2018-04-12 00:18:47,2018-04-12 00:19:02,15,3000,200,0.666112,0.794358,0.000000,1.000000,Barely acceptable,
ECG_CH1,1335,2018-04-12 00:19:02,2018-04-12 00:19:17,15,3000,200,0.684984,0.764294,0.000000,1.000000,Barely acceptable,
ECG_CH1,1336,2018-04-12 00:19:17,2018-04-12 00:19:32,15,3000,200,0.695471,0.752635,0.000000,1.000000,Barely acceptable,
ECG_CH1,1337,2018-04-12 00:19:32,2018-04-12 00:19:47,15,3000,200,0.609585,0.695515,0.000000,1.000000,Barely acceptable,
ECG_CH1,1338,2018-04-12 00:19:47,2018-04-12 00:20:02,15,3000,200,0.730200,0.779392,0.000000,1.000000,Barely acceptable,
ECG_CH1,1339,2018-04-12 00:20:02,2018-04-12 00:20:17,15,3000,200,0.726844,0.845603,0.000000,1.000000,Barely acceptable,
ECG_CH1,1340,2018-04-12 00:20:17,2018-04-12 00:20:32,15,3000,200,0.696630,0.789730,0.000000,1.000000,Barely acceptable,
ECG_CH1,1341,2018-04-12 00:20:32,2018-04-12 00:20:47,15,3000,200,0.605202,0.658341,0.000000,1.000000,Barely acceptable,
ECG_CH1,1342,2018-04-12 00:20:47,2018-04-12 00:21:02,15,3000,200,0.679488,0.757913,0.000000,1.000000,Barely acceptable,
ECG_CH1,1343,2018-04-12 00:21:02,2018-04-12 00:21:17,15,3000,200,0.691197,0.733154,0.000000,1.000000,Barely acceptable,
ECG_CH1,1344,2018-04-12 00:21:17,2018-04-12 00:21:32,15,3000,200,0.650499,0.734042,0.000000,1.000000,Barely acceptable,
ECG_CH1,1345,2018-04-12 00:21:32,2018-04-12 00:21:47,15,3000,200,0.704844,0.755509,0.000000,1.000000,Barely acceptable,
ECG_CH1,1346,2018-04-12 00:21:47,2018-04-12 00:22:02,15,3000,200,0.767416,0.802056,0.000000,1.000000,Barely acceptable,
ECG_CH1,1347,2018-04-12 00:22:02,2018-04-12 00:22:17,15,3000,200,0.628810,0.711727,0.000000,1.000000,Barely acceptable,
ECG_CH1,1348,2018-04-12 00:22:17,2018-04-12 00:22:32,15,3000,200,0.769974,0.837282,0.000000,1.000000,Barely acceptable,
ECG_CH1,1349,2018-04-12 00:22:32,2018-04-12 00:22:47,15,3000,200,0.829814,0.933810,0.000000,1.000000,Barely acceptable,
ECG_CH1,1350,2018-04-12 00:22:47,2018-04-12 00:23:02,15,3000,200,0.811580,0.891041,0.000000,1.000000,Barely acceptable,
ECG_CH1,1351,2018-04-12 00:23:02,2018-04-12 00:23:17,15,3000,200,0.457208,0.551801,0.000000,1.000000,Barely acceptable,
ECG_CH1,1352,2018-04-12 00:23:17,2018-04-12 00:23:32,15,3000,200,0.509096,0.434594,0.000000,1.000000,Barely acceptable,
ECG_CH1,1353,2018-04-12 00:23:32,2018-04-12 00:23:47,15,3000,200,0.699168,0.839313,0.000000,1.000000,Barely acceptable,
ECG_CH1,1354,2018-04-12 00:23:47,2018-04-12 00:24:02,15,3000,200,0.601268,0.645783,0.000000,1.000000,Barely acceptable,
ECG_CH1,1355,2018-04-12 00:24:02,2018-04-12 00:24:17,15,3000,200,0.787494,0.850542,0.000000,1.000000,Barely acceptable,
ECG_CH1,1356,2018-04-12 00:24:17,2018-04-12 00:24:32,15,3000,200,0.840795,0.895144,0.000000,1.000000,Barely acceptable,
ECG_CH1,1357,2018-04-12 00:24:32,2018-04-12 00:24:47,15,3000,200,0.496549,0.503669,0.000000,1.000000,Barely acceptable,
ECG_CH1,1358,2018-04-12 00:24:47,2018-04-12 00:25:02,15,3000,200,0.645901,0.737296,0.000000,1.000000,Barely acceptable,
ECG_CH1,1359,2018-04-12 00:25:02,2018-04-12 00:25:17,15,3000,200,0.745488,0.906400,0.000000,1.000000,Barely acceptable,
ECG_CH1,1360,2018-04-12 00:25:17,2018-04-12 00:25:32,15,3000,200,0.630729,0.731106,0.000000,1.000000,Barely acceptable,
ECG_CH1,1361,2018-04-12 00:25:32,2018-04-12 00:25:47,15,3000,200,0.505091,0.463169,0.000000,1.000000,Barely acceptable,
ECG_CH1,1362,2018-04-12 00:25:47,2018-04-12 00:26:02,15,3000,200,0.731635,0.787365,0.000000,1.000000,Barely acceptable,
ECG_CH1,1363,2018-04-12 00:26:02,2018-04-12 00:26:17,15,3000,200,0.694428,0.722065,0.000000,1.000000,Barely acceptable,
ECG_CH1,1364,2018-04-12 00:26:17,2018-04-12 00:26:32,15,3000,200,0.703246,0.747914,0.000000,1.000000,Barely acceptable,
ECG_CH1,1365,2018-04-12 00:26:32,2018-04-12 00:26:47,15,3000,200,0.717837,0.842336,0.000000,1.000000,Barely acceptable,
ECG_CH1,1366,2018-04-12 00:26:47,2018-04-12 00:27:02,15,3000,200,0.591649,0.677633,0.000000,1.000000,Barely acceptable,
ECG_CH1,1367,2018-04-12 00:27:02,2018-04-12 00:27:17,15,3000,200,0.683356,0.742052,0.000000,1.000000,Barely acceptable,
ECG_CH1,1368,2018-04-12 00:27:17,2018-04-12 00:27:32,15,3000,200,0.673454,0.718063,0.000000,1.000000,Barely acceptable,
ECG_CH1,1369,2018-04-12 00:27:32,2018-04-12 00:27:47,15,3000,200,0.766342,0.919069,0.000000,1.000000,Barely acceptable,
ECG_CH1,1370,2018-04-12 00:27:47,2018-04-12 00:28:02,15,3000,200,0.749292,0.791616,0.000000,1.000000,Barely acceptable,
ECG_CH1,1371,2018-04-12 00:28:02,2018-04-12 00:28:17,15,3000,200,0.655561,0.642735,0.000000,1.000000,Barely acceptable,
ECG_CH1,1372,2018-04-12 00:28:17,2018-04-12 00:28:32,15,3000,200,0.706021,0.819655,0.000000,1.000000,Barely acceptable,
ECG_CH1,1373,2018-04-12 00:28:32,2018-04-12 00:28:47,15,3000,200,0.759831,0.849256,0.000000,1.000000,Barely acceptable,
ECG_CH1,1374,2018-04-12 00:28:47,2018-04-12 00:29:02,15,3000,200,0.748052,0.865775,0.000000,1.000000,Barely acceptable,
ECG_CH1,1375,2018-04-12 00:29:02,2018-04-12 00:29:17,15,3000,200,0.668929,0.803869,0.000000,1.000000,Barely acceptable,
ECG_CH1,1376,2018-04-12 00:29:17,2018-04-12 00:29:32,15,3000,200,0.575686,0.657655,0.000000,1.000000,Barely acceptable,
ECG_CH1,1377,2018-04-12 00:29:32,2018-04-12 00:29:47,15,3000,200,0.725558,0.831142,0.000000,1.000000,Barely acceptable,
ECG_CH1,1378,2018-04-12 00:29:47,2018-04-12 00:30:02,15,3000,200,0.575800,0.660240,0.000000,1.000000,Barely acceptable,
ECG_CH1,1379,2018-04-12 00:30:02,2018-04-12 00:30:17,15,3000,200,0.592955,0.630010,0.000000,1.000000,Barely acceptable,
ECG_CH1,1380,2018-04-12 00:30:17,2018-04-12 00:30:32,15,3000,200,0.710571,0.889139,0.000000,1.000000,Barely acceptable,
ECG_CH1,1381,2018-04-12 00:30:32,2018-04-12 00:30:47,15,3000,200,0.687775,0.762112,0.000000,1.000000,Barely acceptable,
ECG_CH1,1382,2018-04-12 00:30:47,2018-04-12 00:31:02,15,3000,200,0.600768,0.761103,0.000000,1.000000,Barely acceptable,
ECG_CH1,1383,2018-04-12 00:31:02,2018-04-12 00:31:17,15,3000,200,0.775822,0.869281,0.000000,1.000000,Barely acceptable,
ECG_CH1,1384,2018-04-12 00:31:17,2018-04-12 00:31:32,15,3000,200,0.784581,0.821526,0.000000,1.000000,Barely acceptable,
ECG_CH1,1385,2018-04-12 00:31:32,2018-04-12 00:31:47,15,3000,200,0.788330,0.873304,0.000000,1.000000,Barely acceptable,
ECG_CH1,1386,2018-04-12 00:31:47,2018-04-12 00:32:02,15,3000,200,0.828855,0.892700,0.000000,1.000000,Barely acceptable,
ECG_CH1,1387,2018-04-12 00:32:02,2018-04-12 00:32:17,15,3000,200,0.727264,0.853446,0.000000,1.000000,Barely acceptable,
ECG_CH1,1388,2018-04-12 00:32:17,2018-04-12 00:32:32,15,3000,200,0.617295,0.621917,0.000000,1.000000,Barely acceptable,
ECG_CH1,1389,2018-04-12 00:32:32,2018-04-12 00:32:47,15,3000,200,0.479821,0.465347,0.000000,1.000000,Barely acceptable,
ECG_CH1,1390,2018-04-12 00:32:47,2018-04-12 00:33:02,15,3000,200,0.666241,0.749866,0.000000,1.000000,Barely acceptable,
ECG_CH1,1391,2018-04-12 00:33:02,2018-04-12 00:33:17,15,3000,200,0.751554,0.795828,0.000000,1.000000,Barely acceptable,
ECG_CH1,1392,2018-04-12 00:33:17,2018-04-12 00:33:32,15,3000,200,0.642877,0.687332,0.000000,1.000000,Barely acceptable,
ECG_CH1,1393,2018-04-12 00:33:32,2018-04-12 00:33:47,15,3000,200,0.701302,0.757798,0.000000,1.000000,Barely acceptable,
ECG_CH1,1394,2018-04-12 00:33:47,2018-04-12 00:34:02,15,3000,200,0.697431,0.756750,0.000000,1.000000,Barely acceptable,
ECG_CH1,1395,2018-04-12 00:34:02,2018-04-12 00:34:17,15,3000,200,0.691248,0.876436,0.000000,1.000000,Barely acceptable,
ECG_CH1,1396,2018-04-12 00:34:17,2018-04-12 00:34:32,15,3000,200,0.747162,0.829460,0.000000,1.000000,Barely acceptable,
ECG_CH1,1397,2018-04-12 00:34:32,2018-04-12 00:34:47,15,3000,200,0.654678,0.741420,0.000000,1.000000,Barely acceptable,
ECG_CH1,1398,2018-04-12 00:34:47,2018-04-12 00:35:02,15,3000,200,0.708768,0.796746,0.000000,1.000000,Barely acceptable,
ECG_CH1,1399,2018-04-12 00:35:02,2018-04-12 00:35:17,15,3000,200,0.614450,0.589983,0.000000,1.000000,Barely acceptable,
ECG_CH1,1400,2018-04-12 00:35:17,2018-04-12 00:35:32,15,3000,200,0.846636,0.911857,0.000000,1.000000,Barely acceptable,
ECG_CH1,1401,2018-04-12 00:35:32,2018-04-12 00:35:47,15,3000,200,0.823140,0.918249,0.000000,1.000000,Barely acceptable,
ECG_CH1,1402,2018-04-12 00:35:47,2018-04-12 00:36:02,15,3000,200,0.700913,0.792072,0.000000,1.000000,Barely acceptable,
ECG_CH1,1403,2018-04-12 00:36:02,2018-04-12 00:36:17,15,3000,200,0.584771,0.723841,0.000000,1.000000,Barely acceptable,
ECG_CH1,1404,2018-04-12 00:36:17,2018-04-12 00:36:32,15,3000,200,0.657295,0.712639,0.000000,1.000000,Barely acceptable,
ECG_CH1,1405,2018-04-12 00:36:32,2018-04-12 00:36:47,15,3000,200,0.706517,0.694548,0.000000,1.000000,Barely acceptable,
ECG_CH1,1406,2018-04-12 00:36:47,2018-04-12 00:37:02,15,3000,200,0.721198,0.858159,0.000000,1.000000,Barely acceptable,
ECG_CH1,1407,2018-04-12 00:37:02,2018-04-12 00:37:17,15,3000,200,0.727809,0.804233,0.000000,1.000000,Barely acceptable,
ECG_CH1,1408,2018-04-12 00:37:17,2018-04-12 00:37:32,15,3000,200,0.717677,0.734538,0.000000,1.000000,Barely acceptable,
ECG_CH1,1409,2018-04-12 00:37:32,2018-04-12 00:37:47,15,3000,200,0.708533,0.779528,0.000000,1.000000,Barely acceptable,
ECG_CH1,1410,2018-04-12 00:37:47,2018-04-12 00:38:02,15,3000,200,0.801570,0.829447,0.000000,1.000000,Barely acceptable,
ECG_CH1,1411,2018-04-12 00:38:02,2018-04-12 00:38:17,15,3000,200,0.654533,0.757493,0.000000,1.000000,Barely acceptable,
ECG_CH1,1412,2018-04-12 00:38:17,2018-04-12 00:38:32,15,3000,200,0.539626,0.553243,0.000000,1.000000,Barely acceptable,
ECG_CH1,1413,2018-04-12 00:38:32,2018-04-12 00:38:47,15,3000,200,0.846237,0.950217,0.000000,1.000000,Barely acceptable,
ECG_CH1,1414,2018-04-12 00:38:47,2018-04-12 00:39:02,15,3000,200,0.735755,0.821490,0.000000,1.000000,Barely acceptable,
ECG_CH1,1415,2018-04-12 00:39:02,2018-04-12 00:39:17,15,3000,200,0.752472,0.939375,0.000000,1.000000,Barely acceptable,
ECG_CH1,1416,2018-04-12 00:39:17,2018-04-12 00:39:32,15,3000,200,0.785635,0.917148,0.000000,1.000000,Barely acceptable,
ECG_CH1,1417,2018-04-12 00:39:32,2018-04-12 00:39:47,15,3000,200,0.654863,0.768842,0.000000,1.000000,Barely acceptable,
ECG_CH1,1418,2018-04-12 00:39:47,2018-04-12 00:40:02,15,3000,200,0.746378,0.788918,0.000000,1.000000,Barely acceptable,
ECG_CH1,1419,2018-04-12 00:40:02,2018-04-12 00:40:17,15,3000,200,0.808014,0.903935,0.000000,1.000000,Barely acceptable,
ECG_CH1,1420,2018-04-12 00:40:17,2018-04-12 00:40:32,15,3000,200,0.813958,0.917046,0.000000,1.000000,Barely acceptable,
ECG_CH1,1421,2018-04-12 00:40:32,2018-04-12 00:40:47,15,3000,200,0.737066,0.791640,0.000000,1.000000,Barely acceptable,
ECG_CH1,1422,2018-04-12 00:40:47,2018-04-12 00:41:02,15,3000,200,0.728402,0.751333,0.000000,1.000000,Barely acceptable,
ECG_CH1,1423,2018-04-12 00:41:02,2018-04-12 00:41:17,15,3000,200,0.589998,0.705261,0.000000,1.000000,Barely acceptable,
ECG_CH1,1424,2018-04-12 00:41:17,2018-04-12 00:41:32,15,3000,200,0.760810,0.877271,0.000000,1.000000,Barely acceptable,
ECG_CH1,1425,2018-04-12 00:41:32,2018-04-12 00:41:47,15,3000,200,0.629695,0.675556,0.000000,1.000000,Barely acceptable,
ECG_CH1,1426,2018-04-12 00:41:47,2018-04-12 00:42:02,15,3000,200,0.771371,0.849050,0.000000,1.000000,Barely acceptable,
ECG_CH1,1427,2018-04-12 00:42:02,2018-04-12 00:42:17,15,3000,200,0.550348,0.569871,0.000000,1.000000,Barely acceptable,
ECG_CH1,1428,2018-04-12 00:42:17,2018-04-12 00:42:32,15,3000,200,0.550201,0.657215,0.000000,1.000000,Barely acceptable,
ECG_CH1,1429,2018-04-12 00:42:32,2018-04-12 00:42:47,15,3000,200,0.621719,0.762412,0.000000,1.000000,Barely acceptable,
ECG_CH1,1430,2018-04-12 00:42:47,2018-04-12 00:43:02,15,3000,200,0.638397,0.738751,0.000000,1.000000,Barely acceptable,
ECG_CH1,1431,2018-04-12 00:43:02,2018-04-12 00:43:17,15,3000,200,0.748581,0.870456,0.000000,1.000000,Barely acceptable,
ECG_CH1,1432,2018-04-12 00:43:17,2018-04-12 00:43:32,15,3000,200,0.649062,0.701555,0.000000,1.000000,Barely acceptable,
ECG_CH1,1433,2018-04-12 00:43:32,2018-04-12 00:43:47,15,3000,200,0.729939,0.808033,0.000000,1.000000,Barely acceptable,
ECG_CH1,1434,2018-04-12 00:43:47,2018-04-12 00:44:02,15,3000,200,0.707052,0.845881,0.000000,1.000000,Barely acceptable,
ECG_CH1,1435,2018-04-12 00:44:02,2018-04-12 00:44:17,15,3000,200,0.843284,0.935502,0.000000,1.000000,Barely acceptable,
ECG_CH1,1436,2018-04-12 00:44:17,2018-04-12 00:44:32,15,3000,200,0.848493,0.967237,0.000000,1.000000,Barely acceptable,
ECG_CH1,1437,2018-04-12 00:44:32,2018-04-12 00:44:47,15,3000,200,0.851660,0.923494,0.000000,1.000000,Barely acceptable,
ECG_CH1,1438,2018-04-12 00:44:47,2018-04-12 00:45:02,15,3000,200,0.728215,0.870921,0.000000,1.000000,Barely acceptable,
ECG_CH1,1439,2018-04-12 00:45:02,2018-04-12 00:45:17,15,3000,200,0.557875,0.689373,0.000000,1.000000,Barely acceptable,
ECG_CH1,1440,2018-04-12 00:45:17,2018-04-12 00:45:32,15,3000,200,0.744860,0.886315,0.000000,1.000000,Barely acceptable,
ECG_CH1,1441,2018-04-12 00:45:32,2018-04-12 00:45:47,15,3000,200,0.710914,0.766367,0.000000,1.000000,Barely acceptable,
ECG_CH1,1442,2018-04-12 00:45:47,2018-04-12 00:46:02,15,3000,200,0.789344,0.926303,0.000000,1.000000,Barely acceptable,
ECG_CH1,1443,2018-04-12 00:46:02,2018-04-12 00:46:17,15,3000,200,0.794767,0.796574,0.000000,1.000000,Barely acceptable,
ECG_CH1,1444,2018-04-12 00:46:17,2018-04-12 00:46:32,15,3000,200,0.637659,0.828698,0.000000,1.000000,Barely acceptable,
ECG_CH1,1445,2018-04-12 00:46:32,2018-04-12 00:46:47,15,3000,200,0.698279,0.797600,0.000000,1.000000,Barely acceptable,
ECG_CH1,1446,2018-04-12 00:46:47,2018-04-12 00:47:02,15,3000,200,0.759563,0.852121,0.000000,1.000000,Barely acceptable,
ECG_CH1,1447,2018-04-12 00:47:02,2018-04-12 00:47:17,15,3000,200,0.728929,0.836060,0.000000,1.000000,Barely acceptable,
ECG_CH1,1448,2018-04-12 00:47:17,2018-04-12 00:47:32,15,3000,200,0.739509,0.779815,0.000000,1.000000,Barely acceptable,
ECG_CH1,1449,2018-04-12 00:47:32,2018-04-12 00:47:47,15,3000,200,0.723949,0.842000,0.000000,1.000000,Barely acceptable,
ECG_CH1,1450,2018-04-12 00:47:47,2018-04-12 00:48:02,15,3000,200,0.733365,0.838930,0.000000,1.000000,Barely acceptable,
ECG_CH1,1451,2018-04-12 00:48:02,2018-04-12 00:48:17,15,3000,200,0.709218,0.790384,0.000000,1.000000,Barely acceptable,
ECG_CH1,1452,2018-04-12 00:48:17,2018-04-12 00:48:32,15,3000,200,0.779580,0.927010,0.000000,1.000000,Barely acceptable,
ECG_CH1,1453,2018-04-12 00:48:32,2018-04-12 00:48:47,15,3000,200,0.639187,0.733432,0.000000,1.000000,Barely acceptable,
ECG_CH1,1454,2018-04-12 00:48:47,2018-04-12 00:49:02,15,3000,200,0.683765,0.702695,0.000000,1.000000,Barely acceptable,
ECG_CH1,1455,2018-04-12 00:49:02,2018-04-12 00:49:17,15,3000,200,0.638435,0.655656,0.000000,1.000000,Barely acceptable,
ECG_CH1,1456,2018-04-12 00:49:17,2018-04-12 00:49:32,15,3000,200,0.648339,0.705107,0.000000,1.000000,Barely acceptable,
ECG_CH1,1457,2018-04-12 00:49:32,2018-04-12 00:49:47,15,3000,200,0.567919,0.628940,0.000000,1.000000,Barely acceptable,
ECG_CH1,1458,2018-04-12 00:49:47,2018-04-12 00:50:02,15,3000,200,0.643786,0.707615,0.000000,1.000000,Barely acceptable,
ECG_CH1,1459,2018-04-12 00:50:02,2018-04-12 00:50:17,15,3000,200,0.773775,0.859200,0.000000,1.000000,Barely acceptable,
ECG_CH1,1460,2018-04-12 00:50:17,2018-04-12 00:50:32,15,3000,200,0.566986,0.551049,0.000000,1.000000,Barely acceptable,
ECG_CH1,1461,2018-04-12 00:50:32,2018-04-12 00:50:47,15,3000,200,0.717948,0.829257,0.000000,1.000000,Barely acceptable,
ECG_CH1,1462,2018-04-12 00:50:47,2018-04-12 00:51:02,15,3000,200,0.700081,0.813067,0.000000,1.000000,Barely acceptable,
ECG_CH1,1463,2018-04-12 00:51:02,2018-04-12 00:51:17,15,3000,200,0.740825,0.856224,0.000000,1.000000,Barely acceptable,
ECG_CH1,1464,2018-04-12 00:51:17,2018-04-12 00:51:32,15,3000,200,0.765652,0.847027,0.000000,1.000000,Barely acceptable,
ECG_CH1,1465,2018-04-12 00:51:32,2018-04-12 00:51:47,15,3000,200,0.781209,0.910478,0.000000,1.000000,Barely acceptable,
ECG_CH1,1466,2018-04-12 00:51:47,2018-04-12 00:52:02,15,3000,200,0.774733,0.860604,0.000000,1.000000,Barely acceptable,
ECG_CH1,1467,2018-04-12 00:52:02,2018-04-12 00:52:17,15,3000,200,0.625971,0.675465,0.000000,1.000000,Barely acceptable,
ECG_CH1,1468,2018-04-12 00:52:17,2018-04-12 00:52:32,15,3000,200,0.684619,0.766830,0.000000,1.000000,Barely acceptable,
ECG_CH1,1469,2018-04-12 00:52:32,2018-04-12 00:52:47,15,3000,200,0.670622,0.753859,0.000000,1.000000,Barely acceptable,
ECG_CH1,1470,2018-04-12 00:52:47,2018-04-12 00:53:02,15,3000,200,0.628862,0.766551,0.000000,1.000000,Barely acceptable,
ECG_CH1,1471,2018-04-12 00:53:02,2018-04-12 00:53:17,15,3000,200,0.664993,0.814901,0.000000,1.000000,Barely acceptable,
ECG_CH1,1472,2018-04-12 00:53:17,2018-04-12 00:53:32,15,3000,200,0.713153,0.878279,0.000000,1.000000,Barely acceptable,
ECG_CH1,1473,2018-04-12 00:53:32,2018-04-12 00:53:47,15,3000,200,0.644377,0.693545,0.000000,1.000000,Barely acceptable,
ECG_CH1,1474,2018-04-12 00:53:47,2018-04-12 00:54:02,15,3000,200,0.602832,0.711030,0.000000,1.000000,Barely acceptable,
ECG_CH1,1475,2018-04-12 00:54:02,2018-04-12 00:54:17,15,3000,200,0.636523,0.805111,0.000000,1.000000,Barely acceptable,
ECG_CH1,1476,2018-04-12 00:54:17,2018-04-12 00:54:32,15,3000,200,0.502491,0.547440,0.000000,1.000000,Barely acceptable,
ECG_CH1,1477,2018-04-12 00:54:32,2018-04-12 00:54:47,15,3000,200,0.570592,0.601514,0.000000,1.000000,Barely acceptable,
ECG_CH1,1478,2018-04-12 00:54:47,2018-04-12 00:55:02,15,3000,200,0.706645,0.730374,0.000000,1.000000,Barely acceptable,
ECG_CH1,1479,2018-04-12 00:55:02,2018-04-12 00:55:17,15,3000,200,0.644966,0.735734,0.000000,1.000000,Barely acceptable,
ECG_CH1,1480,2018-04-12 00:55:17,2018-04-12 00:55:32,15,3000,200,0.771414,0.884514,0.000000,1.000000,Barely acceptable,
ECG_CH1,1481,2018-04-12 00:55:32,2018-04-12 00:55:47,15,3000,200,0.688333,0.733330,0.000000,1.000000,Barely acceptable,
ECG_CH1,1482,2018-04-12 00:55:47,2018-04-12 00:56:02,15,3000,200,0.740660,0.808666,0.000000,1.000000,Barely acceptable,
ECG_CH1,1483,2018-04-12 00:56:02,2018-04-12 00:56:17,15,3000,200,0.802531,0.913663,0.000000,1.000000,Barely acceptable,
ECG_CH1,1484,2018-04-12 00:56:17,2018-04-12 00:56:32,15,3000,200,0.724283,0.825387,0.000000,1.000000,Barely acceptable,
ECG_CH1,1485,2018-04-12 00:56:32,2018-04-12 00:56:47,15,3000,200,0.865642,0.945775,0.000000,1.000000,Barely acceptable,
ECG_CH1,1486,2018-04-12 00:56:47,2018-04-12 00:57:02,15,3000,200,0.695463,0.732994,0.000000,1.000000,Barely acceptable,
ECG_CH1,1487,2018-04-12 00:57:02,2018-04-12 00:57:17,15,3000,200,0.814063,0.966117,0.000000,1.000000,Barely acceptable,
ECG_CH1,1488,2018-04-12 00:57:17,2018-04-12 00:57:32,15,3000,200,0.765363,0.853534,0.000000,1.000000,Barely acceptable,
ECG_CH1,1489,2018-04-12 00:57:32,2018-04-12 00:57:47,15,3000,200,0.756337,0.851495,0.000000,1.000000,Barely acceptable,
ECG_CH1,1490,2018-04-12 00:57:47,2018-04-12 00:58:02,15,3000,200,0.587692,0.772667,0.000000,1.000000,Barely acceptable,
ECG_CH1,1491,2018-04-12 00:58:02,2018-04-12 00:58:17,15,3000,200,0.799554,0.872651,0.000000,1.000000,Barely acceptable,
ECG_CH1,1492,2018-04-12 00:58:17,2018-04-12 00:58:32,15,3000,200,0.710858,0.843072,0.000000,1.000000,Barely acceptable,
ECG_CH1,1493,2018-04-12 00:58:32,2018-04-12 00:58:47,15,3000,200,0.693835,0.786123,0.000000,1.000000,Barely acceptable,
ECG_CH1,1494,2018-04-12 00:58:47,2018-04-12 00:59:02,15,3000,200,0.732692,0.787831,0.000000,1.000000,Barely acceptable,
ECG_CH1,1495,2018-04-12 00:59:02,2018-04-12 00:59:17,15,3000,200,0.649785,0.626163,0.000000,1.000000,Barely acceptable,
ECG_CH1,1496,2018-04-12 00:59:17,2018-04-12 00:59:32,15,3000,200,0.680447,0.797542,0.000000,1.000000,Barely acceptable,
ECG_CH1,1497,2018-04-12 00:59:32,2018-04-12 00:59:47,15,3000,200,0.790542,0.924323,0.000000,1.000000,Barely acceptable,
ECG_CH1,1498,2018-04-12 00:59:47,2018-04-12 01:00:02,15,3000,200,0.664355,0.806574,0.000000,1.000000,Barely acceptable,
ECG_CH1,1499,2018-04-12 01:00:02,2018-04-12 01:00:17,15,3000,200,0.734219,0.896157,0.000000,1.000000,Barely acceptable,
ECG_CH1,1500,2018-04-12 01:00:17,2018-04-12 01:00:32,15,3000,200,0.554282,0.628616,0.000000,1.000000,Barely acceptable,
ECG_CH1,1501,2018-04-12 01:00:32,2018-04-12 01:00:47,15,3000,200,0.672864,0.815966,0.000000,1.000000,Barely acceptable,
ECG_CH1,1502,2018-04-12 01:00:47,2018-04-12 01:01:02,15,3000,200,0.746019,0.876853,0.000000,1.000000,Barely acceptable,
ECG_CH1,1503,2018-04-12 01:01:02,2018-04-12 01:01:17,15,3000,200,0.580157,0.583549,0.000000,1.000000,Barely acceptable,
ECG_CH1,1504,2018-04-12 01:01:17,2018-04-12 01:01:32,15,3000,200,0.732769,0.834046,0.000000,1.000000,Barely acceptable,
ECG_CH1,1505,2018-04-12 01:01:32,2018-04-12 01:01:47,15,3000,200,0.651273,0.730722,0.000000,1.000000,Barely acceptable,
ECG_CH1,1506,2018-04-12 01:01:47,2018-04-12 01:02:02,15,3000,200,0.702120,0.704602,0.000000,1.000000,Barely acceptable,
ECG_CH1,1507,2018-04-12 01:02:02,2018-04-12 01:02:17,15,3000,200,0.637960,0.676244,0.000000,1.000000,Barely acceptable,
ECG_CH1,1508,2018-04-12 01:02:17,2018-04-12 01:02:32,15,3000,200,0.827967,0.921863,0.000000,1.000000,Barely acceptable,
ECG_CH1,1509,2018-04-12 01:02:32,2018-04-12 01:02:47,15,3000,200,0.663619,0.774532,0.000000,1.000000,Barely acceptable,
ECG_CH1,1510,2018-04-12 01:02:47,2018-04-12 01:03:02,15,3000,200,0.656246,0.760908,0.000000,1.000000,Barely acceptable,
ECG_CH1,1511,2018-04-12 01:03:02,2018-04-12 01:03:17,15,3000,200,0.654634,0.626506,0.000000,1.000000,Barely acceptable,
ECG_CH1,1512,2018-04-12 01:03:17,2018-04-12 01:03:32,15,3000,200,0.785290,0.820575,0.000000,1.000000,Barely acceptable,
ECG_CH1,1513,2018-04-12 01:03:32,2018-04-12 01:03:47,15,3000,200,0.703159,0.781869,0.000000,1.000000,Barely acceptable,
ECG_CH1,1514,2018-04-12 01:03:47,2018-04-12 01:04:02,15,3000,200,0.673028,0.798625,0.000000,1.000000,Barely acceptable,
ECG_CH1,1515,2018-04-12 01:04:02,2018-04-12 01:04:17,15,3000,200,0.705135,0.844415,0.000000,1.000000,Barely acceptable,
ECG_CH1,1516,2018-04-12 01:04:17,2018-04-12 01:04:32,15,3000,200,0.563633,0.554405,0.000000,1.000000,Barely acceptable,
ECG_CH1,1517,2018-04-12 01:04:32,2018-04-12 01:04:47,15,3000,200,0.783081,0.874540,0.000000,1.000000,Barely acceptable,
ECG_CH1,1518,2018-04-12 01:04:47,2018-04-12 01:05:02,15,3000,200,0.681613,0.711642,0.000000,1.000000,Barely acceptable,
ECG_CH1,1519,2018-04-12 01:05:02,2018-04-12 01:05:17,15,3000,200,0.736937,0.851567,0.000000,1.000000,Barely acceptable,
ECG_CH1,1520,2018-04-12 01:05:17,2018-04-12 01:05:32,15,3000,200,0.859248,0.929255,0.000000,1.000000,Barely acceptable,
ECG_CH1,1521,2018-04-12 01:05:32,2018-04-12 01:05:47,15,3000,200,0.705640,0.794390,0.000000,1.000000,Barely acceptable,
ECG_CH1,1522,2018-04-12 01:05:47,2018-04-12 01:06:02,15,3000,200,0.662021,0.669012,0.000000,1.000000,Barely acceptable,
ECG_CH1,1523,2018-04-12 01:06:02,2018-04-12 01:06:17,15,3000,200,0.707861,0.821619,0.000000,1.000000,Barely acceptable,
ECG_CH1,1524,2018-04-12 01:06:17,2018-04-12 01:06:32,15,3000,200,0.811674,0.892841,0.000000,1.000000,Barely acceptable,
ECG_CH1,1525,2018-04-12 01:06:32,2018-04-12 01:06:47,15,3000,200,0.831899,0.928764,0.000000,1.000000,Barely acceptable,
ECG_CH1,1526,2018-04-12 01:06:47,2018-04-12 01:07:02,15,3000,200,0.797455,0.885954,0.000000,1.000000,Barely acceptable,
ECG_CH1,1527,2018-04-12 01:07:02,2018-04-12 01:07:17,15,3000,200,0.778076,0.878082,0.000000,1.000000,Barely acceptable,
ECG_CH1,1528,2018-04-12 01:07:17,2018-04-12 01:07:32,15,3000,200,0.632728,0.597255,0.000000,1.000000,Barely acceptable,
ECG_CH1,1529,2018-04-12 01:07:32,2018-04-12 01:07:47,15,3000,200,0.737892,0.829931,0.000000,1.000000,Barely acceptable,
ECG_CH1,1530,2018-04-12 01:07:47,2018-04-12 01:08:02,15,3000,200,0.796310,0.932795,0.000000,1.000000,Barely acceptable,
ECG_CH1,1531,2018-04-12 01:08:02,2018-04-12 01:08:17,15,3000,200,0.618485,0.794396,0.000000,1.000000,Barely acceptable,
ECG_CH1,1532,2018-04-12 01:08:17,2018-04-12 01:08:32,15,3000,200,0.735919,0.890256,0.000000,1.000000,Barely acceptable,
ECG_CH1,1533,2018-04-12 01:08:32,2018-04-12 01:08:47,15,3000,200,0.790673,0.833946,0.000000,1.000000,Barely acceptable,
ECG_CH1,1534,2018-04-12 01:08:47,2018-04-12 01:09:02,15,3000,200,0.735900,0.825437,0.000000,1.000000,Barely acceptable,
ECG_CH1,1535,2018-04-12 01:09:02,2018-04-12 01:09:17,15,3000,200,0.692734,0.735061,0.000000,1.000000,Barely acceptable,
ECG_CH1,1536,2018-04-12 01:09:17,2018-04-12 01:09:32,15,3000,200,0.716851,0.803641,0.000000,1.000000,Barely acceptable,
ECG_CH1,1537,2018-04-12 01:09:32,2018-04-12 01:09:47,15,3000,200,0.566828,0.675175,0.000000,1.000000,Barely acceptable,
ECG_CH1,1538,2018-04-12 01:09:47,2018-04-12 01:10:02,15,3000,200,0.730083,0.789995,0.000000,1.000000,Barely acceptable,
ECG_CH1,1539,2018-04-12 01:10:02,2018-04-12 01:10:17,15,3000,200,0.775894,0.896128,0.000000,1.000000,Barely acceptable,
ECG_CH1,1540,2018-04-12 01:10:17,2018-04-12 01:10:32,15,3000,200,0.781287,0.873703,0.000000,1.000000,Barely acceptable,
ECG_CH1,1541,2018-04-12 01:10:32,2018-04-12 01:10:47,15,3000,200,0.705534,0.817959,0.000000,1.000000,Barely acceptable,
ECG_CH1,1542,2018-04-12 01:10:47,2018-04-12 01:11:02,15,3000,200,0.750865,0.884478,0.000000,1.000000,Barely acceptable,
ECG_CH1,1543,2018-04-12 01:11:02,2018-04-12 01:11:17,15,3000,200,0.734148,0.839990,0.000000,1.000000,Barely acceptable,
ECG_CH1,1544,2018-04-12 01:11:17,2018-04-12 01:11:32,15,3000,200,0.641704,0.789344,0.000000,1.000000,Barely acceptable,
ECG_CH1,1545,2018-04-12 01:11:32,2018-04-12 01:11:47,15,3000,200,0.737855,0.826633,0.000000,1.000000,Barely acceptable,
ECG_CH1,1546,2018-04-12 01:11:47,2018-04-12 01:12:02,15,3000,200,0.775535,0.893156,0.000000,1.000000,Barely acceptable,
ECG_CH1,1547,2018-04-12 01:12:02,2018-04-12 01:12:17,15,3000,200,0.615921,0.652162,0.000000,1.000000,Barely acceptable,
ECG_CH1,1548,2018-04-12 01:12:17,2018-04-12 01:12:32,15,3000,200,0.778514,0.915878,0.000000,1.000000,Barely acceptable,
ECG_CH1,1549,2018-04-12 01:12:32,2018-04-12 01:12:47,15,3000,200,0.638412,0.747972,0.000000,1.000000,Barely acceptable,
ECG_CH1,1550,2018-04-12 01:12:47,2018-04-12 01:13:02,15,3000,200,0.707006,0.802502,0.000000,1.000000,Barely acceptable,
ECG_CH1,1551,2018-04-12 01:13:02,2018-04-12 01:13:17,15,3000,200,0.717431,0.785006,0.000000,1.000000,Barely acceptable,
ECG_CH1,1552,2018-04-12 01:13:17,2018-04-12 01:13:32,15,3000,200,0.764996,0.818797,0.000000,1.000000,Barely acceptable,
ECG_CH1,1553,2018-04-12 01:13:32,2018-04-12 01:13:47,15,3000,200,0.669378,0.753031,0.000000,1.000000,Barely acceptable,
ECG_CH1,1554,2018-04-12 01:13:47,2018-04-12 01:14:02,15,3000,200,0.754308,0.879996,0.000000,1.000000,Unacceptable,
ECG_CH1,1555,2018-04-12 01:14:02,2018-04-12 01:14:17,15,3000,200,0.727088,0.821336,0.000000,1.000000,Barely acceptable,
ECG_CH1,1556,2018-04-12 01:14:17,2018-04-12 01:14:32,15,3000,200,0.537465,0.624458,0.000000,1.000000,Barely acceptable,
ECG_CH1,1557,2018-04-12 01:14:32,2018-04-12 01:14:47,15,3000,200,0.552732,0.627739,0.000000,1.000000,Barely acceptable,
ECG_CH1,1558,2018-04-12 01:14:47,2018-04-12 01:15:02,15,3000,200,0.803523,0.911526,0.000000,1.000000,Barely acceptable,
ECG_CH1,1559,2018-04-12 01:15:02,2018-04-12 01:15:17,15,3000,200,0.776149,0.868838,0.000000,1.000000,Barely acceptable,
ECG_CH1,1560,2018-04-12 01:15:17,2018-04-12 01:15:32,15,3000,200,0.607015,0.624103,0.000000,1.000000,Barely acceptable,
ECG_CH1,1561,2018-04-12 01:15:32,2018-04-12 01:15:47,15,3000,200,0.633530,0.702913,0.000000,1.000000,Barely acceptable,
ECG_CH1,1562,2018-04-12 01:15:47,2018-04-12 01:16:02,15,3000,200,0.791227,0.853086,0.000000,1.000000,Barely acceptable,
ECG_CH1,1563,2018-04-12 01:16:02,2018-04-12 01:16:17,15,3000,200,0.805487,0.946442,0.000000,1.000000,Barely acceptable,
ECG_CH1,1564,2018-04-12 01:16:17,2018-04-12 01:16:32,15,3000,200,0.631956,0.750626,0.000000,1.000000,Barely acceptable,
ECG_CH1,1565,2018-04-12 01:16:32,2018-04-12 01:16:47,15,3000,200,0.563576,0.675047,0.000000,1.000000,Barely acceptable,
ECG_CH1,1566,2018-04-12 01:16:47,2018-04-12 01:17:02,15,3000,200,0.809579,0.901451,0.000000,1.000000,Barely acceptable,
ECG_CH1,1567,2018-04-12 01:17:02,2018-04-12 01:17:17,15,3000,200,0.674231,0.799377,0.000000,1.000000,Barely acceptable,
ECG_CH1,1568,2018-04-12 01:17:17,2018-04-12 01:17:32,15,3000,200,0.733029,0.813162,0.000000,1.000000,Barely acceptable,
ECG_CH1,1569,2018-04-12 01:17:32,2018-04-12 01:17:47,15,3000,200,0.518341,0.498469,0.000000,1.000000,Barely acceptable,
ECG_CH1,1570,2018-04-12 01:17:47,2018-04-12 01:18:02,15,3000,200,0.815437,0.912092,0.000000,1.000000,Barely acceptable,
ECG_CH1,1571,2018-04-12 01:18:02,2018-04-12 01:18:17,15,3000,200,0.705849,0.796580,0.000000,1.000000,Barely acceptable,
ECG_CH1,1572,2018-04-12 01:18:17,2018-04-12 01:18:32,15,3000,200,0.756907,0.868785,0.000000,1.000000,Barely acceptable,
ECG_CH1,1573,2018-04-12 01:18:32,2018-04-12 01:18:47,15,3000,200,0.745015,0.874846,0.000000,1.000000,Barely acceptable,
ECG_CH1,1574,2018-04-12 01:18:47,2018-04-12 01:19:02,15,3000,200,0.602798,0.696882,0.000000,1.000000,Barely acceptable,
ECG_CH1,1575,2018-04-12 01:19:02,2018-04-12 01:19:17,15,3000,200,0.784635,0.824663,0.000000,1.000000,Barely acceptable,
ECG_CH1,1576,2018-04-12 01:19:17,2018-04-12 01:19:32,15,3000,200,0.609441,0.611069,0.000000,1.000000,Barely acceptable,
ECG_CH1,1577,2018-04-12 01:19:32,2018-04-12 01:19:47,15,3000,200,0.791808,0.932185,0.000000,1.000000,Barely acceptable,
ECG_CH1,1578,2018-04-12 01:19:47,2018-04-12 01:20:02,15,3000,200,0.713065,0.861878,0.000000,1.000000,Barely acceptable,
ECG_CH1,1579,2018-04-12 01:20:02,2018-04-12 01:20:17,15,3000,200,0.663068,0.766021,0.000000,1.000000,Barely acceptable,
ECG_CH1,1580,2018-04-12 01:20:17,2018-04-12 01:20:32,15,3000,200,0.607291,0.638002,0.000000,1.000000,Barely acceptable,
ECG_CH1,1581,2018-04-12 01:20:32,2018-04-12 01:20:47,15,3000,200,0.551151,0.539781,0.000000,1.000000,Barely acceptable,
ECG_CH1,1582,2018-04-12 01:20:47,2018-04-12 01:21:02,15,3000,200,0.750786,0.800097,0.000000,1.000000,Barely acceptable,
ECG_CH1,1583,2018-04-12 01:21:02,2018-04-12 01:21:17,15,3000,200,0.808890,0.863100,0.000000,1.000000,Barely acceptable,
ECG_CH1,1584,2018-04-12 01:21:17,2018-04-12 01:21:32,15,3000,200,0.572830,0.606450,0.000000,1.000000,Barely acceptable,
ECG_CH1,1585,2018-04-12 01:21:32,2018-04-12 01:21:47,15,3000,200,0.578201,0.557024,0.000000,1.000000,Barely acceptable,
ECG_CH1,1586,2018-04-12 01:21:47,2018-04-12 01:22:02,15,3000,200,0.653727,0.755265,0.000000,1.000000,Barely acceptable,
ECG_CH1,1587,2018-04-12 01:22:02,2018-04-12 01:22:17,15,3000,200,0.791313,0.882969,0.000000,1.000000,Barely acceptable,
ECG_CH1,1588,2018-04-12 01:22:17,2018-04-12 01:22:32,15,3000,200,0.679353,0.778946,0.000000,1.000000,Barely acceptable,
ECG_CH1,1589,2018-04-12 01:22:32,2018-04-12 01:22:47,15,3000,200,0.633096,0.709185,0.000000,1.000000,Barely acceptable,
ECG_CH1,1590,2018-04-12 01:22:47,2018-04-12 01:23:02,15,3000,200,0.790515,0.885324,0.000000,1.000000,Barely acceptable,
ECG_CH1,1591,2018-04-12 01:23:02,2018-04-12 01:23:17,15,3000,200,0.824236,0.930047,0.000000,1.000000,Barely acceptable,
ECG_CH1,1592,2018-04-12 01:23:17,2018-04-12 01:23:32,15,3000,200,0.621630,0.699015,0.000000,1.000000,Barely acceptable,
ECG_CH1,1593,2018-04-12 01:23:32,2018-04-12 01:23:47,15,3000,200,0.648105,0.716587,0.000000,1.000000,Barely acceptable,
ECG_CH1,1594,2018-04-12 01:23:47,2018-04-12 01:24:02,15,3000,200,0.789923,0.897490,0.000000,1.000000,Barely acceptable,
ECG_CH1,1595,2018-04-12 01:24:02,2018-04-12 01:24:17,15,3000,200,0.810449,0.877228,0.000000,1.000000,Barely acceptable,
ECG_CH1,1596,2018-04-12 01:24:17,2018-04-12 01:24:32,15,3000,200,0.608518,0.692447,0.000000,1.000000,Barely acceptable,
ECG_CH1,1597,2018-04-12 01:24:32,2018-04-12 01:24:47,15,3000,200,0.638469,0.770356,0.000000,1.000000,Barely acceptable,
ECG_CH1,1598,2018-04-12 01:24:47,2018-04-12 01:25:02,15,3000,200,0.596235,0.655544,0.000000,1.000000,Barely acceptable,
ECG_CH1,1599,2018-04-12 01:25:02,2018-04-12 01:25:17,15,3000,200,0.635020,0.693983,0.000000,1.000000,Barely acceptable,
ECG_CH1,1600,2018-04-12 01:25:17,2018-04-12 01:25:32,15,3000,200,0.840351,0.898689,0.000000,1.000000,Barely acceptable,
ECG_CH1,1601,2018-04-12 01:25:32,2018-04-12 01:25:47,15,3000,200,0.694175,0.813850,0.000000,1.000000,Barely acceptable,
ECG_CH1,1602,2018-04-12 01:25:47,2018-04-12 01:26:02,15,3000,200,0.821660,0.923216,0.000000,1.000000,Barely acceptable,
ECG_CH1,1603,2018-04-12 01:26:02,2018-04-12 01:26:17,15,3000,200,0.638075,0.596996,0.000000,1.000000,Barely acceptable,
ECG_CH1,1604,2018-04-12 01:26:17,2018-04-12 01:26:32,15,3000,200,0.722790,0.793296,0.000000,1.000000,Barely acceptable,
ECG_CH1,1605,2018-04-12 01:26:32,2018-04-12 01:26:47,15,3000,200,0.748026,0.829652,0.000000,1.000000,Barely acceptable,
ECG_CH1,1606,2018-04-12 01:26:47,2018-04-12 01:27:02,15,3000,200,0.759493,0.825400,0.000000,1.000000,Barely acceptable,
ECG_CH1,1607,2018-04-12 01:27:02,2018-04-12 01:27:17,15,3000,200,0.688704,0.798291,0.000000,1.000000,Barely acceptable,
ECG_CH1,1608,2018-04-12 01:27:17,2018-04-12 01:27:32,15,3000,200,0.638656,0.694122,0.000000,1.000000,Barely acceptable,
ECG_CH1,1609,2018-04-12 01:27:32,2018-04-12 01:27:47,15,3000,200,0.668163,0.744482,0.000000,1.000000,Barely acceptable,
ECG_CH1,1610,2018-04-12 01:27:47,2018-04-12 01:28:02,15,3000,200,0.662461,0.790085,0.000000,1.000000,Barely acceptable,
ECG_CH1,1611,2018-04-12 01:28:02,2018-04-12 01:28:17,15,3000,200,0.703167,0.828945,0.000000,1.000000,Barely acceptable,
ECG_CH1,1612,2018-04-12 01:28:17,2018-04-12 01:28:32,15,3000,200,0.719296,0.775878,0.000000,1.000000,Barely acceptable,
ECG_CH1,1613,2018-04-12 01:28:32,2018-04-12 01:28:47,15,3000,200,0.704268,0.810242,0.000000,1.000000,Barely acceptable,
ECG_CH1,1614,2018-04-12 01:28:47,2018-04-12 01:29:02,15,3000,200,0.625415,0.686710,0.000000,1.000000,Barely acceptable,
ECG_CH1,1615,2018-04-12 01:29:02,2018-04-12 01:29:17,15,3000,200,0.702380,0.814210,0.000000,1.000000,Barely acceptable,
ECG_CH1,1616,2018-04-12 01:29:17,2018-04-12 01:29:32,15,3000,200,0.742940,0.816882,0.000000,1.000000,Barely acceptable,
ECG_CH1,1617,2018-04-12 01:29:32,2018-04-12 01:29:47,15,3000,200,0.676128,0.802119,0.000000,1.000000,Barely acceptable,
ECG_CH1,1618,2018-04-12 01:29:47,2018-04-12 01:30:02,15,3000,200,0.677758,0.789022,0.000000,1.000000,Barely acceptable,
ECG_CH1,1619,2018-04-12 01:30:02,2018-04-12 01:30:17,15,3000,200,0.631983,0.779802,0.000000,1.000000,Barely acceptable,
ECG_CH1,1620,2018-04-12 01:30:17,2018-04-12 01:30:32,15,3000,200,0.761496,0.843672,0.000000,1.000000,Barely acceptable,
ECG_CH1,1621,2018-04-12 01:30:32,2018-04-12 01:30:47,15,3000,200,0.650349,0.756572,0.000000,1.000000,Barely acceptable,
ECG_CH1,1622,2018-04-12 01:30:47,2018-04-12 01:31:02,15,3000,200,0.643547,0.740453,0.000000,1.000000,Barely acceptable,
ECG_CH1,1623,2018-04-12 01:31:02,2018-04-12 01:31:17,15,3000,200,0.799151,0.886539,0.000000,1.000000,Barely acceptable,
ECG_CH1,1624,2018-04-12 01:31:17,2018-04-12 01:31:32,15,3000,200,0.627472,0.761141,0.000000,1.000000,Barely acceptable,
ECG_CH1,1625,2018-04-12 01:31:32,2018-04-12 01:31:47,15,3000,200,0.806347,0.874451,0.000000,1.000000,Barely acceptable,
ECG_CH1,1626,2018-04-12 01:31:47,2018-04-12 01:32:02,15,3000,200,0.766199,0.841436,0.000000,1.000000,Barely acceptable,
ECG_CH1,1627,2018-04-12 01:32:02,2018-04-12 01:32:17,15,3000,200,0.777090,0.854331,0.000000,1.000000,Barely acceptable,
ECG_CH1,1628,2018-04-12 01:32:17,2018-04-12 01:32:32,15,3000,200,0.677512,0.822184,0.000000,1.000000,Barely acceptable,
ECG_CH1,1629,2018-04-12 01:32:32,2018-04-12 01:32:47,15,3000,200,0.564903,0.601328,0.000000,1.000000,Barely acceptable,
ECG_CH1,1630,2018-04-12 01:32:47,2018-04-12 01:33:02,15,3000,200,0.794398,0.895320,0.000000,1.000000,Barely acceptable,
ECG_CH1,1631,2018-04-12 01:33:02,2018-04-12 01:33:17,15,3000,200,0.677158,0.836447,0.000000,1.000000,Barely acceptable,
ECG_CH1,1632,2018-04-12 01:33:17,2018-04-12 01:33:32,15,3000,200,0.781882,0.906043,0.000000,1.000000,Barely acceptable,
ECG_CH1,1633,2018-04-12 01:33:32,2018-04-12 01:33:47,15,3000,200,0.812966,0.904547,0.000000,1.000000,Barely acceptable,
ECG_CH1,1634,2018-04-12 01:33:47,2018-04-12 01:34:02,15,3000,200,0.769138,0.802639,0.000000,1.000000,Barely acceptable,
ECG_CH1,1635,2018-04-12 01:34:02,2018-04-12 01:34:17,15,3000,200,0.763019,0.877227,0.000000,1.000000,Barely acceptable,
ECG_CH1,1636,2018-04-12 01:34:17,2018-04-12 01:34:32,15,3000,200,0.774392,0.888140,0.000000,1.000000,Barely acceptable,
ECG_CH1,1637,2018-04-12 01:34:32,2018-04-12 01:34:47,15,3000,200,0.661629,0.839968,0.000000,1.000000,Barely acceptable,
ECG_CH1,1638,2018-04-12 01:34:47,2018-04-12 01:35:02,15,3000,200,0.648696,0.708682,0.000000,1.000000,Barely acceptable,
ECG_CH1,1639,2018-04-12 01:35:02,2018-04-12 01:35:17,15,3000,200,0.853396,0.953665,0.000000,1.000000,Barely acceptable,
ECG_CH1,1640,2018-04-12 01:35:17,2018-04-12 01:35:32,15,3000,200,0.676499,0.727550,0.000000,1.000000,Barely acceptable,
ECG_CH1,1641,2018-04-12 01:35:32,2018-04-12 01:35:47,15,3000,200,0.631661,0.667656,0.000000,1.000000,Barely acceptable,
ECG_CH1,1642,2018-04-12 01:35:47,2018-04-12 01:36:02,15,3000,200,0.798009,0.850063,0.000000,1.000000,Barely acceptable,
ECG_CH1,1643,2018-04-12 01:36:02,2018-04-12 01:36:17,15,3000,200,0.679724,0.759419,0.000000,1.000000,Barely acceptable,
ECG_CH1,1644,2018-04-12 01:36:17,2018-04-12 01:36:32,15,3000,200,0.785647,0.883150,0.000000,1.000000,Barely acceptable,
ECG_CH1,1645,2018-04-12 01:36:32,2018-04-12 01:36:47,15,3000,200,0.854659,0.934727,0.000000,1.000000,Barely acceptable,
ECG_CH1,1646,2018-04-12 01:36:47,2018-04-12 01:37:02,15,3000,200,0.771288,0.880178,0.000000,1.000000,Barely acceptable,
ECG_CH1,1647,2018-04-12 01:37:02,2018-04-12 01:37:17,15,3000,200,0.745653,0.883086,0.000000,1.000000,Barely acceptable,
ECG_CH1,1648,2018-04-12 01:37:17,2018-04-12 01:37:32,15,3000,200,0.815975,0.889503,0.000000,1.000000,Barely acceptable,
ECG_CH1,1649,2018-04-12 01:37:32,2018-04-12 01:37:47,15,3000,200,0.774276,0.919590,0.000000,1.000000,Barely acceptable,
ECG_CH1,1650,2018-04-12 01:37:47,2018-04-12 01:38:02,15,3000,200,0.640502,0.705338,0.000000,1.000000,Barely acceptable,
ECG_CH1,1651,2018-04-12 01:38:02,2018-04-12 01:38:17,15,3000,200,0.655890,0.768646,0.000000,1.000000,Barely acceptable,
ECG_CH1,1652,2018-04-12 01:38:17,2018-04-12 01:38:32,15,3000,200,0.582041,0.533364,0.000000,1.000000,Barely acceptable,
ECG_CH1,1653,2018-04-12 01:38:32,2018-04-12 01:38:47,15,3000,200,0.755135,0.834059,0.000000,1.000000,Barely acceptable,
ECG_CH1,1654,2018-04-12 01:38:47,2018-04-12 01:39:02,15,3000,200,0.720429,0.779529,0.000000,1.000000,Barely acceptable,
ECG_CH1,1655,2018-04-12 01:39:02,2018-04-12 01:39:17,15,3000,200,0.749968,0.846204,0.000000,1.000000,Barely acceptable,
ECG_CH1,1656,2018-04-12 01:39:17,2018-04-12 01:39:32,15,3000,200,0.754917,0.878443,0.000000,1.000000,Barely acceptable,
ECG_CH1,1657,2018-04-12 01:39:32,2018-04-12 01:39:47,15,3000,200,0.685925,0.845698,0.000000,1.000000,Barely acceptable,
ECG_CH1,1658,2018-04-12 01:39:47,2018-04-12 01:40:02,15,3000,200,0.782759,0.878210,0.000000,1.000000,Barely acceptable,
ECG_CH1,1659,2018-04-12 01:40:02,2018-04-12 01:40:17,15,3000,200,0.757463,0.860679,0.000000,1.000000,Barely acceptable,
ECG_CH1,1660,2018-04-12 01:40:17,2018-04-12 01:40:32,15,3000,200,0.626660,0.661843,0.000000,1.000000,Barely acceptable,
ECG_CH1,1661,2018-04-12 01:40:32,2018-04-12 01:40:47,15,3000,200,0.771273,0.855351,0.000000,1.000000,Barely acceptable,
ECG_CH1,1662,2018-04-12 01:40:47,2018-04-12 01:41:02,15,3000,200,0.563219,0.461811,0.000000,1.000000,Barely acceptable,
ECG_CH1,1663,2018-04-12 01:41:02,2018-04-12 01:41:17,15,3000,200,0.711428,0.801153,0.000000,1.000000,Barely acceptable,
ECG_CH1,1664,2018-04-12 01:41:17,2018-04-12 01:41:32,15,3000,200,0.743932,0.857556,0.000000,1.000000,Barely acceptable,
ECG_CH1,1665,2018-04-12 01:41:32,2018-04-12 01:41:47,15,3000,200,0.513869,0.530281,0.000000,1.000000,Barely acceptable,
ECG_CH1,1666,2018-04-12 01:41:47,2018-04-12 01:42:02,15,3000,200,0.547711,0.576196,0.000000,1.000000,Barely acceptable,
ECG_CH1,1667,2018-04-12 01:42:02,2018-04-12 01:42:17,15,3000,200,0.427697,0.346326,0.000000,1.000000,Barely acceptable,
ECG_CH1,1668,2018-04-12 01:42:17,2018-04-12 01:42:32,15,3000,200,0.778748,0.916977,0.000000,1.000000,Barely acceptable,
ECG_CH1,1669,2018-04-12 01:42:32,2018-04-12 01:42:47,15,3000,200,0.499841,0.481683,0.000000,1.000000,Barely acceptable,
ECG_CH1,1670,2018-04-12 01:42:47,2018-04-12 01:43:02,15,3000,200,0.667348,0.712135,0.000000,1.000000,Barely acceptable,
ECG_CH1,1671,2018-04-12 01:43:02,2018-04-12 01:43:17,15,3000,200,0.728981,0.806833,0.000000,1.000000,Barely acceptable,
ECG_CH1,1672,2018-04-12 01:43:17,2018-04-12 01:43:32,15,3000,200,0.695551,0.780172,0.000000,1.000000,Barely acceptable,
ECG_CH1,1673,2018-04-12 01:43:32,2018-04-12 01:43:47,15,3000,200,0.697087,0.780904,0.000000,1.000000,Barely acceptable,
ECG_CH1,1674,2018-04-12 01:43:47,2018-04-12 01:44:02,15,3000,200,0.699799,0.798749,0.000000,1.000000,Barely acceptable,
ECG_CH1,1675,2018-04-12 01:44:02,2018-04-12 01:44:17,15,3000,200,0.735807,0.807377,0.000000,1.000000,Barely acceptable,
ECG_CH1,1676,2018-04-12 01:44:17,2018-04-12 01:44:32,15,3000,200,0.808555,0.925927,0.000000,1.000000,Barely acceptable,
ECG_CH1,1677,2018-04-12 01:44:32,2018-04-12 01:44:47,15,3000,200,0.658049,0.715894,0.000000,1.000000,Barely acceptable,
ECG_CH1,1678,2018-04-12 01:44:47,2018-04-12 01:45:02,15,3000,200,0.745050,0.864201,0.000000,1.000000,Barely acceptable,
ECG_CH1,1679,2018-04-12 01:45:02,2018-04-12 01:45:17,15,3000,200,0.761334,0.872360,0.000000,1.000000,Barely acceptable,
ECG_CH1,1680,2018-04-12 01:45:17,2018-04-12 01:45:32,15,3000,200,0.727867,0.840788,0.000000,1.000000,Barely acceptable,
ECG_CH1,1681,2018-04-12 01:45:32,2018-04-12 01:45:47,15,3000,200,0.769796,0.821060,0.000000,1.000000,Barely acceptable,
ECG_CH1,1682,2018-04-12 01:45:47,2018-04-12 01:46:02,15,3000,200,0.765209,0.901324,0.000000,1.000000,Barely acceptable,
ECG_CH1,1683,2018-04-12 01:46:02,2018-04-12 01:46:17,15,3000,200,0.588089,0.739900,0.000000,1.000000,Barely acceptable,
ECG_CH1,1684,2018-04-12 01:46:17,2018-04-12 01:46:32,15,3000,200,0.841608,0.929553,0.000000,1.000000,Barely acceptable,
ECG_CH1,1685,2018-04-12 01:46:32,2018-04-12 01:46:47,15,3000,200,0.826079,0.924797,0.000000,1.000000,Barely acceptable,
ECG_CH1,1686,2018-04-12 01:46:47,2018-04-12 01:47:02,15,3000,200,0.613053,0.714276,0.000000,1.000000,Barely acceptable,
ECG_CH1,1687,2018-04-12 01:47:02,2018-04-12 01:47:17,15,3000,200,0.783676,0.801358,0.000000,1.000000,Barely acceptable,
ECG_CH1,1688,2018-04-12 01:47:17,2018-04-12 01:47:32,15,3000,200,0.625850,0.654925,0.000000,1.000000,Barely acceptable,
ECG_CH1,1689,2018-04-12 01:47:32,2018-04-12 01:47:47,15,3000,200,0.693459,0.793166,0.000000,1.000000,Barely acceptable,
ECG_CH1,1690,2018-04-12 01:47:47,2018-04-12 01:48:02,15,3000,200,0.750779,0.876855,0.000000,1.000000,Barely acceptable,
ECG_CH1,1691,2018-04-12 01:48:02,2018-04-12 01:48:17,15,3000,200,0.716821,0.881113,0.000000,1.000000,Barely acceptable,
ECG_CH1,1692,2018-04-12 01:48:17,2018-04-12 01:48:32,15,3000,200,0.650237,0.733341,0.000000,1.000000,Barely acceptable,
ECG_CH1,1693,2018-04-12 01:48:32,2018-04-12 01:48:47,15,3000,200,0.666313,0.779970,0.000000,1.000000,Barely acceptable,
ECG_CH1,1694,2018-04-12 01:48:47,2018-04-12 01:49:02,15,3000,200,0.701525,0.869256,0.000000,1.000000,Barely acceptable,
ECG_CH1,1695,2018-04-12 01:49:02,2018-04-12 01:49:17,15,3000,200,0.666487,0.781093,0.000000,1.000000,Barely acceptable,
ECG_CH1,1696,2018-04-12 01:49:17,2018-04-12 01:49:32,15,3000,200,0.798491,0.910587,0.000000,1.000000,Barely acceptable,
ECG_CH1,1697,2018-04-12 01:49:32,2018-04-12 01:49:47,15,3000,200,0.554623,0.623338,0.000000,1.000000,Barely acceptable,
ECG_CH1,1698,2018-04-12 01:49:47,2018-04-12 01:50:02,15,3000,200,0.540427,0.516721,0.000000,1.000000,Barely acceptable,
ECG_CH1,1699,2018-04-12 01:50:02,2018-04-12 01:50:17,15,3000,200,0.612477,0.653147,0.000000,1.000000,Barely acceptable,
ECG_CH1,1700,2018-04-12 01:50:17,2018-04-12 01:50:32,15,3000,200,0.736414,0.807604,0.000000,1.000000,Barely acceptable,
ECG_CH1,1701,2018-04-12 01:50:32,2018-04-12 01:50:47,15,3000,200,0.670037,0.804248,0.000000,1.000000,Barely acceptable,
ECG_CH1,1702,2018-04-12 01:50:47,2018-04-12 01:51:02,15,3000,200,0.687426,0.760175,0.000000,1.000000,Barely acceptable,
ECG_CH1,1703,2018-04-12 01:51:02,2018-04-12 01:51:17,15,3000,200,0.819296,0.935483,0.000000,1.000000,Barely acceptable,
ECG_CH1,1704,2018-04-12 01:51:17,2018-04-12 01:51:32,15,3000,200,0.695949,0.811599,0.000000,1.000000,Barely acceptable,
ECG_CH1,1705,2018-04-12 01:51:32,2018-04-12 01:51:47,15,3000,200,0.720357,0.865157,0.000000,1.000000,Barely acceptable,
ECG_CH1,1706,2018-04-12 01:51:47,2018-04-12 01:52:02,15,3000,200,0.817428,0.937786,0.000000,1.000000,Barely acceptable,
ECG_CH1,1707,2018-04-12 01:52:02,2018-04-12 01:52:17,15,3000,200,0.760442,0.848644,0.000000,1.000000,Barely acceptable,
ECG_CH1,1708,2018-04-12 01:52:17,2018-04-12 01:52:32,15,3000,200,0.791583,0.852559,0.000000,1.000000,Barely acceptable,
ECG_CH1,1709,2018-04-12 01:52:32,2018-04-12 01:52:47,15,3000,200,0.725477,0.829211,0.000000,1.000000,Barely acceptable,
ECG_CH1,1710,2018-04-12 01:52:47,2018-04-12 01:53:02,15,3000,200,0.716526,0.783813,0.000000,1.000000,Barely acceptable,
ECG_CH1,1711,2018-04-12 01:53:02,2018-04-12 01:53:17,15,3000,200,0.586734,0.565749,0.000000,1.000000,Barely acceptable,
ECG_CH1,1712,2018-04-12 01:53:17,2018-04-12 01:53:32,15,3000,200,0.794750,0.864674,0.000000,1.000000,Barely acceptable,
ECG_CH1,1713,2018-04-12 01:53:32,2018-04-12 01:53:47,15,3000,200,0.703686,0.751129,0.000000,1.000000,Barely acceptable,
ECG_CH1,1714,2018-04-12 01:53:47,2018-04-12 01:54:02,15,3000,200,0.692041,0.883942,0.000000,1.000000,Barely acceptable,
ECG_CH1,1715,2018-04-12 01:54:02,2018-04-12 01:54:17,15,3000,200,0.763592,0.880141,0.000000,1.000000,Barely acceptable,
ECG_CH1,1716,2018-04-12 01:54:17,2018-04-12 01:54:32,15,3000,200,0.547575,0.475219,0.000000,1.000000,Barely acceptable,
ECG_CH1,1717,2018-04-12 01:54:32,2018-04-12 01:54:47,15,3000,200,0.824171,0.863208,0.000000,1.000000,Barely acceptable,
ECG_CH1,1718,2018-04-12 01:54:47,2018-04-12 01:55:02,15,3000,200,0.704719,0.888351,0.000000,1.000000,Barely acceptable,
ECG_CH1,1719,2018-04-12 01:55:02,2018-04-12 01:55:17,15,3000,200,0.719871,0.810237,0.000000,1.000000,Barely acceptable,
ECG_CH1,1720,2018-04-12 01:55:17,2018-04-12 01:55:32,15,3000,200,0.703447,0.777563,0.000000,1.000000,Barely acceptable,
ECG_CH1,1721,2018-04-12 01:55:32,2018-04-12 01:55:47,15,3000,200,0.722952,0.860856,0.000000,1.000000,Barely acceptable,
ECG_CH1,1722,2018-04-12 01:55:47,2018-04-12 01:56:02,15,3000,200,0.758641,0.856430,0.000000,1.000000,Barely acceptable,
ECG_CH1,1723,2018-04-12 01:56:02,2018-04-12 01:56:17,15,3000,200,0.847371,0.945955,0.000000,1.000000,Barely acceptable,
ECG_CH1,1724,2018-04-12 01:56:17,2018-04-12 01:56:32,15,3000,200,0.812832,0.942123,0.000000,1.000000,Barely acceptable,
ECG_CH1,1725,2018-04-12 01:56:32,2018-04-12 01:56:47,15,3000,200,0.715618,0.841325,0.000000,1.000000,Barely acceptable,
ECG_CH1,1726,2018-04-12 01:56:47,2018-04-12 01:57:02,15,3000,200,0.636281,0.798823,0.000000,1.000000,Barely acceptable,
ECG_CH1,1727,2018-04-12 01:57:02,2018-04-12 01:57:17,15,3000,200,0.747325,0.859916,0.000000,1.000000,Barely acceptable,
ECG_CH1,1728,2018-04-12 01:57:17,2018-04-12 01:57:32,15,3000,200,0.668469,0.685260,0.000000,1.000000,Barely acceptable,
ECG_CH1,1729,2018-04-12 01:57:32,2018-04-12 01:57:47,15,3000,200,0.875939,0.937205,0.000000,1.000000,Barely acceptable,
ECG_CH1,1730,2018-04-12 01:57:47,2018-04-12 01:58:02,15,3000,200,0.520147,0.546752,0.000000,1.000000,Barely acceptable,
ECG_CH1,1731,2018-04-12 01:58:02,2018-04-12 01:58:17,15,3000,200,0.820797,0.898678,0.000000,1.000000,Barely acceptable,
ECG_CH1,1732,2018-04-12 01:58:17,2018-04-12 01:58:32,15,3000,200,0.790605,0.893952,0.000000,1.000000,Barely acceptable,
ECG_CH1,1733,2018-04-12 01:58:32,2018-04-12 01:58:47,15,3000,200,0.769541,0.874081,0.000000,1.000000,Barely acceptable,
ECG_CH1,1734,2018-04-12 01:58:47,2018-04-12 01:59:02,15,3000,200,0.732640,0.775987,0.000000,1.000000,Barely acceptable,
ECG_CH1,1735,2018-04-12 01:59:02,2018-04-12 01:59:17,15,3000,200,0.762055,0.854157,0.000000,1.000000,Barely acceptable,
ECG_CH1,1736,2018-04-12 01:59:17,2018-04-12 01:59:32,15,3000,200,0.549226,0.669769,0.000000,1.000000,Barely acceptable,
ECG_CH1,1737,2018-04-12 01:59:32,2018-04-12 01:59:47,15,3000,200,0.819886,0.882012,0.000000,1.000000,Barely acceptable,
ECG_CH1,1738,2018-04-12 01:59:47,2018-04-12 02:00:02,15,3000,200,0.787915,0.867789,0.000000,1.000000,Barely acceptable,
ECG_CH1,1739,2018-04-12 02:00:02,2018-04-12 02:00:17,15,3000,200,0.682018,0.754192,0.000000,1.000000,Barely acceptable,
ECG_CH1,1740,2018-04-12 02:00:17,2018-04-12 02:00:32,15,3000,200,0.752301,0.877440,0.000000,1.000000,Barely acceptable,
ECG_CH1,1741,2018-04-12 02:00:32,2018-04-12 02:00:47,15,3000,200,0.877722,0.921061,0.000000,1.000000,Barely acceptable,
ECG_CH1,1742,2018-04-12 02:00:47,2018-04-12 02:01:02,15,3000,200,0.698817,0.816357,0.000000,1.000000,Barely acceptable,
ECG_CH1,1743,2018-04-12 02:01:02,2018-04-12 02:01:17,15,3000,200,0.718811,0.814498,0.000000,1.000000,Barely acceptable,
ECG_CH1,1744,2018-04-12 02:01:17,2018-04-12 02:01:32,15,3000,200,0.583804,0.655477,0.000000,1.000000,Barely acceptable,
ECG_CH1,1745,2018-04-12 02:01:32,2018-04-12 02:01:47,15,3000,200,0.666746,0.772180,0.000000,1.000000,Barely acceptable,
ECG_CH1,1746,2018-04-12 02:01:47,2018-04-12 02:02:02,15,3000,200,0.707303,0.755085,0.000000,1.000000,Barely acceptable,
ECG_CH1,1747,2018-04-12 02:02:02,2018-04-12 02:02:17,15,3000,200,0.794180,0.898023,0.000000,1.000000,Barely acceptable,
ECG_CH1,1748,2018-04-12 02:02:17,2018-04-12 02:02:32,15,3000,200,0.650919,0.761612,0.000000,1.000000,Barely acceptable,
ECG_CH1,1749,2018-04-12 02:02:32,2018-04-12 02:02:47,15,3000,200,0.779147,0.827909,0.000000,1.000000,Barely acceptable,
ECG_CH1,1750,2018-04-12 02:02:47,2018-04-12 02:03:02,15,3000,200,0.744761,0.839509,0.000000,1.000000,Barely acceptable,
ECG_CH1,1751,2018-04-12 02:03:02,2018-04-12 02:03:17,15,3000,200,0.794758,0.893434,0.000000,1.000000,Barely acceptable,
ECG_CH1,1752,2018-04-12 02:03:17,2018-04-12 02:03:32,15,3000,200,0.721314,0.805109,0.000000,1.000000,Barely acceptable,
ECG_CH1,1753,2018-04-12 02:03:32,2018-04-12 02:03:47,15,3000,200,0.820651,0.942196,0.000000,1.000000,Barely acceptable,
ECG_CH1,1754,2018-04-12 02:03:47,2018-04-12 02:04:02,15,3000,200,0.534501,0.536611,0.000000,1.000000,Barely acceptable,
ECG_CH1,1755,2018-04-12 02:04:02,2018-04-12 02:04:17,15,3000,200,0.841544,0.930918,0.000000,1.000000,Barely acceptable,
ECG_CH1,1756,2018-04-12 02:04:17,2018-04-12 02:04:32,15,3000,200,0.651061,0.614657,0.000000,1.000000,Barely acceptable,
ECG_CH1,1757,2018-04-12 02:04:32,2018-04-12 02:04:47,15,3000,200,0.735591,0.808133,0.000000,1.000000,Barely acceptable,
ECG_CH1,1758,2018-04-12 02:04:47,2018-04-12 02:05:02,15,3000,200,0.721901,0.887226,0.000000,1.000000,Barely acceptable,
ECG_CH1,1759,2018-04-12 02:05:02,2018-04-12 02:05:17,15,3000,200,0.700577,0.778371,0.000000,1.000000,Barely acceptable,
ECG_CH1,1760,2018-04-12 02:05:17,2018-04-12 02:05:32,15,3000,200,0.758639,0.902954,0.000000,1.000000,Barely acceptable,
ECG_CH1,1761,2018-04-12 02:05:32,2018-04-12 02:05:47,15,3000,200,0.781605,0.885475,0.000000,1.000000,Barely acceptable,
ECG_CH1,1762,2018-04-12 02:05:47,2018-04-12 02:06:02,15,3000,200,0.626344,0.762827,0.000000,1.000000,Barely acceptable,
ECG_CH1,1763,2018-04-12 02:06:02,2018-04-12 02:06:17,15,3000,200,0.697511,0.768127,0.000000,1.000000,Barely acceptable,
ECG_CH1,1764,2018-04-12 02:06:17,2018-04-12 02:06:32,15,3000,200,0.686119,0.749589,0.000000,1.000000,Barely acceptable,
ECG_CH1,1765,2018-04-12 02:06:32,2018-04-12 02:06:47,15,3000,200,0.762978,0.877391,0.000000,1.000000,Barely acceptable,
ECG_CH1,1766,2018-04-12 02:06:47,2018-04-12 02:07:02,15,3000,200,0.552406,0.633873,0.000000,1.000000,Barely acceptable,
ECG_CH1,1767,2018-04-12 02:07:02,2018-04-12 02:07:17,15,3000,200,0.683233,0.705127,0.000000,1.000000,Barely acceptable,
ECG_CH1,1768,2018-04-12 02:07:17,2018-04-12 02:07:32,15,3000,200,0.610084,0.567856,0.000000,1.000000,Barely acceptable,
ECG_CH1,1769,2018-04-12 02:07:32,2018-04-12 02:07:47,15,3000,200,0.868081,0.942295,0.000000,1.000000,Barely acceptable,
ECG_CH1,1770,2018-04-12 02:07:47,2018-04-12 02:08:02,15,3000,200,0.789437,0.917470,0.000000,1.000000,Barely acceptable,
ECG_CH1,1771,2018-04-12 02:08:02,2018-04-12 02:08:17,15,3000,200,0.727395,0.819785,0.000000,1.000000,Barely acceptable,
ECG_CH1,1772,2018-04-12 02:08:17,2018-04-12 02:08:32,15,3000,200,0.750340,0.858525,0.000000,1.000000,Barely acceptable,
ECG_CH1,1773,2018-04-12 02:08:32,2018-04-12 02:08:47,15,3000,200,0.745105,0.853917,0.000000,1.000000,Barely acceptable,
ECG_CH1,1774,2018-04-12 02:08:47,2018-04-12 02:09:02,15,3000,200,0.640994,0.726628,0.000000,1.000000,Barely acceptable,
ECG_CH1,1775,2018-04-12 02:09:02,2018-04-12 02:09:17,15,3000,200,0.765888,0.811305,0.000000,1.000000,Barely acceptable,
ECG_CH1,1776,2018-04-12 02:09:17,2018-04-12 02:09:32,15,3000,200,0.518058,0.533419,0.000000,1.000000,Barely acceptable,
ECG_CH1,1777,2018-04-12 02:09:32,2018-04-12 02:09:47,15,3000,200,0.721232,0.858369,0.000000,1.000000,Barely acceptable,
ECG_CH1,1778,2018-04-12 02:09:47,2018-04-12 02:10:02,15,3000,200,0.684197,0.771042,0.000000,1.000000,Barely acceptable,
ECG_CH1,1779,2018-04-12 02:10:02,2018-04-12 02:10:17,15,3000,200,0.725258,0.857107,0.000000,1.000000,Barely acceptable,
ECG_CH1,1780,2018-04-12 02:10:17,2018-04-12 02:10:32,15,3000,200,0.773215,0.861892,0.000000,1.000000,Barely acceptable,
ECG_CH1,1781,2018-04-12 02:10:32,2018-04-12 02:10:47,15,3000,200,0.741914,0.803607,0.000000,1.000000,Barely acceptable,
ECG_CH1,1782,2018-04-12 02:10:47,2018-04-12 02:11:02,15,3000,200,0.777085,0.909855,0.000000,1.000000,Barely acceptable,
ECG_CH1,1783,2018-04-12 02:11:02,2018-04-12 02:11:17,15,3000,200,0.633394,0.671658,0.000000,1.000000,Barely acceptable,
ECG_CH1,1784,2018-04-12 02:11:17,2018-04-12 02:11:32,15,3000,200,0.771634,0.852493,0.000000,1.000000,Barely acceptable,
ECG_CH1,1785,2018-04-12 02:11:32,2018-04-12 02:11:47,15,3000,200,0.616250,0.729263,0.000000,1.000000,Barely acceptable,
ECG_CH1,1786,2018-04-12 02:11:47,2018-04-12 02:12:02,15,3000,200,0.842610,0.929807,0.000000,1.000000,Barely acceptable,
ECG_CH1,1787,2018-04-12 02:12:02,2018-04-12 02:12:17,15,3000,200,0.749336,0.817910,0.000000,1.000000,Barely acceptable,
ECG_CH1,1788,2018-04-12 02:12:17,2018-04-12 02:12:32,15,3000,200,0.773865,0.883152,0.000000,1.000000,Barely acceptable,
ECG_CH1,1789,2018-04-12 02:12:32,2018-04-12 02:12:47,15,3000,200,0.570772,0.606346,0.000000,1.000000,Barely acceptable,
ECG_CH1,1790,2018-04-12 02:12:47,2018-04-12 02:13:02,15,3000,200,0.716203,0.802727,0.000000,1.000000,Barely acceptable,
ECG_CH1,1791,2018-04-12 02:13:02,2018-04-12 02:13:17,15,3000,200,0.646437,0.604385,0.000000,1.000000,Barely acceptable,
ECG_CH1,1792,2018-04-12 02:13:17,2018-04-12 02:13:32,15,3000,200,0.690541,0.736703,0.000000,1.000000,Barely acceptable,
ECG_CH1,1793,2018-04-12 02:13:32,2018-04-12 02:13:47,15,3000,200,0.792530,0.878659,0.000000,1.000000,Barely acceptable,
ECG_CH1,1794,2018-04-12 02:13:47,2018-04-12 02:14:02,15,3000,200,0.857182,0.928741,0.000000,1.000000,Barely acceptable,
ECG_CH1,1795,2018-04-12 02:14:02,2018-04-12 02:14:17,15,3000,200,0.646245,0.626181,0.000000,1.000000,Barely acceptable,
ECG_CH1,1796,2018-04-12 02:14:17,2018-04-12 02:14:32,15,3000,200,0.556914,0.672914,0.000000,1.000000,Barely acceptable,
ECG_CH1,1797,2018-04-12 02:14:32,2018-04-12 02:14:47,15,3000,200,0.705004,0.819319,0.000000,1.000000,Barely acceptable,
ECG_CH1,1798,2018-04-12 02:14:47,2018-04-12 02:15:02,15,3000,200,0.799540,0.887361,0.000000,1.000000,Barely acceptable,
ECG_CH1,1799,2018-04-12 02:15:02,2018-04-12 02:15:17,15,3000,200,0.784986,0.914863,0.000000,1.000000,Barely acceptable,
ECG_CH1,1800,2018-04-12 02:15:17,2018-04-12 02:15:32,15,3000,200,0.756819,0.916066,0.000000,1.000000,Barely acceptable,
ECG_CH1,1801,2018-04-12 02:15:32,2018-04-12 02:15:47,15,3000,200,0.652874,0.701998,0.000000,1.000000,Barely acceptable,
ECG_CH1,1802,2018-04-12 02:15:47,2018-04-12 02:16:02,15,3000,200,0.785229,0.889495,0.000000,1.000000,Barely acceptable,
ECG_CH1,1803,2018-04-12 02:16:02,2018-04-12 02:16:17,15,3000,200,0.656048,0.732505,0.000000,1.000000,Barely acceptable,
ECG_CH1,1804,2018-04-12 02:16:17,2018-04-12 02:16:32,15,3000,200,0.504141,0.549645,0.000000,1.000000,Barely acceptable,
ECG_CH1,1805,2018-04-12 02:16:32,2018-04-12 02:16:47,15,3000,200,0.759916,0.871827,0.000000,1.000000,Barely acceptable,
ECG_CH1,1806,2018-04-12 02:16:47,2018-04-12 02:17:02,15,3000,200,0.596869,0.647809,0.000000,1.000000,Barely acceptable,
ECG_CH1,1807,2018-04-12 02:17:02,2018-04-12 02:17:17,15,3000,200,0.786415,0.838161,0.000000,1.000000,Barely acceptable,
ECG_CH1,1808,2018-04-12 02:17:17,2018-04-12 02:17:32,15,3000,200,0.745041,0.811210,0.000000,1.000000,Barely acceptable,
ECG_CH1,1809,2018-04-12 02:17:32,2018-04-12 02:17:47,15,3000,200,0.740525,0.849066,0.000000,1.000000,Barely acceptable,
ECG_CH1,1810,2018-04-12 02:17:47,2018-04-12 02:18:02,15,3000,200,0.613028,0.648913,0.000000,1.000000,Barely acceptable,
ECG_CH1,1811,2018-04-12 02:18:02,2018-04-12 02:18:17,15,3000,200,0.738526,0.836626,0.000000,1.000000,Barely acceptable,
ECG_CH1,1812,2018-04-12 02:18:17,2018-04-12 02:18:32,15,3000,200,0.711593,0.870602,0.000000,1.000000,Barely acceptable,
ECG_CH1,1813,2018-04-12 02:18:32,2018-04-12 02:18:47,15,3000,200,0.813963,0.888120,0.000000,1.000000,Barely acceptable,
ECG_CH1,1814,2018-04-12 02:18:47,2018-04-12 02:19:02,15,3000,200,0.674401,0.775626,0.000000,1.000000,Barely acceptable,
ECG_CH1,1815,2018-04-12 02:19:02,2018-04-12 02:19:17,15,3000,200,0.697136,0.785640,0.000000,1.000000,Barely acceptable,
ECG_CH1,1816,2018-04-12 02:19:17,2018-04-12 02:19:32,15,3000,200,0.688991,0.746008,0.000000,1.000000,Barely acceptable,
ECG_CH1,1817,2018-04-12 02:19:32,2018-04-12 02:19:47,15,3000,200,0.716969,0.787176,0.000000,1.000000,Barely acceptable,
ECG_CH1,1818,2018-04-12 02:19:47,2018-04-12 02:20:02,15,3000,200,0.851882,0.929564,0.000000,1.000000,Barely acceptable,
ECG_CH1,1819,2018-04-12 02:20:02,2018-04-12 02:20:17,15,3000,200,0.835216,0.905914,0.000000,1.000000,Barely acceptable,
ECG_CH1,1820,2018-04-12 02:20:17,2018-04-12 02:20:32,15,3000,200,0.590545,0.582018,0.000000,1.000000,Barely acceptable,
ECG_CH1,1821,2018-04-12 02:20:32,2018-04-12 02:20:47,15,3000,200,0.802128,0.900934,0.000000,1.000000,Barely acceptable,
ECG_CH1,1822,2018-04-12 02:20:47,2018-04-12 02:21:02,15,3000,200,0.537309,0.725138,0.000000,1.000000,Barely acceptable,
ECG_CH1,1823,2018-04-12 02:21:02,2018-04-12 02:21:17,15,3000,200,0.735424,0.782554,0.000000,1.000000,Barely acceptable,
ECG_CH1,1824,2018-04-12 02:21:17,2018-04-12 02:21:32,15,3000,200,0.730149,0.865092,0.000000,1.000000,Barely acceptable,
ECG_CH1,1825,2018-04-12 02:21:32,2018-04-12 02:21:47,15,3000,200,0.682019,0.740146,0.000000,1.000000,Barely acceptable,
ECG_CH1,1826,2018-04-12 02:21:47,2018-04-12 02:22:02,15,3000,200,0.770897,0.832931,0.000000,1.000000,Barely acceptable,
ECG_CH1,1827,2018-04-12 02:22:02,2018-04-12 02:22:17,15,3000,200,0.793511,0.849295,0.000000,1.000000,Barely acceptable,
ECG_CH1,1828,2018-04-12 02:22:17,2018-04-12 02:22:32,15,3000,200,0.830378,0.897601,0.000000,1.000000,Barely acceptable,
ECG_CH1,1829,2018-04-12 02:22:32,2018-04-12 02:22:47,15,3000,200,0.808902,0.921472,0.000000,1.000000,Barely acceptable,
ECG_CH1,1830,2018-04-12 02:22:47,2018-04-12 02:23:02,15,3000,200,0.732314,0.826587,0.000000,1.000000,Barely acceptable,
ECG_CH1,1831,2018-04-12 02:23:02,2018-04-12 02:23:17,15,3000,200,0.736266,0.876468,0.000000,1.000000,Barely acceptable,
ECG_CH1,1832,2018-04-12 02:23:17,2018-04-12 02:23:32,15,3000,200,0.614226,0.713028,0.000000,1.000000,Barely acceptable,
ECG_CH1,1833,2018-04-12 02:23:32,2018-04-12 02:23:47,15,3000,200,0.829299,0.891443,0.000000,1.000000,Barely acceptable,
ECG_CH1,1834,2018-04-12 02:23:47,2018-04-12 02:24:02,15,3000,200,0.747722,0.871700,0.000000,1.000000,Barely acceptable,
ECG_CH1,1835,2018-04-12 02:24:02,2018-04-12 02:24:17,15,3000,200,0.707613,0.869428,0.000000,1.000000,Barely acceptable,
ECG_CH1,1836,2018-04-12 02:24:17,2018-04-12 02:24:32,15,3000,200,0.694931,0.828886,0.000000,1.000000,Barely acceptable,
ECG_CH1,1837,2018-04-12 02:24:32,2018-04-12 02:24:47,15,3000,200,0.819793,0.879428,0.000000,1.000000,Barely acceptable,
ECG_CH1,1838,2018-04-12 02:24:47,2018-04-12 02:25:02,15,3000,200,0.633913,0.720930,0.000000,1.000000,Barely acceptable,
ECG_CH1,1839,2018-04-12 02:25:02,2018-04-12 02:25:17,15,3000,200,0.604765,0.730340,0.000000,1.000000,Barely acceptable,
ECG_CH1,1840,2018-04-12 02:25:17,2018-04-12 02:25:32,15,3000,200,0.749068,0.828983,0.000000,1.000000,Barely acceptable,
ECG_CH1,1841,2018-04-12 02:25:32,2018-04-12 02:25:47,15,3000,200,0.761254,0.816020,0.000000,1.000000,Barely acceptable,
ECG_CH1,1842,2018-04-12 02:25:47,2018-04-12 02:26:02,15,3000,200,0.759638,0.867075,0.000000,1.000000,Barely acceptable,
ECG_CH1,1843,2018-04-12 02:26:02,2018-04-12 02:26:17,15,3000,200,0.691843,0.767229,0.000000,1.000000,Barely acceptable,
ECG_CH1,1844,2018-04-12 02:26:17,2018-04-12 02:26:32,15,3000,200,0.728016,0.804710,0.000000,1.000000,Barely acceptable,
ECG_CH1,1845,2018-04-12 02:26:32,2018-04-12 02:26:47,15,3000,200,0.774279,0.887284,0.000000,1.000000,Barely acceptable,
ECG_CH1,1846,2018-04-12 02:26:47,2018-04-12 02:27:02,15,3000,200,0.610883,0.748946,0.000000,1.000000,Barely acceptable,
ECG_CH1,1847,2018-04-12 02:27:02,2018-04-12 02:27:17,15,3000,200,0.596678,0.666572,0.000000,1.000000,Barely acceptable,
ECG_CH1,1848,2018-04-12 02:27:17,2018-04-12 02:27:32,15,3000,200,0.695491,0.785083,0.000000,1.000000,Barely acceptable,
ECG_CH1,1849,2018-04-12 02:27:32,2018-04-12 02:27:47,15,3000,200,0.647753,0.698916,0.000000,1.000000,Barely acceptable,
ECG_CH1,1850,2018-04-12 02:27:47,2018-04-12 02:28:02,15,3000,200,0.708315,0.878189,0.000000,1.000000,Barely acceptable,
ECG_CH1,1851,2018-04-12 02:28:02,2018-04-12 02:28:17,15,3000,200,0.609521,0.655498,0.000000,1.000000,Barely acceptable,
ECG_CH1,1852,2018-04-12 02:28:17,2018-04-12 02:28:32,15,3000,200,0.809476,0.887717,0.000000,1.000000,Barely acceptable,
ECG_CH1,1853,2018-04-12 02:28:32,2018-04-12 02:28:47,15,3000,200,0.759224,0.880952,0.000000,1.000000,Barely acceptable,
ECG_CH1,1854,2018-04-12 02:28:47,2018-04-12 02:29:02,15,3000,200,0.631255,0.775075,0.000000,1.000000,Barely acceptable,
ECG_CH1,1855,2018-04-12 02:29:02,2018-04-12 02:29:17,15,3000,200,0.714771,0.777951,0.000000,1.000000,Barely acceptable,
ECG_CH1,1856,2018-04-12 02:29:17,2018-04-12 02:29:32,15,3000,200,0.834449,0.928447,0.000000,1.000000,Barely acceptable,
ECG_CH1,1857,2018-04-12 02:29:32,2018-04-12 02:29:47,15,3000,200,0.675184,0.722568,0.000000,1.000000,Barely acceptable,
ECG_CH1,1858,2018-04-12 02:29:47,2018-04-12 02:30:02,15,3000,200,0.790881,0.868311,0.000000,1.000000,Barely acceptable,
ECG_CH1,1859,2018-04-12 02:30:02,2018-04-12 02:30:17,15,3000,200,0.706680,0.880453,0.000000,1.000000,Barely acceptable,
ECG_CH1,1860,2018-04-12 02:30:17,2018-04-12 02:30:32,15,3000,200,0.822001,0.916756,0.000000,1.000000,Barely acceptable,
ECG_CH1,1861,2018-04-12 02:30:32,2018-04-12 02:30:47,15,3000,200,0.725203,0.863628,0.000000,1.000000,Barely acceptable,
ECG_CH1,1862,2018-04-12 02:30:47,2018-04-12 02:31:02,15,3000,200,0.632371,0.688857,0.000000,1.000000,Barely acceptable,
ECG_CH1,1863,2018-04-12 02:31:02,2018-04-12 02:31:17,15,3000,200,0.672597,0.696168,0.000000,1.000000,Barely acceptable,
ECG_CH1,1864,2018-04-12 02:31:17,2018-04-12 02:31:32,15,3000,200,0.727436,0.760313,0.000000,1.000000,Barely acceptable,
ECG_CH1,1865,2018-04-12 02:31:32,2018-04-12 02:31:47,15,3000,200,0.735552,0.839706,0.000000,1.000000,Barely acceptable,
ECG_CH1,1866,2018-04-12 02:31:47,2018-04-12 02:32:02,15,3000,200,0.874522,0.955728,0.000000,1.000000,Barely acceptable,
ECG_CH1,1867,2018-04-12 02:32:02,2018-04-12 02:32:17,15,3000,200,0.798598,0.866184,0.000000,1.000000,Barely acceptable,
ECG_CH1,1868,2018-04-12 02:32:17,2018-04-12 02:32:32,15,3000,200,0.615517,0.687412,0.000000,1.000000,Barely acceptable,
ECG_CH1,1869,2018-04-12 02:32:32,2018-04-12 02:32:47,15,3000,200,0.532222,0.543935,0.000000,1.000000,Barely acceptable,
ECG_CH1,1870,2018-04-12 02:32:47,2018-04-12 02:33:02,15,3000,200,0.712903,0.806558,0.000000,1.000000,Barely acceptable,
ECG_CH1,1871,2018-04-12 02:33:02,2018-04-12 02:33:17,15,3000,200,0.687771,0.790674,0.000000,1.000000,Barely acceptable,
ECG_CH1,1872,2018-04-12 02:33:17,2018-04-12 02:33:32,15,3000,200,0.819780,0.872899,0.000000,1.000000,Barely acceptable,
ECG_CH1,1873,2018-04-12 02:33:32,2018-04-12 02:33:47,15,3000,200,0.824712,0.919811,0.000000,1.000000,Barely acceptable,
ECG_CH1,1874,2018-04-12 02:33:47,2018-04-12 02:34:02,15,3000,200,0.752893,0.899303,0.000000,1.000000,Barely acceptable,
ECG_CH1,1875,2018-04-12 02:34:02,2018-04-12 02:34:17,15,3000,200,0.785660,0.903746,0.000000,1.000000,Barely acceptable,
ECG_CH1,1876,2018-04-12 02:34:17,2018-04-12 02:34:32,15,3000,200,0.588642,0.650839,0.000000,1.000000,Barely acceptable,
ECG_CH1,1877,2018-04-12 02:34:32,2018-04-12 02:34:47,15,3000,200,0.609819,0.690838,0.000000,1.000000,Barely acceptable,
ECG_CH1,1878,2018-04-12 02:34:47,2018-04-12 02:35:02,15,3000,200,0.669071,0.710952,0.000000,1.000000,Barely acceptable,
ECG_CH1,1879,2018-04-12 02:35:02,2018-04-12 02:35:17,15,3000,200,0.820155,0.927843,0.000000,1.000000,Barely acceptable,
ECG_CH1,1880,2018-04-12 02:35:17,2018-04-12 02:35:32,15,3000,200,0.632309,0.738447,0.000000,1.000000,Barely acceptable,
ECG_CH1,1881,2018-04-12 02:35:32,2018-04-12 02:35:47,15,3000,200,0.503604,0.463805,0.000000,1.000000,Barely acceptable,
ECG_CH1,1882,2018-04-12 02:35:47,2018-04-12 02:36:02,15,3000,200,0.586006,0.610840,0.000000,1.000000,Barely acceptable,
ECG_CH1,1883,2018-04-12 02:36:02,2018-04-12 02:36:17,15,3000,200,0.761701,0.886184,0.000000,1.000000,Barely acceptable,
ECG_CH1,1884,2018-04-12 02:36:17,2018-04-12 02:36:32,15,3000,200,0.735289,0.813904,0.000000,1.000000,Barely acceptable,
ECG_CH1,1885,2018-04-12 02:36:32,2018-04-12 02:36:47,15,3000,200,0.640165,0.719640,0.000000,1.000000,Barely acceptable,
ECG_CH1,1886,2018-04-12 02:36:47,2018-04-12 02:37:02,15,3000,200,0.558478,0.559150,0.000000,1.000000,Barely acceptable,
ECG_CH1,1887,2018-04-12 02:37:02,2018-04-12 02:37:17,15,3000,200,0.649654,0.727605,0.000000,1.000000,Barely acceptable,
ECG_CH1,1888,2018-04-12 02:37:17,2018-04-12 02:37:32,15,3000,200,0.731802,0.830010,0.000000,1.000000,Barely acceptable,
ECG_CH1,1889,2018-04-12 02:37:32,2018-04-12 02:37:47,15,3000,200,0.734030,0.780428,0.000000,1.000000,Barely acceptable,
ECG_CH1,1890,2018-04-12 02:37:47,2018-04-12 02:38:02,15,3000,200,0.787590,0.923655,0.000000,1.000000,Barely acceptable,
ECG_CH1,1891,2018-04-12 02:38:02,2018-04-12 02:38:17,15,3000,200,0.700871,0.759825,0.000000,1.000000,Barely acceptable,
ECG_CH1,1892,2018-04-12 02:38:17,2018-04-12 02:38:32,15,3000,200,0.559785,0.639175,0.000000,1.000000,Barely acceptable,
ECG_CH1,1893,2018-04-12 02:38:32,2018-04-12 02:38:47,15,3000,200,0.811262,0.912325,0.000000,1.000000,Barely acceptable,
ECG_CH1,1894,2018-04-12 02:38:47,2018-04-12 02:39:02,15,3000,200,0.821374,0.906194,0.000000,1.000000,Barely acceptable,
ECG_CH1,1895,2018-04-12 02:39:02,2018-04-12 02:39:17,15,3000,200,0.669047,0.747254,0.000000,1.000000,Barely acceptable,
ECG_CH1,1896,2018-04-12 02:39:17,2018-04-12 02:39:32,15,3000,200,0.760313,0.875347,0.000000,1.000000,Barely acceptable,
ECG_CH1,1897,2018-04-12 02:39:32,2018-04-12 02:39:47,15,3000,200,0.586028,0.672747,0.000000,1.000000,Barely acceptable,
ECG_CH1,1898,2018-04-12 02:39:47,2018-04-12 02:40:02,15,3000,200,0.694489,0.663450,0.000000,1.000000,Barely acceptable,
ECG_CH1,1899,2018-04-12 02:40:02,2018-04-12 02:40:17,15,3000,200,0.641280,0.704583,0.000000,1.000000,Barely acceptable,
ECG_CH1,1900,2018-04-12 02:40:17,2018-04-12 02:40:32,15,3000,200,0.887316,0.959650,0.000000,1.000000,Barely acceptable,
ECG_CH1,1901,2018-04-12 02:40:32,2018-04-12 02:40:47,15,3000,200,0.778304,0.867662,0.000000,1.000000,Barely acceptable,
ECG_CH1,1902,2018-04-12 02:40:47,2018-04-12 02:41:02,15,3000,200,0.703211,0.791014,0.000000,1.000000,Barely acceptable,
ECG_CH1,1903,2018-04-12 02:41:02,2018-04-12 02:41:17,15,3000,200,0.812905,0.925479,0.000000,1.000000,Barely acceptable,
ECG_CH1,1904,2018-04-12 02:41:17,2018-04-12 02:41:32,15,3000,200,0.569049,0.605447,0.000000,1.000000,Barely acceptable,
ECG_CH1,1905,2018-04-12 02:41:32,2018-04-12 02:41:47,15,3000,200,0.754908,0.882729,0.000000,1.000000,Barely acceptable,
ECG_CH1,1906,2018-04-12 02:41:47,2018-04-12 02:42:02,15,3000,200,0.720398,0.834380,0.000000,1.000000,Barely acceptable,
ECG_CH1,1907,2018-04-12 02:42:02,2018-04-12 02:42:17,15,3000,200,0.656021,0.771656,0.000000,1.000000,Barely acceptable,
ECG_CH1,1908,2018-04-12 02:42:17,2018-04-12 02:42:32,15,3000,200,0.596309,0.699677,0.000000,1.000000,Barely acceptable,
ECG_CH1,1909,2018-04-12 02:42:32,2018-04-12 02:42:47,15,3000,200,0.576073,0.519699,0.000000,1.000000,Barely acceptable,
ECG_CH1,1910,2018-04-12 02:42:47,2018-04-12 02:43:02,15,3000,200,0.827839,0.918867,0.000000,1.000000,Barely acceptable,
ECG_CH1,1911,2018-04-12 02:43:02,2018-04-12 02:43:17,15,3000,200,0.724655,0.832050,0.000000,1.000000,Barely acceptable,
ECG_CH1,1912,2018-04-12 02:43:17,2018-04-12 02:43:32,15,3000,200,0.783338,0.853825,0.000000,1.000000,Barely acceptable,
ECG_CH1,1913,2018-04-12 02:43:32,2018-04-12 02:43:47,15,3000,200,0.793947,0.890365,0.000000,1.000000,Barely acceptable,
ECG_CH1,1914,2018-04-12 02:43:47,2018-04-12 02:44:02,15,3000,200,0.766210,0.794306,0.000000,1.000000,Barely acceptable,
ECG_CH1,1915,2018-04-12 02:44:02,2018-04-12 02:44:17,15,3000,200,0.656996,0.847708,0.000000,1.000000,Barely acceptable,
ECG_CH1,1916,2018-04-12 02:44:17,2018-04-12 02:44:32,15,3000,200,0.743579,0.781205,0.000000,1.000000,Barely acceptable,
ECG_CH1,1917,2018-04-12 02:44:32,2018-04-12 02:44:47,15,3000,200,0.636548,0.779221,0.000000,1.000000,Barely acceptable,
ECG_CH1,1918,2018-04-12 02:44:47,2018-04-12 02:45:02,15,3000,200,0.774918,0.884085,0.000000,1.000000,Barely acceptable,
ECG_CH1,1919,2018-04-12 02:45:02,2018-04-12 02:45:17,15,3000,200,0.784417,0.879256,0.000000,1.000000,Barely acceptable,
ECG_CH1,1920,2018-04-12 02:45:17,2018-04-12 02:45:32,15,3000,200,0.723821,0.795017,0.000000,1.000000,Barely acceptable,
ECG_CH1,1921,2018-04-12 02:45:32,2018-04-12 02:45:47,15,3000,200,0.726410,0.849351,0.000000,1.000000,Barely acceptable,
ECG_CH1,1922,2018-04-12 02:45:47,2018-04-12 02:46:02,15,3000,200,0.752901,0.904435,0.000000,1.000000,Barely acceptable,
ECG_CH1,1923,2018-04-12 02:46:02,2018-04-12 02:46:17,15,3000,200,0.749952,0.858704,0.000000,1.000000,Barely acceptable,
ECG_CH1,1924,2018-04-12 02:46:17,2018-04-12 02:46:32,15,3000,200,0.820159,0.922697,0.000000,1.000000,Barely acceptable,
ECG_CH1,1925,2018-04-12 02:46:32,2018-04-12 02:46:47,15,3000,200,0.817401,0.887110,0.000000,1.000000,Barely acceptable,
ECG_CH1,1926,2018-04-12 02:46:47,2018-04-12 02:47:02,15,3000,200,0.820199,0.928428,0.000000,1.000000,Barely acceptable,
ECG_CH1,1927,2018-04-12 02:47:02,2018-04-12 02:47:17,15,3000,200,0.771505,0.856213,0.000000,1.000000,Barely acceptable,
ECG_CH1,1928,2018-04-12 02:47:17,2018-04-12 02:47:32,15,3000,200,0.657474,0.780866,0.000000,1.000000,Barely acceptable,
ECG_CH1,1929,2018-04-12 02:47:32,2018-04-12 02:47:47,15,3000,200,0.764835,0.844684,0.000000,1.000000,Barely acceptable,
ECG_CH1,1930,2018-04-12 02:47:47,2018-04-12 02:48:02,15,3000,200,0.616192,0.668960,0.000000,1.000000,Barely acceptable,
ECG_CH1,1931,2018-04-12 02:48:02,2018-04-12 02:48:17,15,3000,200,0.726218,0.819408,0.000000,1.000000,Barely acceptable,
ECG_CH1,1932,2018-04-12 02:48:17,2018-04-12 02:48:32,15,3000,200,0.689450,0.802227,0.000000,1.000000,Barely acceptable,
ECG_CH1,1933,2018-04-12 02:48:32,2018-04-12 02:48:47,15,3000,200,0.826731,0.935883,0.000000,1.000000,Barely acceptable,
ECG_CH1,1934,2018-04-12 02:48:47,2018-04-12 02:49:02,15,3000,200,0.560614,0.532650,0.000000,1.000000,Barely acceptable,
ECG_CH1,1935,2018-04-12 02:49:02,2018-04-12 02:49:17,15,3000,200,0.731661,0.803149,0.000000,1.000000,Barely acceptable,
ECG_CH1,1936,2018-04-12 02:49:17,2018-04-12 02:49:32,15,3000,200,0.770308,0.852398,0.000000,1.000000,Barely acceptable,
ECG_CH1,1937,2018-04-12 02:49:32,2018-04-12 02:49:47,15,3000,200,0.846755,0.940122,0.000000,1.000000,Barely acceptable,
ECG_CH1,1938,2018-04-12 02:49:47,2018-04-12 02:50:02,15,3000,200,0.729959,0.765006,0.000000,1.000000,Barely acceptable,
ECG_CH1,1939,2018-04-12 02:50:02,2018-04-12 02:50:17,15,3000,200,0.664336,0.654084,0.000000,1.000000,Barely acceptable,
ECG_CH1,1940,2018-04-12 02:50:17,2018-04-12 02:50:32,15,3000,200,0.734844,0.892502,0.000000,1.000000,Barely acceptable,
ECG_CH1,1941,2018-04-12 02:50:32,2018-04-12 02:50:47,15,3000,200,0.696233,0.789471,0.000000,1.000000,Barely acceptable,
ECG_CH1,1942,2018-04-12 02:50:47,2018-04-12 02:51:02,15,3000,200,0.615616,0.710006,0.000000,1.000000,Barely acceptable,
ECG_CH1,1943,2018-04-12 02:51:02,2018-04-12 02:51:17,15,3000,200,0.618052,0.761585,0.000000,1.000000,Barely acceptable,
ECG_CH1,1944,2018-04-12 02:51:17,2018-04-12 02:51:32,15,3000,200,0.782823,0.830324,0.000000,1.000000,Barely acceptable,
ECG_CH1,1945,2018-04-12 02:51:32,2018-04-12 02:51:47,15,3000,200,0.690101,0.810327,0.000000,1.000000,Barely acceptable,
ECG_CH1,1946,2018-04-12 02:51:47,2018-04-12 02:52:02,15,3000,200,0.773352,0.872685,0.000000,1.000000,Barely acceptable,
ECG_CH1,1947,2018-04-12 02:52:02,2018-04-12 02:52:17,15,3000,200,0.769667,0.863459,0.000000,1.000000,Barely acceptable,
ECG_CH1,1948,2018-04-12 02:52:17,2018-04-12 02:52:32,15,3000,200,0.801871,0.880314,0.000000,1.000000,Barely acceptable,
ECG_CH1,1949,2018-04-12 02:52:32,2018-04-12 02:52:47,15,3000,200,0.813809,0.893763,0.000000,1.000000,Barely acceptable,
ECG_CH1,1950,2018-04-12 02:52:47,2018-04-12 02:53:02,15,3000,200,0.622104,0.699129,0.000000,1.000000,Barely acceptable,
ECG_CH1,1951,2018-04-12 02:53:02,2018-04-12 02:53:17,15,3000,200,0.760961,0.840608,0.000000,1.000000,Barely acceptable,
ECG_CH1,1952,2018-04-12 02:53:17,2018-04-12 02:53:32,15,3000,200,0.736426,0.841033,0.000000,1.000000,Barely acceptable,
ECG_CH1,1953,2018-04-12 02:53:32,2018-04-12 02:53:47,15,3000,200,0.811568,0.908399,0.000000,1.000000,Barely acceptable,
ECG_CH1,1954,2018-04-12 02:53:47,2018-04-12 02:54:02,15,3000,200,0.852394,0.957089,0.000000,1.000000,Barely acceptable,
ECG_CH1,1955,2018-04-12 02:54:02,2018-04-12 02:54:17,15,3000,200,0.818855,0.926767,0.000000,1.000000,Barely acceptable,
ECG_CH1,1956,2018-04-12 02:54:17,2018-04-12 02:54:32,15,3000,200,0.839158,0.883798,0.000000,1.000000,Barely acceptable,
ECG_CH1,1957,2018-04-12 02:54:32,2018-04-12 02:54:47,15,3000,200,0.736409,0.855874,0.000000,1.000000,Barely acceptable,
ECG_CH1,1958,2018-04-12 02:54:47,2018-04-12 02:55:02,15,3000,200,0.768013,0.845330,0.000000,1.000000,Barely acceptable,
ECG_CH1,1959,2018-04-12 02:55:02,2018-04-12 02:55:17,15,3000,200,0.820272,0.913987,0.000000,1.000000,Barely acceptable,
ECG_CH1,1960,2018-04-12 02:55:17,2018-04-12 02:55:32,15,3000,200,0.760140,0.897547,0.000000,1.000000,Barely acceptable,
ECG_CH1,1961,2018-04-12 02:55:32,2018-04-12 02:55:47,15,3000,200,0.671203,0.724775,0.000000,1.000000,Barely acceptable,
ECG_CH1,1962,2018-04-12 02:55:47,2018-04-12 02:56:02,15,3000,200,0.743064,0.825917,0.000000,1.000000,Barely acceptable,
ECG_CH1,1963,2018-04-12 02:56:02,2018-04-12 02:56:17,15,3000,200,0.866756,0.948868,0.000000,1.000000,Barely acceptable,
ECG_CH1,1964,2018-04-12 02:56:17,2018-04-12 02:56:32,15,3000,200,0.722956,0.874831,0.000000,1.000000,Barely acceptable,
ECG_CH1,1965,2018-04-12 02:56:32,2018-04-12 02:56:47,15,3000,200,0.774244,0.885732,0.000000,1.000000,Barely acceptable,
ECG_CH1,1966,2018-04-12 02:56:47,2018-04-12 02:57:02,15,3000,200,0.590847,0.710456,0.000000,1.000000,Barely acceptable,
ECG_CH1,1967,2018-04-12 02:57:02,2018-04-12 02:57:17,15,3000,200,0.794718,0.880051,0.000000,1.000000,Barely acceptable,
ECG_CH1,1968,2018-04-12 02:57:17,2018-04-12 02:57:32,15,3000,200,0.789195,0.908121,0.000000,1.000000,Barely acceptable,
ECG_CH1,1969,2018-04-12 02:57:32,2018-04-12 02:57:47,15,3000,200,0.818247,0.929494,0.000000,1.000000,Barely acceptable,
ECG_CH1,1970,2018-04-12 02:57:47,2018-04-12 02:58:02,15,3000,200,0.764000,0.900806,0.000000,1.000000,Barely acceptable,
ECG_CH1,1971,2018-04-12 02:58:02,2018-04-12 02:58:17,15,3000,200,0.563178,0.585715,0.000000,1.000000,Barely acceptable,
ECG_CH1,1972,2018-04-12 02:58:17,2018-04-12 02:58:32,15,3000,200,0.713402,0.782852,0.000000,1.000000,Barely acceptable,
ECG_CH1,1973,2018-04-12 02:58:32,2018-04-12 02:58:47,15,3000,200,0.598468,0.668159,0.000000,1.000000,Barely acceptable,
ECG_CH1,1974,2018-04-12 02:58:47,2018-04-12 02:59:02,15,3000,200,0.714707,0.835100,0.000000,1.000000,Barely acceptable,
ECG_CH1,1975,2018-04-12 02:59:02,2018-04-12 02:59:17,15,3000,200,0.585638,0.552020,0.000000,1.000000,Barely acceptable,
ECG_CH1,1976,2018-04-12 02:59:17,2018-04-12 02:59:32,15,3000,200,0.788864,0.889600,0.000000,1.000000,Barely acceptable,
ECG_CH1,1977,2018-04-12 02:59:32,2018-04-12 02:59:47,15,3000,200,0.582755,0.613949,0.000000,1.000000,Barely acceptable,
ECG_CH1,1978,2018-04-12 02:59:47,2018-04-12 03:00:02,15,3000,200,0.808690,0.880807,0.000000,1.000000,Barely acceptable,
ECG_CH1,1979,2018-04-12 03:00:02,2018-04-12 03:00:17,15,3000,200,0.606483,0.632112,0.000000,1.000000,Barely acceptable,
ECG_CH1,1980,2018-04-12 03:00:17,2018-04-12 03:00:32,15,3000,200,0.782867,0.880127,0.000000,1.000000,Barely acceptable,
ECG_CH1,1981,2018-04-12 03:00:32,2018-04-12 03:00:47,15,3000,200,0.746569,0.811198,0.000000,1.000000,Barely acceptable,
ECG_CH1,1982,2018-04-12 03:00:47,2018-04-12 03:01:02,15,3000,200,0.760689,0.887573,0.000000,1.000000,Barely acceptable,
ECG_CH1,1983,2018-04-12 03:01:02,2018-04-12 03:01:17,15,3000,200,0.781237,0.858483,0.000000,1.000000,Barely acceptable,
ECG_CH1,1984,2018-04-12 03:01:17,2018-04-12 03:01:32,15,3000,200,0.698495,0.855381,0.000000,1.000000,Barely acceptable,
ECG_CH1,1985,2018-04-12 03:01:32,2018-04-12 03:01:47,15,3000,200,0.698204,0.745259,0.000000,1.000000,Barely acceptable,
ECG_CH1,1986,2018-04-12 03:01:47,2018-04-12 03:02:02,15,3000,200,0.775466,0.922692,0.000000,1.000000,Barely acceptable,
ECG_CH1,1987,2018-04-12 03:02:02,2018-04-12 03:02:17,15,3000,200,0.764037,0.808981,0.000000,1.000000,Barely acceptable,
ECG_CH1,1988,2018-04-12 03:02:17,2018-04-12 03:02:32,15,3000,200,0.789970,0.827955,0.000000,1.000000,Barely acceptable,
ECG_CH1,1989,2018-04-12 03:02:32,2018-04-12 03:02:47,15,3000,200,0.805570,0.900762,0.000000,1.000000,Barely acceptable,
ECG_CH1,1990,2018-04-12 03:02:47,2018-04-12 03:03:02,15,3000,200,0.722160,0.869565,0.000000,1.000000,Barely acceptable,
ECG_CH1,1991,2018-04-12 03:03:02,2018-04-12 03:03:17,15,3000,200,0.809478,0.923563,0.000000,1.000000,Barely acceptable,
ECG_CH1,1992,2018-04-12 03:03:17,2018-04-12 03:03:32,15,3000,200,0.780356,0.899904,0.000000,1.000000,Barely acceptable,
ECG_CH1,1993,2018-04-12 03:03:32,2018-04-12 03:03:47,15,3000,200,0.681296,0.765022,0.000000,1.000000,Barely acceptable,
ECG_CH1,1994,2018-04-12 03:03:47,2018-04-12 03:04:02,15,3000,200,0.800854,0.904015,0.000000,1.000000,Barely acceptable,
ECG_CH1,1995,2018-04-12 03:04:02,2018-04-12 03:04:17,15,3000,200,0.723559,0.743014,0.000000,1.000000,Barely acceptable,
ECG_CH1,1996,2018-04-12 03:04:17,2018-04-12 03:04:32,15,3000,200,0.742498,0.911350,0.000000,1.000000,Barely acceptable,
ECG_CH1,1997,2018-04-12 03:04:32,2018-04-12 03:04:47,15,3000,200,0.779886,0.845255,0.000000,1.000000,Barely acceptable,
ECG_CH1,1998,2018-04-12 03:04:47,2018-04-12 03:05:02,15,3000,200,0.830667,0.886295,0.000000,1.000000,Barely acceptable,
ECG_CH1,1999,2018-04-12 03:05:02,2018-04-12 03:05:17,15,3000,200,0.737110,0.892908,0.000000,1.000000,Barely acceptable,
ECG_CH1,2000,2018-04-12 03:05:17,2018-04-12 03:05:32,15,3000,200,0.621332,0.729333,0.000000,1.000000,Barely acceptable,
ECG_CH1,2001,2018-04-12 03:05:32,2018-04-12 03:05:47,15,3000,200,0.627301,0.712623,0.000000,1.000000,Barely acceptable,
ECG_CH1,2002,2018-04-12 03:05:47,2018-04-12 03:06:02,15,3000,200,0.816979,0.933171,0.000000,1.000000,Barely acceptable,
ECG_CH1,2003,2018-04-12 03:06:02,2018-04-12 03:06:17,15,3000,200,0.811911,0.913369,0.000000,1.000000,Barely acceptable,
ECG_CH1,2004,2018-04-12 03:06:17,2018-04-12 03:06:32,15,3000,200,0.799900,0.917125,0.000000,1.000000,Barely acceptable,
ECG_CH1,2005,2018-04-12 03:06:32,2018-04-12 03:06:47,15,3000,200,0.727034,0.764598,0.000000,1.000000,Barely acceptable,
ECG_CH1,2006,2018-04-12 03:06:47,2018-04-12 03:07:02,15,3000,200,0.750726,0.851005,0.000000,1.000000,Barely acceptable,
ECG_CH1,2007,2018-04-12 03:07:02,2018-04-12 03:07:17,15,3000,200,0.757778,0.852515,0.000000,1.000000,Barely acceptable,
ECG_CH1,2008,2018-04-12 03:07:17,2018-04-12 03:07:32,15,3000,200,0.768165,0.835330,0.000000,1.000000,Barely acceptable,
ECG_CH1,2009,2018-04-12 03:07:32,2018-04-12 03:07:47,15,3000,200,0.766672,0.844957,0.000000,1.000000,Barely acceptable,
ECG_CH1,2010,2018-04-12 03:07:47,2018-04-12 03:08:02,15,3000,200,0.834191,0.947983,0.000000,1.000000,Barely acceptable,
ECG_CH1,2011,2018-04-12 03:08:02,2018-04-12 03:08:17,15,3000,200,0.759002,0.845553,0.000000,1.000000,Barely acceptable,
ECG_CH1,2012,2018-04-12 03:08:17,2018-04-12 03:08:32,15,3000,200,0.800907,0.869300,0.000000,1.000000,Barely acceptable,
ECG_CH1,2013,2018-04-12 03:08:32,2018-04-12 03:08:47,15,3000,200,0.797309,0.858734,0.000000,1.000000,Barely acceptable,
ECG_CH1,2014,2018-04-12 03:08:47,2018-04-12 03:09:02,15,3000,200,0.785879,0.899543,0.000000,1.000000,Barely acceptable,
ECG_CH1,2015,2018-04-12 03:09:02,2018-04-12 03:09:17,15,3000,200,0.793027,0.871856,0.000000,1.000000,Barely acceptable,
ECG_CH1,2016,2018-04-12 03:09:17,2018-04-12 03:09:32,15,3000,200,0.602337,0.703754,0.000000,1.000000,Barely acceptable,
ECG_CH1,2017,2018-04-12 03:09:32,2018-04-12 03:09:47,15,3000,200,0.610261,0.607282,0.000000,1.000000,Barely acceptable,
ECG_CH1,2018,2018-04-12 03:09:47,2018-04-12 03:10:02,15,3000,200,0.670641,0.761914,0.000000,1.000000,Barely acceptable,
ECG_CH1,2019,2018-04-12 03:10:02,2018-04-12 03:10:17,15,3000,200,0.846565,0.927457,0.000000,1.000000,Barely acceptable,
ECG_CH1,2020,2018-04-12 03:10:17,2018-04-12 03:10:32,15,3000,200,0.724390,0.701999,0.000000,1.000000,Barely acceptable,
ECG_CH1,2021,2018-04-12 03:10:32,2018-04-12 03:10:47,15,3000,200,0.738420,0.807744,0.000000,1.000000,Barely acceptable,
ECG_CH1,2022,2018-04-12 03:10:47,2018-04-12 03:11:02,15,3000,200,0.760657,0.840855,0.000000,1.000000,Barely acceptable,
ECG_CH1,2023,2018-04-12 03:11:02,2018-04-12 03:11:17,15,3000,200,0.649483,0.790056,0.000000,1.000000,Barely acceptable,
ECG_CH1,2024,2018-04-12 03:11:17,2018-04-12 03:11:32,15,3000,200,0.680374,0.787826,0.000000,1.000000,Barely acceptable,
ECG_CH1,2025,2018-04-12 03:11:32,2018-04-12 03:11:47,15,3000,200,0.803119,0.834934,0.000000,1.000000,Barely acceptable,
ECG_CH1,2026,2018-04-12 03:11:47,2018-04-12 03:12:02,15,3000,200,0.571795,0.684752,0.000000,1.000000,Barely acceptable,
ECG_CH1,2027,2018-04-12 03:12:02,2018-04-12 03:12:17,15,3000,200,0.813592,0.904161,0.000000,1.000000,Barely acceptable,
ECG_CH1,2028,2018-04-12 03:12:17,2018-04-12 03:12:32,15,3000,200,0.884335,0.968493,0.000000,1.000000,Barely acceptable,
ECG_CH1,2029,2018-04-12 03:12:32,2018-04-12 03:12:47,15,3000,200,0.767753,0.899824,0.000000,1.000000,Barely acceptable,
ECG_CH1,2030,2018-04-12 03:12:47,2018-04-12 03:13:02,15,3000,200,0.728528,0.755913,0.000000,1.000000,Barely acceptable,
ECG_CH1,2031,2018-04-12 03:13:02,2018-04-12 03:13:17,15,3000,200,0.683747,0.755510,0.000000,1.000000,Barely acceptable,
ECG_CH1,2032,2018-04-12 03:13:17,2018-04-12 03:13:32,15,3000,200,0.721163,0.725051,0.000000,1.000000,Barely acceptable,
ECG_CH1,2033,2018-04-12 03:13:32,2018-04-12 03:13:47,15,3000,200,0.687432,0.884747,0.000000,1.000000,Barely acceptable,
ECG_CH1,2034,2018-04-12 03:13:47,2018-04-12 03:14:02,15,3000,200,0.735902,0.818049,0.000000,1.000000,Barely acceptable,
ECG_CH1,2035,2018-04-12 03:14:02,2018-04-12 03:14:17,15,3000,200,0.865071,0.961015,0.000000,1.000000,Barely acceptable,
ECG_CH1,2036,2018-04-12 03:14:17,2018-04-12 03:14:32,15,3000,200,0.669062,0.709840,0.000000,1.000000,Barely acceptable,
ECG_CH1,2037,2018-04-12 03:14:32,2018-04-12 03:14:47,15,3000,200,0.802778,0.911417,0.000000,1.000000,Barely acceptable,
ECG_CH1,2038,2018-04-12 03:14:47,2018-04-12 03:15:02,15,3000,200,0.780360,0.863668,0.000000,1.000000,Barely acceptable,
ECG_CH1,2039,2018-04-12 03:15:02,2018-04-12 03:15:17,15,3000,200,0.759313,0.850980,0.000000,1.000000,Barely acceptable,
ECG_CH1,2040,2018-04-12 03:15:17,2018-04-12 03:15:32,15,3000,200,0.796230,0.858680,0.000000,1.000000,Barely acceptable,
ECG_CH1,2041,2018-04-12 03:15:32,2018-04-12 03:15:47,15,3000,200,0.809238,0.921248,0.000000,1.000000,Barely acceptable,
ECG_CH1,2042,2018-04-12 03:15:47,2018-04-12 03:16:02,15,3000,200,0.529452,0.506484,0.000000,1.000000,Barely acceptable,
ECG_CH1,2043,2018-04-12 03:16:02,2018-04-12 03:16:17,15,3000,200,0.744413,0.845174,0.000000,1.000000,Barely acceptable,
ECG_CH1,2044,2018-04-12 03:16:17,2018-04-12 03:16:32,15,3000,200,0.813401,0.948237,0.000000,1.000000,Barely acceptable,
ECG_CH1,2045,2018-04-12 03:16:32,2018-04-12 03:16:47,15,3000,200,0.604983,0.799758,0.000000,1.000000,Barely acceptable,
ECG_CH1,2046,2018-04-12 03:16:47,2018-04-12 03:17:02,15,3000,200,0.876135,0.946653,0.000000,1.000000,Barely acceptable,
ECG_CH1,2047,2018-04-12 03:17:02,2018-04-12 03:17:17,15,3000,200,0.776211,0.863440,0.000000,1.000000,Unacceptable,
ECG_CH1,2048,2018-04-12 03:17:17,2018-04-12 03:17:32,15,3000,200,0.744139,0.835660,0.000000,1.000000,Barely acceptable,
ECG_CH1,2049,2018-04-12 03:17:32,2018-04-12 03:17:47,15,3000,200,0.841381,0.939949,0.000000,1.000000,Barely acceptable,
ECG_CH1,2050,2018-04-12 03:17:47,2018-04-12 03:18:02,15,3000,200,0.686159,0.833814,0.000000,1.000000,Barely acceptable,
ECG_CH1,2051,2018-04-12 03:18:02,2018-04-12 03:18:17,15,3000,200,0.706663,0.860452,0.000000,1.000000,Barely acceptable,
ECG_CH1,2052,2018-04-12 03:18:17,2018-04-12 03:18:32,15,3000,200,0.687127,0.787826,0.000000,1.000000,Barely acceptable,
ECG_CH1,2053,2018-04-12 03:18:32,2018-04-12 03:18:47,15,3000,200,0.756246,0.877833,0.000000,1.000000,Barely acceptable,
ECG_CH1,2054,2018-04-12 03:18:47,2018-04-12 03:19:02,15,3000,200,0.775083,0.838559,0.000000,1.000000,Barely acceptable,
ECG_CH1,2055,2018-04-12 03:19:02,2018-04-12 03:19:17,15,3000,200,0.753910,0.855365,0.000000,1.000000,Barely acceptable,
ECG_CH1,2056,2018-04-12 03:19:17,2018-04-12 03:19:32,15,3000,200,0.841954,0.924559,0.000000,1.000000,Barely acceptable,
ECG_CH1,2057,2018-04-12 03:19:32,2018-04-12 03:19:47,15,3000,200,0.663312,0.816378,0.000000,1.000000,Barely acceptable,
ECG_CH1,2058,2018-04-12 03:19:47,2018-04-12 03:20:02,15,3000,200,0.598706,0.665103,0.000000,1.000000,Barely acceptable,
ECG_CH1,2059,2018-04-12 03:20:02,2018-04-12 03:20:17,15,3000,200,0.728857,0.734951,0.000000,1.000000,Barely acceptable,
ECG_CH1,2060,2018-04-12 03:20:17,2018-04-12 03:20:32,15,3000,200,0.759272,0.833879,0.000000,1.000000,Barely acceptable,
ECG_CH1,2061,2018-04-12 03:20:32,2018-04-12 03:20:47,15,3000,200,0.702907,0.777153,0.000000,1.000000,Barely acceptable,
ECG_CH1,2062,2018-04-12 03:20:47,2018-04-12 03:21:02,15,3000,200,0.682356,0.745682,0.000000,1.000000,Barely acceptable,
ECG_CH1,2063,2018-04-12 03:21:02,2018-04-12 03:21:17,15,3000,200,0.804261,0.879030,0.000000,1.000000,Barely acceptable,
ECG_CH1,2064,2018-04-12 03:21:17,2018-04-12 03:21:32,15,3000,200,0.673156,0.702260,0.000000,1.000000,Barely acceptable,
ECG_CH1,2065,2018-04-12 03:21:32,2018-04-12 03:21:47,15,3000,200,0.628848,0.668717,0.000000,1.000000,Barely acceptable,
ECG_CH1,2066,2018-04-12 03:21:47,2018-04-12 03:22:02,15,3000,200,0.537704,0.608135,0.000000,1.000000,Barely acceptable,
ECG_CH1,2067,2018-04-12 03:22:02,2018-04-12 03:22:17,15,3000,200,0.754182,0.767979,0.000000,1.000000,Barely acceptable,
ECG_CH1,2068,2018-04-12 03:22:17,2018-04-12 03:22:32,15,3000,200,0.832085,0.897965,0.000000,1.000000,Barely acceptable,
ECG_CH1,2069,2018-04-12 03:22:32,2018-04-12 03:22:47,15,3000,200,0.667224,0.695875,0.000000,1.000000,Barely acceptable,
ECG_CH1,2070,2018-04-12 03:22:47,2018-04-12 03:23:02,15,3000,200,0.836641,0.885475,0.000000,1.000000,Barely acceptable,
ECG_CH1,2071,2018-04-12 03:23:02,2018-04-12 03:23:17,15,3000,200,0.793815,0.912517,0.000000,1.000000,Barely acceptable,
ECG_CH1,2072,2018-04-12 03:23:17,2018-04-12 03:23:32,15,3000,200,0.660808,0.692840,0.000000,1.000000,Barely acceptable,
ECG_CH1,2073,2018-04-12 03:23:32,2018-04-12 03:23:47,15,3000,200,0.583945,0.722081,0.000000,1.000000,Barely acceptable,
ECG_CH1,2074,2018-04-12 03:23:47,2018-04-12 03:24:02,15,3000,200,0.699394,0.803922,0.000000,1.000000,Barely acceptable,
ECG_CH1,2075,2018-04-12 03:24:02,2018-04-12 03:24:17,15,3000,200,0.726659,0.772326,0.000000,1.000000,Barely acceptable,
ECG_CH1,2076,2018-04-12 03:24:17,2018-04-12 03:24:32,15,3000,200,0.795246,0.891402,0.000000,1.000000,Barely acceptable,
ECG_CH1,2077,2018-04-12 03:24:32,2018-04-12 03:24:47,15,3000,200,0.583203,0.664116,0.000000,1.000000,Barely acceptable,
ECG_CH1,2078,2018-04-12 03:24:47,2018-04-12 03:25:02,15,3000,200,0.784008,0.852279,0.000000,1.000000,Barely acceptable,
ECG_CH1,2079,2018-04-12 03:25:02,2018-04-12 03:25:17,15,3000,200,0.837879,0.881566,0.000000,1.000000,Barely acceptable,
ECG_CH1,2080,2018-04-12 03:25:17,2018-04-12 03:25:32,15,3000,200,0.851126,0.943275,0.000000,1.000000,Barely acceptable,
ECG_CH1,2081,2018-04-12 03:25:32,2018-04-12 03:25:47,15,3000,200,0.682702,0.816150,0.000000,1.000000,Barely acceptable,
ECG_CH1,2082,2018-04-12 03:25:47,2018-04-12 03:26:02,15,3000,200,0.783195,0.846127,0.000000,1.000000,Barely acceptable,
ECG_CH1,2083,2018-04-12 03:26:02,2018-04-12 03:26:17,15,3000,200,0.698740,0.817032,0.000000,1.000000,Barely acceptable,
ECG_CH1,2084,2018-04-12 03:26:17,2018-04-12 03:26:32,15,3000,200,0.709600,0.785065,0.000000,1.000000,Barely acceptable,
ECG_CH1,2085,2018-04-12 03:26:32,2018-04-12 03:26:47,15,3000,200,0.563197,0.542619,0.000000,1.000000,Barely acceptable,
ECG_CH1,2086,2018-04-12 03:26:47,2018-04-12 03:27:02,15,3000,200,0.523686,0.531998,0.000000,1.000000,Barely acceptable,
ECG_CH1,2087,2018-04-12 03:27:02,2018-04-12 03:27:17,15,3000,200,0.854353,0.931166,0.000000,1.000000,Barely acceptable,
ECG_CH1,2088,2018-04-12 03:27:17,2018-04-12 03:27:32,15,3000,200,0.740026,0.815620,0.000000,1.000000,Barely acceptable,
ECG_CH1,2089,2018-04-12 03:27:32,2018-04-12 03:27:47,15,3000,200,0.670969,0.787330,0.000000,1.000000,Barely acceptable,
ECG_CH1,2090,2018-04-12 03:27:47,2018-04-12 03:28:02,15,3000,200,0.711964,0.829431,0.000000,1.000000,Barely acceptable,
ECG_CH1,2091,2018-04-12 03:28:02,2018-04-12 03:28:17,15,3000,200,0.770822,0.877259,0.000000,1.000000,Barely acceptable,
ECG_CH1,2092,2018-04-12 03:28:17,2018-04-12 03:28:32,15,3000,200,0.871807,0.961260,0.000000,1.000000,Barely acceptable,
ECG_CH1,2093,2018-04-12 03:28:32,2018-04-12 03:28:47,15,3000,200,0.818844,0.933255,0.000000,1.000000,Barely acceptable,
ECG_CH1,2094,2018-04-12 03:28:47,2018-04-12 03:29:02,15,3000,200,0.614711,0.590265,0.000000,1.000000,Barely acceptable,
ECG_CH1,2095,2018-04-12 03:29:02,2018-04-12 03:29:17,15,3000,200,0.700406,0.785125,0.000000,1.000000,Barely acceptable,
ECG_CH1,2096,2018-04-12 03:29:17,2018-04-12 03:29:32,15,3000,200,0.655255,0.752058,0.000000,1.000000,Barely acceptable,
ECG_CH1,2097,2018-04-12 03:29:32,2018-04-12 03:29:47,15,3000,200,0.853842,0.892856,0.000000,1.000000,Barely acceptable,
ECG_CH1,2098,2018-04-12 03:29:47,2018-04-12 03:30:02,15,3000,200,0.759405,0.897165,0.000000,1.000000,Barely acceptable,
ECG_CH1,2099,2018-04-12 03:30:02,2018-04-12 03:30:17,15,3000,200,0.660398,0.719248,0.000000,1.000000,Barely acceptable,
ECG_CH1,2100,2018-04-12 03:30:17,2018-04-12 03:30:32,15,3000,200,0.662301,0.723409,0.000000,1.000000,Barely acceptable,
ECG_CH1,2101,2018-04-12 03:30:32,2018-04-12 03:30:47,15,3000,200,0.809098,0.889060,0.000000,1.000000,Barely acceptable,
ECG_CH1,2102,2018-04-12 03:30:47,2018-04-12 03:31:02,15,3000,200,0.777409,0.891272,0.000000,1.000000,Barely acceptable,
ECG_CH1,2103,2018-04-12 03:31:02,2018-04-12 03:31:17,15,3000,200,0.650711,0.808162,0.000000,1.000000,Barely acceptable,
ECG_CH1,2104,2018-04-12 03:31:17,2018-04-12 03:31:32,15,3000,200,0.826716,0.930449,0.000000,1.000000,Barely acceptable,
ECG_CH1,2105,2018-04-12 03:31:32,2018-04-12 03:31:47,15,3000,200,0.767703,0.904612,0.000000,1.000000,Barely acceptable,
ECG_CH1,2106,2018-04-12 03:31:47,2018-04-12 03:32:02,15,3000,200,0.773564,0.855087,0.000000,1.000000,Barely acceptable,
ECG_CH1,2107,2018-04-12 03:32:02,2018-04-12 03:32:17,15,3000,200,0.672038,0.727946,0.000000,1.000000,Barely acceptable,
ECG_CH1,2108,2018-04-12 03:32:17,2018-04-12 03:32:32,15,3000,200,0.755823,0.861299,0.000000,1.000000,Barely acceptable,
ECG_CH1,2109,2018-04-12 03:32:32,2018-04-12 03:32:47,15,3000,200,0.766808,0.887651,0.000000,1.000000,Barely acceptable,
ECG_CH1,2110,2018-04-12 03:32:47,2018-04-12 03:33:02,15,3000,200,0.744355,0.871269,0.000000,1.000000,Barely acceptable,
ECG_CH1,2111,2018-04-12 03:33:02,2018-04-12 03:33:17,15,3000,200,0.547772,0.554518,0.000000,1.000000,Barely acceptable,
ECG_CH1,2112,2018-04-12 03:33:17,2018-04-12 03:33:32,15,3000,200,0.619887,0.682517,0.000000,1.000000,Barely acceptable,
ECG_CH1,2113,2018-04-12 03:33:32,2018-04-12 03:33:47,15,3000,200,0.839375,0.911443,0.000000,1.000000,Barely acceptable,
ECG_CH1,2114,2018-04-12 03:33:47,2018-04-12 03:34:02,15,3000,200,0.664217,0.711930,0.000000,1.000000,Barely acceptable,
ECG_CH1,2115,2018-04-12 03:34:02,2018-04-12 03:34:17,15,3000,200,0.671190,0.787163,0.000000,1.000000,Barely acceptable,
ECG_CH1,2116,2018-04-12 03:34:17,2018-04-12 03:34:32,15,3000,200,0.727892,0.824238,0.000000,1.000000,Unacceptable,
ECG_CH1,2117,2018-04-12 03:34:32,2018-04-12 03:34:47,15,3000,200,0.703078,0.797408,0.000000,1.000000,Barely acceptable,
ECG_CH1,2118,2018-04-12 03:34:47,2018-04-12 03:35:02,15,3000,200,0.573712,0.590398,0.000000,1.000000,Barely acceptable,
ECG_CH1,2119,2018-04-12 03:35:02,2018-04-12 03:35:17,15,3000,200,0.629633,0.726426,0.000000,1.000000,Barely acceptable,
ECG_CH1,2120,2018-04-12 03:35:17,2018-04-12 03:35:32,15,3000,200,0.690666,0.769730,0.000000,1.000000,Barely acceptable,
ECG_CH1,2121,2018-04-12 03:35:32,2018-04-12 03:35:47,15,3000,200,0.705804,0.810513,0.000000,1.000000,Barely acceptable,
ECG_CH1,2122,2018-04-12 03:35:47,2018-04-12 03:36:02,15,3000,200,0.682164,0.752419,0.000000,1.000000,Barely acceptable,
ECG_CH1,2123,2018-04-12 03:36:02,2018-04-12 03:36:17,15,3000,200,0.742728,0.812898,0.000000,1.000000,Barely acceptable,
ECG_CH1,2124,2018-04-12 03:36:17,2018-04-12 03:36:32,15,3000,200,0.774547,0.880047,0.000000,1.000000,Barely acceptable,
ECG_CH1,2125,2018-04-12 03:36:32,2018-04-12 03:36:47,15,3000,200,0.731364,0.857646,0.000000,1.000000,Barely acceptable,
ECG_CH1,2126,2018-04-12 03:36:47,2018-04-12 03:37:02,15,3000,200,0.802053,0.918023,0.000000,1.000000,Barely acceptable,
ECG_CH1,2127,2018-04-12 03:37:02,2018-04-12 03:37:17,15,3000,200,0.720723,0.726843,0.000000,1.000000,Barely acceptable,
ECG_CH1,2128,2018-04-12 03:37:17,2018-04-12 03:37:32,15,3000,200,0.760277,0.808002,0.000000,1.000000,Barely acceptable,
ECG_CH1,2129,2018-04-12 03:37:32,2018-04-12 03:37:47,15,3000,200,0.692124,0.748962,0.000000,1.000000,Barely acceptable,
ECG_CH1,2130,2018-04-12 03:37:47,2018-04-12 03:38:02,15,3000,200,0.739336,0.817979,0.000000,1.000000,Barely acceptable,
ECG_CH1,2131,2018-04-12 03:38:02,2018-04-12 03:38:17,15,3000,200,0.753674,0.855943,0.000000,1.000000,Barely acceptable,
ECG_CH1,2132,2018-04-12 03:38:17,2018-04-12 03:38:32,15,3000,200,0.740842,0.797563,0.000000,1.000000,Barely acceptable,
ECG_CH1,2133,2018-04-12 03:38:32,2018-04-12 03:38:47,15,3000,200,0.649106,0.748103,0.000000,1.000000,Barely acceptable,
ECG_CH1,2134,2018-04-12 03:38:47,2018-04-12 03:39:02,15,3000,200,0.590919,0.559293,0.000000,1.000000,Barely acceptable,
ECG_CH1,2135,2018-04-12 03:39:02,2018-04-12 03:39:17,15,3000,200,0.690383,0.786068,0.000000,1.000000,Barely acceptable,
ECG_CH1,2136,2018-04-12 03:39:17,2018-04-12 03:39:32,15,3000,200,0.562901,0.613577,0.000000,1.000000,Barely acceptable,
ECG_CH1,2137,2018-04-12 03:39:32,2018-04-12 03:39:47,15,3000,200,0.659593,0.684707,0.000000,1.000000,Barely acceptable,
ECG_CH1,2138,2018-04-12 03:39:47,2018-04-12 03:40:02,15,3000,200,0.745391,0.858310,0.000000,1.000000,Barely acceptable,
ECG_CH1,2139,2018-04-12 03:40:02,2018-04-12 03:40:17,15,3000,200,0.517158,0.524921,0.000000,1.000000,Barely acceptable,
ECG_CH1,2140,2018-04-12 03:40:17,2018-04-12 03:40:32,15,3000,200,0.744352,0.820854,0.000000,1.000000,Barely acceptable,
ECG_CH1,2141,2018-04-12 03:40:32,2018-04-12 03:40:47,15,3000,200,0.585360,0.670492,0.000000,1.000000,Barely acceptable,
ECG_CH1,2142,2018-04-12 03:40:47,2018-04-12 03:41:02,15,3000,200,0.702998,0.796321,0.000000,1.000000,Barely acceptable,
ECG_CH1,2143,2018-04-12 03:41:02,2018-04-12 03:41:17,15,3000,200,0.683182,0.818762,0.000000,1.000000,Barely acceptable,
ECG_CH1,2144,2018-04-12 03:41:17,2018-04-12 03:41:32,15,3000,200,0.754282,0.813232,0.000000,1.000000,Barely acceptable,
ECG_CH1,2145,2018-04-12 03:41:32,2018-04-12 03:41:47,15,3000,200,0.758981,0.821324,0.000000,1.000000,Barely acceptable,
ECG_CH1,2146,2018-04-12 03:41:47,2018-04-12 03:42:02,15,3000,200,0.770870,0.892510,0.000000,1.000000,Barely acceptable,
ECG_CH1,2147,2018-04-12 03:42:02,2018-04-12 03:42:17,15,3000,200,0.719487,0.813654,0.000000,1.000000,Barely acceptable,
ECG_CH1,2148,2018-04-12 03:42:17,2018-04-12 03:42:32,15,3000,200,0.643152,0.814372,0.000000,1.000000,Barely acceptable,
ECG_CH1,2149,2018-04-12 03:42:32,2018-04-12 03:42:47,15,3000,200,0.737692,0.870700,0.000000,1.000000,Barely acceptable,
ECG_CH1,2150,2018-04-12 03:42:47,2018-04-12 03:43:02,15,3000,200,0.639829,0.762998,0.000000,1.000000,Barely acceptable,
ECG_CH1,2151,2018-04-12 03:43:02,2018-04-12 03:43:17,15,3000,200,0.801723,0.910261,0.000000,1.000000,Barely acceptable,
ECG_CH1,2152,2018-04-12 03:43:17,2018-04-12 03:43:32,15,3000,200,0.779205,0.844490,0.000000,1.000000,Barely acceptable,
ECG_CH1,2153,2018-04-12 03:43:32,2018-04-12 03:43:47,15,3000,200,0.739751,0.841145,0.000000,1.000000,Barely acceptable,
ECG_CH1,2154,2018-04-12 03:43:47,2018-04-12 03:44:02,15,3000,200,0.756511,0.817455,0.000000,1.000000,Barely acceptable,
ECG_CH1,2155,2018-04-12 03:44:02,2018-04-12 03:44:17,15,3000,200,0.565910,0.591702,0.000000,1.000000,Barely acceptable,
ECG_CH1,2156,2018-04-12 03:44:17,2018-04-12 03:44:32,15,3000,200,0.735117,0.911906,0.000000,1.000000,Barely acceptable,
ECG_CH1,2157,2018-04-12 03:44:32,2018-04-12 03:44:47,15,3000,200,0.876627,0.923659,0.000000,1.000000,Barely acceptable,
ECG_CH1,2158,2018-04-12 03:44:47,2018-04-12 03:45:02,15,3000,200,0.747244,0.810516,0.000000,1.000000,Barely acceptable,
ECG_CH1,2159,2018-04-12 03:45:02,2018-04-12 03:45:17,15,3000,200,0.591190,0.668123,0.000000,1.000000,Barely acceptable,
ECG_CH1,2160,2018-04-12 03:45:17,2018-04-12 03:45:32,15,3000,200,0.640812,0.742582,0.000000,1.000000,Barely acceptable,
ECG_CH1,2161,2018-04-12 03:45:32,2018-04-12 03:45:47,15,3000,200,0.782102,0.887963,0.000000,1.000000,Barely acceptable,
ECG_CH1,2162,2018-04-12 03:45:47,2018-04-12 03:46:02,15,3000,200,0.629225,0.647971,0.000000,1.000000,Barely acceptable,
ECG_CH1,2163,2018-04-12 03:46:02,2018-04-12 03:46:17,15,3000,200,0.602764,0.634458,0.000000,1.000000,Barely acceptable,
ECG_CH1,2164,2018-04-12 03:46:17,2018-04-12 03:46:32,15,3000,200,0.749099,0.781036,0.000000,1.000000,Barely acceptable,
ECG_CH1,2165,2018-04-12 03:46:32,2018-04-12 03:46:47,15,3000,200,0.798141,0.896622,0.000000,1.000000,Barely acceptable,
ECG_CH1,2166,2018-04-12 03:46:47,2018-04-12 03:47:02,15,3000,200,0.781082,0.882161,0.000000,1.000000,Barely acceptable,
ECG_CH1,2167,2018-04-12 03:47:02,2018-04-12 03:47:17,15,3000,200,0.780245,0.892311,0.000000,1.000000,Barely acceptable,
ECG_CH1,2168,2018-04-12 03:47:17,2018-04-12 03:47:32,15,3000,200,0.619320,0.721033,0.000000,1.000000,Barely acceptable,
ECG_CH1,2169,2018-04-12 03:47:32,2018-04-12 03:47:47,15,3000,200,0.782237,0.895811,0.000000,1.000000,Barely acceptable,
ECG_CH1,2170,2018-04-12 03:47:47,2018-04-12 03:48:02,15,3000,200,0.781261,0.874880,0.000000,1.000000,Barely acceptable,
ECG_CH1,2171,2018-04-12 03:48:02,2018-04-12 03:48:17,15,3000,200,0.667330,0.755781,0.000000,1.000000,Barely acceptable,
ECG_CH1,2172,2018-04-12 03:48:17,2018-04-12 03:48:32,15,3000,200,0.705057,0.893666,0.000000,1.000000,Barely acceptable,
ECG_CH1,2173,2018-04-12 03:48:32,2018-04-12 03:48:47,15,3000,200,0.605013,0.712814,0.000000,1.000000,Barely acceptable,
ECG_CH1,2174,2018-04-12 03:48:47,2018-04-12 03:49:02,15,3000,200,0.779206,0.858478,0.000000,1.000000,Barely acceptable,
ECG_CH1,2175,2018-04-12 03:49:02,2018-04-12 03:49:17,15,3000,200,0.749936,0.847153,0.000000,1.000000,Barely acceptable,
ECG_CH1,2176,2018-04-12 03:49:17,2018-04-12 03:49:32,15,3000,200,0.778778,0.877188,0.000000,1.000000,Barely acceptable,
ECG_CH1,2177,2018-04-12 03:49:32,2018-04-12 03:49:47,15,3000,200,0.751890,0.841043,0.000000,1.000000,Barely acceptable,
ECG_CH1,2178,2018-04-12 03:49:47,2018-04-12 03:50:02,15,3000,200,0.559673,0.560473,0.000000,1.000000,Barely acceptable,
ECG_CH1,2179,2018-04-12 03:50:02,2018-04-12 03:50:17,15,3000,200,0.883269,0.959113,0.000000,1.000000,Barely acceptable,
ECG_CH1,2180,2018-04-12 03:50:17,2018-04-12 03:50:32,15,3000,200,0.649469,0.739330,0.000000,1.000000,Barely acceptable,
ECG_CH1,2181,2018-04-12 03:50:32,2018-04-12 03:50:47,15,3000,200,0.648715,0.745845,0.000000,1.000000,Barely acceptable,
ECG_CH1,2182,2018-04-12 03:50:47,2018-04-12 03:51:02,15,3000,200,0.741282,0.840153,0.000000,1.000000,Barely acceptable,
ECG_CH1,2183,2018-04-12 03:51:02,2018-04-12 03:51:17,15,3000,200,0.751242,0.841957,0.000000,1.000000,Barely acceptable,
ECG_CH1,2184,2018-04-12 03:51:17,2018-04-12 03:51:32,15,3000,200,0.786190,0.910665,0.000000,1.000000,Barely acceptable,
ECG_CH1,2185,2018-04-12 03:51:32,2018-04-12 03:51:47,15,3000,200,0.701829,0.792107,0.000000,1.000000,Barely acceptable,
ECG_CH1,2186,2018-04-12 03:51:47,2018-04-12 03:52:02,15,3000,200,0.790646,0.896867,0.000000,1.000000,Barely acceptable,
ECG_CH1,2187,2018-04-12 03:52:02,2018-04-12 03:52:17,15,3000,200,0.801902,0.897920,0.000000,1.000000,Barely acceptable,
ECG_CH1,2188,2018-04-12 03:52:17,2018-04-12 03:52:32,15,3000,200,0.683017,0.769686,0.000000,1.000000,Barely acceptable,
ECG_CH1,2189,2018-04-12 03:52:32,2018-04-12 03:52:47,15,3000,200,0.770035,0.858517,0.000000,1.000000,Barely acceptable,
ECG_CH1,2190,2018-04-12 03:52:47,2018-04-12 03:53:02,15,3000,200,0.821589,0.922251,0.000000,1.000000,Barely acceptable,
ECG_CH1,2191,2018-04-12 03:53:02,2018-04-12 03:53:17,15,3000,200,0.722917,0.831214,0.000000,1.000000,Barely acceptable,
ECG_CH1,2192,2018-04-12 03:53:17,2018-04-12 03:53:32,15,3000,200,0.571997,0.550229,0.000000,1.000000,Barely acceptable,
ECG_CH1,2193,2018-04-12 03:53:32,2018-04-12 03:53:47,15,3000,200,0.606906,0.595150,0.000000,1.000000,Barely acceptable,
ECG_CH1,2194,2018-04-12 03:53:47,2018-04-12 03:54:02,15,3000,200,0.672891,0.697230,0.000000,1.000000,Barely acceptable,
ECG_CH1,2195,2018-04-12 03:54:02,2018-04-12 03:54:17,15,3000,200,0.746943,0.837934,0.000000,1.000000,Barely acceptable,
ECG_CH1,2196,2018-04-12 03:54:17,2018-04-12 03:54:32,15,3000,200,0.800534,0.877134,0.000000,1.000000,Barely acceptable,
ECG_CH1,2197,2018-04-12 03:54:32,2018-04-12 03:54:47,15,3000,200,0.648266,0.764741,0.000000,1.000000,Barely acceptable,
ECG_CH1,2198,2018-04-12 03:54:47,2018-04-12 03:55:02,15,3000,200,0.588353,0.591391,0.000000,1.000000,Barely acceptable,
ECG_CH1,2199,2018-04-12 03:55:02,2018-04-12 03:55:17,15,3000,200,0.845905,0.871024,0.000000,1.000000,Barely acceptable,
ECG_CH1,2200,2018-04-12 03:55:17,2018-04-12 03:55:32,15,3000,200,0.743385,0.865166,0.000000,1.000000,Barely acceptable,
ECG_CH1,2201,2018-04-12 03:55:32,2018-04-12 03:55:47,15,3000,200,0.672800,0.787582,0.000000,1.000000,Barely acceptable,
ECG_CH1,2202,2018-04-12 03:55:47,2018-04-12 03:56:02,15,3000,200,0.636355,0.706485,0.000000,1.000000,Barely acceptable,
ECG_CH1,2203,2018-04-12 03:56:02,2018-04-12 03:56:17,15,3000,200,0.831162,0.948489,0.000000,1.000000,Barely acceptable,
ECG_CH1,2204,2018-04-12 03:56:17,2018-04-12 03:56:32,15,3000,200,0.743563,0.839731,0.000000,1.000000,Barely acceptable,
ECG_CH1,2205,2018-04-12 03:56:32,2018-04-12 03:56:47,15,3000,200,0.742190,0.861254,0.000000,1.000000,Barely acceptable,
ECG_CH1,2206,2018-04-12 03:56:47,2018-04-12 03:57:02,15,3000,200,0.766300,0.835374,0.000000,1.000000,Barely acceptable,
ECG_CH1,2207,2018-04-12 03:57:02,2018-04-12 03:57:17,15,3000,200,0.669704,0.752587,0.000000,1.000000,Barely acceptable,
ECG_CH1,2208,2018-04-12 03:57:17,2018-04-12 03:57:32,15,3000,200,0.599363,0.696773,0.000000,1.000000,Barely acceptable,
ECG_CH1,2209,2018-04-12 03:57:32,2018-04-12 03:57:47,15,3000,200,0.634162,0.789104,0.000000,1.000000,Barely acceptable,
ECG_CH1,2210,2018-04-12 03:57:47,2018-04-12 03:58:02,15,3000,200,0.519380,0.491802,0.000000,1.000000,Barely acceptable,
ECG_CH1,2211,2018-04-12 03:58:02,2018-04-12 03:58:17,15,3000,200,0.738600,0.849958,0.000000,1.000000,Barely acceptable,
ECG_CH1,2212,2018-04-12 03:58:17,2018-04-12 03:58:32,15,3000,200,0.693542,0.720666,0.000000,1.000000,Barely acceptable,
ECG_CH1,2213,2018-04-12 03:58:32,2018-04-12 03:58:47,15,3000,200,0.783184,0.873287,0.000000,1.000000,Barely acceptable,
ECG_CH1,2214,2018-04-12 03:58:47,2018-04-12 03:59:02,15,3000,200,0.632103,0.687868,0.000000,1.000000,Barely acceptable,
ECG_CH1,2215,2018-04-12 03:59:02,2018-04-12 03:59:17,15,3000,200,0.622223,0.655267,0.000000,1.000000,Barely acceptable,
ECG_CH1,2216,2018-04-12 03:59:17,2018-04-12 03:59:32,15,3000,200,0.705436,0.820251,0.000000,1.000000,Barely acceptable,
ECG_CH1,2217,2018-04-12 03:59:32,2018-04-12 03:59:47,15,3000,200,0.844371,0.930408,0.000000,1.000000,Barely acceptable,
ECG_CH1,2218,2018-04-12 03:59:47,2018-04-12 04:00:02,15,3000,200,0.802217,0.864888,0.000000,1.000000,Barely acceptable,
ECG_CH1,2219,2018-04-12 04:00:02,2018-04-12 04:00:17,15,3000,200,0.544453,0.574932,0.000000,1.000000,Barely acceptable,
ECG_CH1,2220,2018-04-12 04:00:17,2018-04-12 04:00:32,15,3000,200,0.746118,0.843197,0.000000,1.000000,Barely acceptable,
ECG_CH1,2221,2018-04-12 04:00:32,2018-04-12 04:00:47,15,3000,200,0.766279,0.846738,0.000000,1.000000,Barely acceptable,
ECG_CH1,2222,2018-04-12 04:00:47,2018-04-12 04:01:02,15,3000,200,0.688071,0.731715,0.000000,1.000000,Barely acceptable,
ECG_CH1,2223,2018-04-12 04:01:02,2018-04-12 04:01:17,15,3000,200,0.751189,0.891110,0.000000,1.000000,Barely acceptable,
ECG_CH1,2224,2018-04-12 04:01:17,2018-04-12 04:01:32,15,3000,200,0.813546,0.931250,0.000000,1.000000,Barely acceptable,
ECG_CH1,2225,2018-04-12 04:01:32,2018-04-12 04:01:47,15,3000,200,0.761910,0.867340,0.000000,1.000000,Barely acceptable,
ECG_CH1,2226,2018-04-12 04:01:47,2018-04-12 04:02:02,15,3000,200,0.615752,0.656994,0.000000,1.000000,Barely acceptable,
ECG_CH1,2227,2018-04-12 04:02:02,2018-04-12 04:02:17,15,3000,200,0.689762,0.757843,0.000000,1.000000,Barely acceptable,
ECG_CH1,2228,2018-04-12 04:02:17,2018-04-12 04:02:32,15,3000,200,0.764750,0.888724,0.000000,1.000000,Barely acceptable,
ECG_CH1,2229,2018-04-12 04:02:32,2018-04-12 04:02:47,15,3000,200,0.728735,0.828858,0.000000,1.000000,Barely acceptable,
ECG_CH1,2230,2018-04-12 04:02:47,2018-04-12 04:03:02,15,3000,200,0.781814,0.861069,0.000000,1.000000,Barely acceptable,
ECG_CH1,2231,2018-04-12 04:03:02,2018-04-12 04:03:17,15,3000,200,0.757650,0.802067,0.000000,1.000000,Barely acceptable,
ECG_CH1,2232,2018-04-12 04:03:17,2018-04-12 04:03:32,15,3000,200,0.732915,0.781030,0.000000,1.000000,Barely acceptable,
ECG_CH1,2233,2018-04-12 04:03:32,2018-04-12 04:03:47,15,3000,200,0.685898,0.758593,0.000000,1.000000,Barely acceptable,
ECG_CH1,2234,2018-04-12 04:03:47,2018-04-12 04:04:02,15,3000,200,0.667326,0.693508,0.000000,1.000000,Barely acceptable,
ECG_CH1,2235,2018-04-12 04:04:02,2018-04-12 04:04:17,15,3000,200,0.683736,0.855711,0.000000,1.000000,Barely acceptable,
ECG_CH1,2236,2018-04-12 04:04:17,2018-04-12 04:04:32,15,3000,200,0.750779,0.902874,0.000000,1.000000,Barely acceptable,
ECG_CH1,2237,2018-04-12 04:04:32,2018-04-12 04:04:47,15,3000,200,0.568418,0.598594,0.000000,1.000000,Barely acceptable,
ECG_CH1,2238,2018-04-12 04:04:47,2018-04-12 04:05:02,15,3000,200,0.803241,0.917341,0.000000,1.000000,Barely acceptable,
ECG_CH1,2239,2018-04-12 04:05:02,2018-04-12 04:05:17,15,3000,200,0.783564,0.849420,0.000000,1.000000,Barely acceptable,
ECG_CH1,2240,2018-04-12 04:05:17,2018-04-12 04:05:32,15,3000,200,0.787875,0.861811,0.000000,1.000000,Barely acceptable,
ECG_CH1,2241,2018-04-12 04:05:32,2018-04-12 04:05:47,15,3000,200,0.702677,0.832334,0.000000,1.000000,Barely acceptable,
ECG_CH1,2242,2018-04-12 04:05:47,2018-04-12 04:06:02,15,3000,200,0.819160,0.929447,0.000000,1.000000,Barely acceptable,
ECG_CH1,2243,2018-04-12 04:06:02,2018-04-12 04:06:17,15,3000,200,0.745541,0.895124,0.000000,1.000000,Barely acceptable,
ECG_CH1,2244,2018-04-12 04:06:17,2018-04-12 04:06:32,15,3000,200,0.713710,0.806541,0.000000,1.000000,Barely acceptable,
ECG_CH1,2245,2018-04-12 04:06:32,2018-04-12 04:06:47,15,3000,200,0.749787,0.903593,0.000000,1.000000,Barely acceptable,
ECG_CH1,2246,2018-04-12 04:06:47,2018-04-12 04:07:02,15,3000,200,0.759005,0.853095,0.000000,1.000000,Barely acceptable,
ECG_CH1,2247,2018-04-12 04:07:02,2018-04-12 04:07:17,15,3000,200,0.690156,0.787831,0.000000,1.000000,Barely acceptable,
ECG_CH1,2248,2018-04-12 04:07:17,2018-04-12 04:07:32,15,3000,200,0.799741,0.863552,0.000000,1.000000,Barely acceptable,
ECG_CH1,2249,2018-04-12 04:07:32,2018-04-12 04:07:47,15,3000,200,0.832040,0.903735,0.000000,1.000000,Barely acceptable,
ECG_CH1,2250,2018-04-12 04:07:47,2018-04-12 04:08:02,15,3000,200,0.796508,0.942836,0.000000,1.000000,Barely acceptable,
ECG_CH1,2251,2018-04-12 04:08:02,2018-04-12 04:08:17,15,3000,200,0.730575,0.811914,0.000000,1.000000,Barely acceptable,
ECG_CH1,2252,2018-04-12 04:08:17,2018-04-12 04:08:32,15,3000,200,0.776118,0.838373,0.000000,1.000000,Barely acceptable,
ECG_CH1,2253,2018-04-12 04:08:32,2018-04-12 04:08:47,15,3000,200,0.689085,0.821790,0.000000,1.000000,Barely acceptable,
ECG_CH1,2254,2018-04-12 04:08:47,2018-04-12 04:09:02,15,3000,200,0.699723,0.807475,0.000000,1.000000,Barely acceptable,
ECG_CH1,2255,2018-04-12 04:09:02,2018-04-12 04:09:17,15,3000,200,0.768574,0.861666,0.000000,1.000000,Barely acceptable,
ECG_CH1,2256,2018-04-12 04:09:17,2018-04-12 04:09:32,15,3000,200,0.734949,0.819321,0.000000,1.000000,Barely acceptable,
ECG_CH1,2257,2018-04-12 04:09:32,2018-04-12 04:09:47,15,3000,200,0.720816,0.770972,0.000000,1.000000,Barely acceptable,
ECG_CH1,2258,2018-04-12 04:09:47,2018-04-12 04:10:02,15,3000,200,0.806098,0.880408,0.000000,1.000000,Barely acceptable,
ECG_CH1,2259,2018-04-12 04:10:02,2018-04-12 04:10:17,15,3000,200,0.784136,0.945303,0.000000,1.000000,Barely acceptable,
ECG_CH1,2260,2018-04-12 04:10:17,2018-04-12 04:10:32,15,3000,200,0.714530,0.773204,0.000000,1.000000,Barely acceptable,
ECG_CH1,2261,2018-04-12 04:10:32,2018-04-12 04:10:47,15,3000,200,0.560931,0.546032,0.000000,1.000000,Barely acceptable,
ECG_CH1,2262,2018-04-12 04:10:47,2018-04-12 04:11:02,15,3000,200,0.761726,0.909865,0.000000,1.000000,Unacceptable,
ECG_CH1,2263,2018-04-12 04:11:02,2018-04-12 04:11:17,15,3000,200,0.763659,0.835148,0.000000,1.000000,Barely acceptable,
ECG_CH1,2264,2018-04-12 04:11:17,2018-04-12 04:11:32,15,3000,200,0.821398,0.890524,0.000000,1.000000,Barely acceptable,
ECG_CH1,2265,2018-04-12 04:11:32,2018-04-12 04:11:47,15,3000,200,0.607686,0.665939,0.000000,1.000000,Barely acceptable,
ECG_CH1,2266,2018-04-12 04:11:47,2018-04-12 04:12:02,15,3000,200,0.705054,0.852317,0.000000,1.000000,Barely acceptable,
ECG_CH1,2267,2018-04-12 04:12:02,2018-04-12 04:12:17,15,3000,200,0.784892,0.867936,0.000000,1.000000,Barely acceptable,
ECG_CH1,2268,2018-04-12 04:12:17,2018-04-12 04:12:32,15,3000,200,0.756218,0.902894,0.000000,1.000000,Barely acceptable,
ECG_CH1,2269,2018-04-12 04:12:32,2018-04-12 04:12:47,15,3000,200,0.706065,0.768417,0.000000,1.000000,Barely acceptable,
ECG_CH1,2270,2018-04-12 04:12:47,2018-04-12 04:13:02,15,3000,200,0.565753,0.669185,0.000000,1.000000,Barely acceptable,
ECG_CH1,2271,2018-04-12 04:13:02,2018-04-12 04:13:17,15,3000,200,0.669059,0.749354,0.000000,1.000000,Barely acceptable,
ECG_CH1,2272,2018-04-12 04:13:17,2018-04-12 04:13:32,15,3000,200,0.673835,0.751964,0.000000,1.000000,Barely acceptable,
ECG_CH1,2273,2018-04-12 04:13:32,2018-04-12 04:13:47,15,3000,200,0.749704,0.776342,0.000000,1.000000,Barely acceptable,
ECG_CH1,2274,2018-04-12 04:13:47,2018-04-12 04:14:02,15,3000,200,0.778716,0.829215,0.000000,1.000000,Barely acceptable,
ECG_CH1,2275,2018-04-12 04:14:02,2018-04-12 04:14:17,15,3000,200,0.812561,0.943053,0.000000,1.000000,Barely acceptable,
ECG_CH1,2276,2018-04-12 04:14:17,2018-04-12 04:14:32,15,3000,200,0.740321,0.843146,0.000000,1.000000,Barely acceptable,
ECG_CH1,2277,2018-04-12 04:14:32,2018-04-12 04:14:47,15,3000,200,0.801866,0.912205,0.000000,1.000000,Barely acceptable,
ECG_CH1,2278,2018-04-12 04:14:47,2018-04-12 04:15:02,15,3000,200,0.699814,0.745415,0.000000,1.000000,Barely acceptable,
ECG_CH1,2279,2018-04-12 04:15:02,2018-04-12 04:15:17,15,3000,200,0.727415,0.777998,0.000000,1.000000,Barely acceptable,
ECG_CH1,2280,2018-04-12 04:15:17,2018-04-12 04:15:32,15,3000,200,0.730769,0.777119,0.000000,1.000000,Barely acceptable,
ECG_CH1,2281,2018-04-12 04:15:32,2018-04-12 04:15:47,15,3000,200,0.813864,0.926267,0.000000,1.000000,Barely acceptable,
ECG_CH1,2282,2018-04-12 04:15:47,2018-04-12 04:16:02,15,3000,200,0.746022,0.861947,0.000000,1.000000,Barely acceptable,
ECG_CH1,2283,2018-04-12 04:16:02,2018-04-12 04:16:17,15,3000,200,0.608172,0.598605,0.000000,1.000000,Barely acceptable,
ECG_CH1,2284,2018-04-12 04:16:17,2018-04-12 04:16:32,15,3000,200,0.845777,0.919798,0.000000,1.000000,Barely acceptable,
ECG_CH1,2285,2018-04-12 04:16:32,2018-04-12 04:16:47,15,3000,200,0.619208,0.714574,0.000000,1.000000,Barely acceptable,
ECG_CH1,2286,2018-04-12 04:16:47,2018-04-12 04:17:02,15,3000,200,0.716760,0.811704,0.000000,1.000000,Barely acceptable,
ECG_CH1,2287,2018-04-12 04:17:02,2018-04-12 04:17:17,15,3000,200,0.670993,0.725880,0.000000,1.000000,Barely acceptable,
ECG_CH1,2288,2018-04-12 04:17:17,2018-04-12 04:17:32,15,3000,200,0.725297,0.831601,0.000000,1.000000,Barely acceptable,
ECG_CH1,2289,2018-04-12 04:17:32,2018-04-12 04:17:47,15,3000,200,0.752962,0.842256,0.000000,1.000000,Barely acceptable,
ECG_CH1,2290,2018-04-12 04:17:47,2018-04-12 04:18:02,15,3000,200,0.816212,0.912879,0.000000,1.000000,Barely acceptable,
ECG_CH1,2291,2018-04-12 04:18:02,2018-04-12 04:18:17,15,3000,200,0.796438,0.882433,0.000000,1.000000,Barely acceptable,
ECG_CH1,2292,2018-04-12 04:18:17,2018-04-12 04:18:32,15,3000,200,0.783686,0.879944,0.000000,1.000000,Barely acceptable,
ECG_CH1,2293,2018-04-12 04:18:32,2018-04-12 04:18:47,15,3000,200,0.647993,0.723625,0.000000,1.000000,Barely acceptable,
ECG_CH1,2294,2018-04-12 04:18:47,2018-04-12 04:19:02,15,3000,200,0.747373,0.801680,0.000000,1.000000,Barely acceptable,
ECG_CH1,2295,2018-04-12 04:19:02,2018-04-12 04:19:17,15,3000,200,0.803475,0.922344,0.000000,1.000000,Barely acceptable,
ECG_CH1,2296,2018-04-12 04:19:17,2018-04-12 04:19:32,15,3000,200,0.775392,0.887504,0.000000,1.000000,Barely acceptable,
ECG_CH1,2297,2018-04-12 04:19:32,2018-04-12 04:19:47,15,3000,200,0.695219,0.795233,0.000000,1.000000,Barely acceptable,
ECG_CH1,2298,2018-04-12 04:19:47,2018-04-12 04:20:02,15,3000,200,0.810094,0.898971,0.000000,1.000000,Barely acceptable,
ECG_CH1,2299,2018-04-12 04:20:02,2018-04-12 04:20:17,15,3000,200,0.728750,0.824562,0.000000,1.000000,Barely acceptable,
ECG_CH1,2300,2018-04-12 04:20:17,2018-04-12 04:20:32,15,3000,200,0.688351,0.771571,0.000000,1.000000,Barely acceptable,
ECG_CH1,2301,2018-04-12 04:20:32,2018-04-12 04:20:47,15,3000,200,0.770175,0.861439,0.000000,1.000000,Barely acceptable,
ECG_CH1,2302,2018-04-12 04:20:47,2018-04-12 04:21:02,15,3000,200,0.741691,0.760345,0.000000,1.000000,Barely acceptable,
ECG_CH1,2303,2018-04-12 04:21:02,2018-04-12 04:21:17,15,3000,200,0.648321,0.733242,0.000000,1.000000,Barely acceptable,
ECG_CH1,2304,2018-04-12 04:21:17,2018-04-12 04:21:32,15,3000,200,0.696667,0.861341,0.000000,1.000000,Barely acceptable,
ECG_CH1,2305,2018-04-12 04:21:32,2018-04-12 04:21:47,15,3000,200,0.643343,0.794097,0.000000,1.000000,Barely acceptable,
ECG_CH1,2306,2018-04-12 04:21:47,2018-04-12 04:22:02,15,3000,200,0.763720,0.843810,0.000000,1.000000,Barely acceptable,
ECG_CH1,2307,2018-04-12 04:22:02,2018-04-12 04:22:17,15,3000,200,0.766749,0.890582,0.000000,1.000000,Barely acceptable,
ECG_CH1,2308,2018-04-12 04:22:17,2018-04-12 04:22:32,15,3000,200,0.820664,0.922029,0.000000,1.000000,Barely acceptable,
ECG_CH1,2309,2018-04-12 04:22:32,2018-04-12 04:22:47,15,3000,200,0.737541,0.819452,0.000000,1.000000,Barely acceptable,
ECG_CH1,2310,2018-04-12 04:22:47,2018-04-12 04:23:02,15,3000,200,0.740883,0.849524,0.000000,1.000000,Barely acceptable,
ECG_CH1,2311,2018-04-12 04:23:02,2018-04-12 04:23:17,15,3000,200,0.720302,0.854035,0.000000,1.000000,Barely acceptable,
ECG_CH1,2312,2018-04-12 04:23:17,2018-04-12 04:23:32,15,3000,200,0.660946,0.600970,0.000000,1.000000,Barely acceptable,
ECG_CH1,2313,2018-04-12 04:23:32,2018-04-12 04:23:47,15,3000,200,0.758641,0.823002,0.000000,1.000000,Barely acceptable,
ECG_CH1,2314,2018-04-12 04:23:47,2018-04-12 04:24:02,15,3000,200,0.625563,0.610673,0.000000,1.000000,Barely acceptable,
ECG_CH1,2315,2018-04-12 04:24:02,2018-04-12 04:24:17,15,3000,200,0.724624,0.847774,0.000000,1.000000,Barely acceptable,
ECG_CH1,2316,2018-04-12 04:24:17,2018-04-12 04:24:32,15,3000,200,0.811268,0.872667,0.000000,1.000000,Barely acceptable,
ECG_CH1,2317,2018-04-12 04:24:32,2018-04-12 04:24:47,15,3000,200,0.760505,0.897877,0.000000,1.000000,Barely acceptable,
ECG_CH1,2318,2018-04-12 04:24:47,2018-04-12 04:25:02,15,3000,200,0.792327,0.925615,0.000000,1.000000,Barely acceptable,
ECG_CH1,2319,2018-04-12 04:25:02,2018-04-12 04:25:17,15,3000,200,0.759757,0.842444,0.000000,1.000000,Barely acceptable,
ECG_CH1,2320,2018-04-12 04:25:17,2018-04-12 04:25:32,15,3000,200,0.751270,0.851897,0.000000,1.000000,Barely acceptable,
ECG_CH1,2321,2018-04-12 04:25:32,2018-04-12 04:25:47,15,3000,200,0.780122,0.856376,0.000000,1.000000,Barely acceptable,
ECG_CH1,2322,2018-04-12 04:25:47,2018-04-12 04:26:02,15,3000,200,0.824158,0.937674,0.000000,1.000000,Barely acceptable,
ECG_CH1,2323,2018-04-12 04:26:02,2018-04-12 04:26:17,15,3000,200,0.694321,0.797901,0.000000,1.000000,Barely acceptable,
ECG_CH1,2324,2018-04-12 04:26:17,2018-04-12 04:26:32,15,3000,200,0.674874,0.752040,0.000000,1.000000,Barely acceptable,
ECG_CH1,2325,2018-04-12 04:26:32,2018-04-12 04:26:47,15,3000,200,0.814510,0.873597,0.000000,1.000000,Barely acceptable,
ECG_CH1,2326,2018-04-12 04:26:47,2018-04-12 04:27:02,15,3000,200,0.667783,0.753427,0.000000,1.000000,Barely acceptable,
ECG_CH1,2327,2018-04-12 04:27:02,2018-04-12 04:27:17,15,3000,200,0.600498,0.639169,0.000000,1.000000,Barely acceptable,
ECG_CH1,2328,2018-04-12 04:27:17,2018-04-12 04:27:32,15,3000,200,0.672140,0.744222,0.000000,1.000000,Barely acceptable,
ECG_CH1,2329,2018-04-12 04:27:32,2018-04-12 04:27:47,15,3000,200,0.749401,0.826031,0.000000,1.000000,Barely acceptable,
ECG_CH1,2330,2018-04-12 04:27:47,2018-04-12 04:28:02,15,3000,200,0.833507,0.922738,0.000000,1.000000,Barely acceptable,
ECG_CH1,2331,2018-04-12 04:28:02,2018-04-12 04:28:17,15,3000,200,0.478723,0.384607,0.000000,1.000000,Barely acceptable,
ECG_CH1,2332,2018-04-12 04:28:17,2018-04-12 04:28:32,15,3000,200,0.815659,0.919184,0.000000,1.000000,Barely acceptable,
ECG_CH1,2333,2018-04-12 04:28:32,2018-04-12 04:28:47,15,3000,200,0.806432,0.933911,0.000000,1.000000,Barely acceptable,
ECG_CH1,2334,2018-04-12 04:28:47,2018-04-12 04:29:02,15,3000,200,0.667194,0.793110,0.000000,1.000000,Barely acceptable,
ECG_CH1,2335,2018-04-12 04:29:02,2018-04-12 04:29:17,15,3000,200,0.809238,0.917687,0.000000,1.000000,Barely acceptable,
ECG_CH1,2336,2018-04-12 04:29:17,2018-04-12 04:29:32,15,3000,200,0.790095,0.900756,0.000000,1.000000,Barely acceptable,
ECG_CH1,2337,2018-04-12 04:29:32,2018-04-12 04:29:47,15,3000,200,0.799256,0.918753,0.000000,1.000000,Barely acceptable,
ECG_CH1,2338,2018-04-12 04:29:47,2018-04-12 04:30:02,15,3000,200,0.820734,0.909878,0.000000,1.000000,Barely acceptable,
ECG_CH1,2339,2018-04-12 04:30:02,2018-04-12 04:30:17,15,3000,200,0.830419,0.947683,0.000000,1.000000,Barely acceptable,
ECG_CH1,2340,2018-04-12 04:30:17,2018-04-12 04:30:32,15,3000,200,0.624927,0.691803,0.000000,1.000000,Barely acceptable,
ECG_CH1,2341,2018-04-12 04:30:32,2018-04-12 04:30:47,15,3000,200,0.677073,0.716650,0.000000,1.000000,Barely acceptable,
ECG_CH1,2342,2018-04-12 04:30:47,2018-04-12 04:31:02,15,3000,200,0.849361,0.938754,0.000000,1.000000,Barely acceptable,
ECG_CH1,2343,2018-04-12 04:31:02,2018-04-12 04:31:17,15,3000,200,0.750612,0.839155,0.000000,1.000000,Barely acceptable,
ECG_CH1,2344,2018-04-12 04:31:17,2018-04-12 04:31:32,15,3000,200,0.713742,0.855913,0.000000,1.000000,Barely acceptable,
ECG_CH1,2345,2018-04-12 04:31:32,2018-04-12 04:31:47,15,3000,200,0.671659,0.826963,0.000000,1.000000,Barely acceptable,
ECG_CH1,2346,2018-04-12 04:31:47,2018-04-12 04:32:02,15,3000,200,0.764685,0.832925,0.000000,1.000000,Barely acceptable,
ECG_CH1,2347,2018-04-12 04:32:02,2018-04-12 04:32:17,15,3000,200,0.773970,0.820484,0.000000,1.000000,Barely acceptable,
ECG_CH1,2348,2018-04-12 04:32:17,2018-04-12 04:32:32,15,3000,200,0.778036,0.869145,0.000000,1.000000,Barely acceptable,
ECG_CH1,2349,2018-04-12 04:32:32,2018-04-12 04:32:47,15,3000,200,0.711473,0.812482,0.000000,1.000000,Barely acceptable,
ECG_CH1,2350,2018-04-12 04:32:47,2018-04-12 04:33:02,15,3000,200,0.782333,0.887049,0.000000,1.000000,Barely acceptable,
ECG_CH1,2351,2018-04-12 04:33:02,2018-04-12 04:33:17,15,3000,200,0.733977,0.834082,0.000000,1.000000,Unacceptable,
ECG_CH1,2352,2018-04-12 04:33:17,2018-04-12 04:33:32,15,3000,200,0.736928,0.826544,0.000000,1.000000,Barely acceptable,
ECG_CH1,2353,2018-04-12 04:33:32,2018-04-12 04:33:47,15,3000,200,0.787756,0.865645,0.000000,1.000000,Barely acceptable,
ECG_CH1,2354,2018-04-12 04:33:47,2018-04-12 04:34:02,15,3000,200,0.746083,0.825420,0.000000,1.000000,Barely acceptable,
ECG_CH1,2355,2018-04-12 04:34:02,2018-04-12 04:34:17,15,3000,200,0.720693,0.838127,0.000000,1.000000,Barely acceptable,
ECG_CH1,2356,2018-04-12 04:34:17,2018-04-12 04:34:32,15,3000,200,0.728052,0.838710,0.000000,1.000000,Barely acceptable,
ECG_CH1,2357,2018-04-12 04:34:32,2018-04-12 04:34:47,15,3000,200,0.689393,0.791444,0.000000,1.000000,Barely acceptable,
ECG_CH1,2358,2018-04-12 04:34:47,2018-04-12 04:35:02,15,3000,200,0.717723,0.683300,0.000000,1.000000,Barely acceptable,
ECG_CH1,2359,2018-04-12 04:35:02,2018-04-12 04:35:17,15,3000,200,0.623789,0.721801,0.000000,1.000000,Barely acceptable,
ECG_CH1,2360,2018-04-12 04:35:17,2018-04-12 04:35:32,15,3000,200,0.764085,0.821823,0.000000,1.000000,Barely acceptable,
ECG_CH1,2361,2018-04-12 04:35:32,2018-04-12 04:35:47,15,3000,200,0.726107,0.843507,0.000000,1.000000,Barely acceptable,
ECG_CH1,2362,2018-04-12 04:35:47,2018-04-12 04:36:02,15,3000,200,0.689983,0.747854,0.000000,1.000000,Barely acceptable,
ECG_CH1,2363,2018-04-12 04:36:02,2018-04-12 04:36:17,15,3000,200,0.680614,0.801859,0.000000,1.000000,Barely acceptable,
ECG_CH1,2364,2018-04-12 04:36:17,2018-04-12 04:36:32,15,3000,200,0.691586,0.786906,0.000000,1.000000,Barely acceptable,
ECG_CH1,2365,2018-04-12 04:36:32,2018-04-12 04:36:47,15,3000,200,0.737031,0.839693,0.000000,1.000000,Barely acceptable,
ECG_CH1,2366,2018-04-12 04:36:47,2018-04-12 04:37:02,15,3000,200,0.712256,0.789259,0.000000,1.000000,Barely acceptable,
ECG_CH1,2367,2018-04-12 04:37:02,2018-04-12 04:37:17,15,3000,200,0.606399,0.712507,0.000000,1.000000,Barely acceptable,
ECG_CH1,2368,2018-04-12 04:37:17,2018-04-12 04:37:32,15,3000,200,0.805720,0.933277,0.000000,1.000000,Barely acceptable,
ECG_CH1,2369,2018-04-12 04:37:32,2018-04-12 04:37:47,15,3000,200,0.649299,0.716885,0.000000,1.000000,Barely acceptable,
ECG_CH1,2370,2018-04-12 04:37:47,2018-04-12 04:38:02,15,3000,200,0.736641,0.833032,0.000000,1.000000,Barely acceptable,
ECG_CH1,2371,2018-04-12 04:38:02,2018-04-12 04:38:17,15,3000,200,0.765251,0.841808,0.000000,1.000000,Barely acceptable,
ECG_CH1,2372,2018-04-12 04:38:17,2018-04-12 04:38:32,15,3000,200,0.607779,0.733819,0.000000,1.000000,Barely acceptable,
ECG_CH1,2373,2018-04-12 04:38:32,2018-04-12 04:38:47,15,3000,200,0.758024,0.855565,0.000000,1.000000,Barely acceptable,
ECG_CH1,2374,2018-04-12 04:38:47,2018-04-12 04:39:02,15,3000,200,0.513901,0.496101,0.000000,1.000000,Barely acceptable,
ECG_CH1,2375,2018-04-12 04:39:02,2018-04-12 04:39:17,15,3000,200,0.757685,0.848054,0.000000,1.000000,Barely acceptable,
ECG_CH1,2376,2018-04-12 04:39:17,2018-04-12 04:39:32,15,3000,200,0.747761,0.807417,0.000000,1.000000,Barely acceptable,
ECG_CH1,2377,2018-04-12 04:39:32,2018-04-12 04:39:47,15,3000,200,0.698917,0.814945,0.000000,1.000000,Barely acceptable,
ECG_CH1,2378,2018-04-12 04:39:47,2018-04-12 04:40:02,15,3000,200,0.629580,0.693334,0.000000,1.000000,Barely acceptable,
ECG_CH1,2379,2018-04-12 04:40:02,2018-04-12 04:40:17,15,3000,200,0.675812,0.705350,0.000000,1.000000,Barely acceptable,
ECG_CH1,2380,2018-04-12 04:40:17,2018-04-12 04:40:32,15,3000,200,0.822977,0.946182,0.000000,1.000000,Barely acceptable,
ECG_CH1,2381,2018-04-12 04:40:32,2018-04-12 04:40:47,15,3000,200,0.768305,0.914781,0.000000,1.000000,Barely acceptable,
ECG_CH1,2382,2018-04-12 04:40:47,2018-04-12 04:41:02,15,3000,200,0.609758,0.679980,0.000000,1.000000,Barely acceptable,
ECG_CH1,2383,2018-04-12 04:41:02,2018-04-12 04:41:17,15,3000,200,0.621293,0.717754,0.000000,1.000000,Barely acceptable,
ECG_CH1,2384,2018-04-12 04:41:17,2018-04-12 04:41:32,15,3000,200,0.701517,0.834277,0.000000,1.000000,Barely acceptable,
ECG_CH1,2385,2018-04-12 04:41:32,2018-04-12 04:41:47,15,3000,200,0.564327,0.665327,0.000000,1.000000,Barely acceptable,
ECG_CH1,2386,2018-04-12 04:41:47,2018-04-12 04:42:02,15,3000,200,0.856135,0.899783,0.000000,1.000000,Barely acceptable,
ECG_CH1,2387,2018-04-12 04:42:02,2018-04-12 04:42:17,15,3000,200,0.641124,0.766954,0.000000,1.000000,Barely acceptable,
ECG_CH1,2388,2018-04-12 04:42:17,2018-04-12 04:42:32,15,3000,200,0.609773,0.647594,0.000000,1.000000,Barely acceptable,
ECG_CH1,2389,2018-04-12 04:42:32,2018-04-12 04:42:47,15,3000,200,0.752856,0.871699,0.000000,1.000000,Barely acceptable,
ECG_CH1,2390,2018-04-12 04:42:47,2018-04-12 04:43:02,15,3000,200,0.643622,0.654258,0.000000,1.000000,Barely acceptable,
ECG_CH1,2391,2018-04-12 04:43:02,2018-04-12 04:43:17,15,3000,200,0.602338,0.621200,0.000000,1.000000,Barely acceptable,
ECG_CH1,2392,2018-04-12 04:43:17,2018-04-12 04:43:32,15,3000,200,0.735509,0.797372,0.000000,1.000000,Barely acceptable,
ECG_CH1,2393,2018-04-12 04:43:32,2018-04-12 04:43:47,15,3000,200,0.447861,0.479097,0.000000,1.000000,Barely acceptable,
ECG_CH1,2394,2018-04-12 04:43:47,2018-04-12 04:44:02,15,3000,200,0.818815,0.900083,0.000000,1.000000,Barely acceptable,
ECG_CH1,2395,2018-04-12 04:44:02,2018-04-12 04:44:17,15,3000,200,0.795431,0.902419,0.000000,1.000000,Barely acceptable,
ECG_CH1,2396,2018-04-12 04:44:17,2018-04-12 04:44:32,15,3000,200,0.798234,0.884512,0.000000,1.000000,Barely acceptable,
ECG_CH1,2397,2018-04-12 04:44:32,2018-04-12 04:44:47,15,3000,200,0.735798,0.831806,0.000000,1.000000,Barely acceptable,
ECG_CH1,2398,2018-04-12 04:44:47,2018-04-12 04:45:02,15,3000,200,0.695091,0.786179,0.000000,1.000000,Barely acceptable,
ECG_CH1,2399,2018-04-12 04:45:02,2018-04-12 04:45:17,15,3000,200,0.762973,0.905837,0.000000,1.000000,Barely acceptable,
ECG_CH1,2400,2018-04-12 04:45:17,2018-04-12 04:45:32,15,3000,200,0.782755,0.838565,0.000000,1.000000,Barely acceptable,
ECG_CH1,2401,2018-04-12 04:45:32,2018-04-12 04:45:47,15,3000,200,0.637257,0.730193,0.000000,1.000000,Barely acceptable,
ECG_CH1,2402,2018-04-12 04:45:47,2018-04-12 04:46:02,15,3000,200,0.809449,0.888799,0.000000,1.000000,Barely acceptable,
ECG_CH1,2403,2018-04-12 04:46:02,2018-04-12 04:46:17,15,3000,200,0.703279,0.828018,0.000000,1.000000,Barely acceptable,
ECG_CH1,2404,2018-04-12 04:46:17,2018-04-12 04:46:32,15,3000,200,0.640189,0.679762,0.000000,1.000000,Barely acceptable,
ECG_CH1,2405,2018-04-12 04:46:32,2018-04-12 04:46:47,15,3000,200,0.643848,0.781766,0.000000,1.000000,Barely acceptable,
ECG_CH1,2406,2018-04-12 04:46:47,2018-04-12 04:47:02,15,3000,200,0.775461,0.922945,0.000000,1.000000,Barely acceptable,
ECG_CH1,2407,2018-04-12 04:47:02,2018-04-12 04:47:17,15,3000,200,0.770626,0.939593,0.000000,1.000000,Barely acceptable,
ECG_CH1,2408,2018-04-12 04:47:17,2018-04-12 04:47:32,15,3000,200,0.801306,0.842230,0.000000,1.000000,Barely acceptable,
ECG_CH1,2409,2018-04-12 04:47:32,2018-04-12 04:47:47,15,3000,200,0.665420,0.749867,0.000000,1.000000,Barely acceptable,
ECG_CH1,2410,2018-04-12 04:47:47,2018-04-12 04:48:02,15,3000,200,0.829432,0.940717,0.000000,1.000000,Barely acceptable,
ECG_CH1,2411,2018-04-12 04:48:02,2018-04-12 04:48:17,15,3000,200,0.600582,0.696379,0.000000,1.000000,Barely acceptable,
ECG_CH1,2412,2018-04-12 04:48:17,2018-04-12 04:48:32,15,3000,200,0.865750,0.971524,0.000000,1.000000,Barely acceptable,
ECG_CH1,2413,2018-04-12 04:48:32,2018-04-12 04:48:47,15,3000,200,0.709276,0.830729,0.000000,1.000000,Barely acceptable,
ECG_CH1,2414,2018-04-12 04:48:47,2018-04-12 04:49:02,15,3000,200,0.760260,0.827199,0.000000,1.000000,Barely acceptable,
ECG_CH1,2415,2018-04-12 04:49:02,2018-04-12 04:49:17,15,3000,200,0.605313,0.661401,0.000000,1.000000,Barely acceptable,
ECG_CH1,2416,2018-04-12 04:49:17,2018-04-12 04:49:32,15,3000,200,0.824656,0.899175,0.000000,1.000000,Barely acceptable,
ECG_CH1,2417,2018-04-12 04:49:32,2018-04-12 04:49:47,15,3000,200,0.647131,0.778405,0.000000,1.000000,Barely acceptable,
ECG_CH1,2418,2018-04-12 04:49:47,2018-04-12 04:50:02,15,3000,200,0.787517,0.893422,0.000000,1.000000,Barely acceptable,
ECG_CH1,2419,2018-04-12 04:50:02,2018-04-12 04:50:17,15,3000,200,0.618783,0.712496,0.000000,1.000000,Barely acceptable,
ECG_CH1,2420,2018-04-12 04:50:17,2018-04-12 04:50:32,15,3000,200,0.691211,0.693509,0.000000,1.000000,Barely acceptable,
ECG_CH1,2421,2018-04-12 04:50:32,2018-04-12 04:50:47,15,3000,200,0.792118,0.871202,0.000000,1.000000,Barely acceptable,
ECG_CH1,2422,2018-04-12 04:50:47,2018-04-12 04:51:02,15,3000,200,0.605447,0.678254,0.000000,1.000000,Barely acceptable,
ECG_CH1,2423,2018-04-12 04:51:02,2018-04-12 04:51:17,15,3000,200,0.556013,0.629795,0.000000,1.000000,Barely acceptable,
ECG_CH1,2424,2018-04-12 04:51:17,2018-04-12 04:51:32,15,3000,200,0.838975,0.941493,0.000000,1.000000,Barely acceptable,
ECG_CH1,2425,2018-04-12 04:51:32,2018-04-12 04:51:47,15,3000,200,0.701432,0.848042,0.000000,1.000000,Barely acceptable,
ECG_CH1,2426,2018-04-12 04:51:47,2018-04-12 04:52:02,15,3000,200,0.743071,0.923297,0.000000,1.000000,Barely acceptable,
ECG_CH1,2427,2018-04-12 04:52:02,2018-04-12 04:52:17,15,3000,200,0.781768,0.947689,0.000000,1.000000,Barely acceptable,
ECG_CH1,2428,2018-04-12 04:52:17,2018-04-12 04:52:32,15,3000,200,0.584216,0.635465,0.000000,1.000000,Barely acceptable,
ECG_CH1,2429,2018-04-12 04:52:32,2018-04-12 04:52:47,15,3000,200,0.650606,0.725701,0.000000,1.000000,Barely acceptable,
ECG_CH1,2430,2018-04-12 04:52:47,2018-04-12 04:53:02,15,3000,200,0.752800,0.863627,0.000000,1.000000,Barely acceptable,
ECG_CH1,2431,2018-04-12 04:53:02,2018-04-12 04:53:17,15,3000,200,0.707310,0.769559,0.000000,1.000000,Barely acceptable,
ECG_CH1,2432,2018-04-12 04:53:17,2018-04-12 04:53:32,15,3000,200,0.785956,0.883676,0.000000,1.000000,Barely acceptable,
ECG_CH1,2433,2018-04-12 04:53:32,2018-04-12 04:53:47,15,3000,200,0.572387,0.568510,0.000000,1.000000,Barely acceptable,
ECG_CH1,2434,2018-04-12 04:53:47,2018-04-12 04:54:02,15,3000,200,0.707195,0.774812,0.000000,1.000000,Barely acceptable,
ECG_CH1,2435,2018-04-12 04:54:02,2018-04-12 04:54:17,15,3000,200,0.724226,0.806257,0.000000,1.000000,Barely acceptable,
ECG_CH1,2436,2018-04-12 04:54:17,2018-04-12 04:54:32,15,3000,200,0.800305,0.914196,0.000000,1.000000,Barely acceptable,
ECG_CH1,2437,2018-04-12 04:54:32,2018-04-12 04:54:47,15,3000,200,0.687090,0.780271,0.000000,1.000000,Barely acceptable,
ECG_CH1,2438,2018-04-12 04:54:47,2018-04-12 04:55:02,15,3000,200,0.520263,0.514494,0.000000,1.000000,Barely acceptable,
ECG_CH1,2439,2018-04-12 04:55:02,2018-04-12 04:55:17,15,3000,200,0.694581,0.810113,0.000000,1.000000,Barely acceptable,
ECG_CH1,2440,2018-04-12 04:55:17,2018-04-12 04:55:32,15,3000,200,0.680295,0.754330,0.000000,1.000000,Barely acceptable,
ECG_CH1,2441,2018-04-12 04:55:32,2018-04-12 04:55:47,15,3000,200,0.665062,0.714428,0.000000,1.000000,Barely acceptable,
ECG_CH1,2442,2018-04-12 04:55:47,2018-04-12 04:56:02,15,3000,200,0.697479,0.819791,0.000000,1.000000,Barely acceptable,
ECG_CH1,2443,2018-04-12 04:56:02,2018-04-12 04:56:17,15,3000,200,0.828373,0.929507,0.000000,1.000000,Barely acceptable,
ECG_CH1,2444,2018-04-12 04:56:17,2018-04-12 04:56:32,15,3000,200,0.709618,0.811543,0.000000,1.000000,Barely acceptable,
ECG_CH1,2445,2018-04-12 04:56:32,2018-04-12 04:56:47,15,3000,200,0.703559,0.799608,0.000000,1.000000,Barely acceptable,
ECG_CH1,2446,2018-04-12 04:56:47,2018-04-12 04:57:02,15,3000,200,0.879094,0.933040,0.000000,1.000000,Barely acceptable,
ECG_CH1,2447,2018-04-12 04:57:02,2018-04-12 04:57:17,15,3000,200,0.665774,0.822571,0.000000,1.000000,Barely acceptable,
ECG_CH1,2448,2018-04-12 04:57:17,2018-04-12 04:57:32,15,3000,200,0.773828,0.904683,0.000000,1.000000,Barely acceptable,
ECG_CH1,2449,2018-04-12 04:57:32,2018-04-12 04:57:47,15,3000,200,0.826966,0.922309,0.000000,1.000000,Barely acceptable,
ECG_CH1,2450,2018-04-12 04:57:47,2018-04-12 04:58:02,15,3000,200,0.739236,0.767382,0.000000,1.000000,Barely acceptable,
ECG_CH1,2451,2018-04-12 04:58:02,2018-04-12 04:58:17,15,3000,200,0.792246,0.827817,0.000000,1.000000,Barely acceptable,
ECG_CH1,2452,2018-04-12 04:58:17,2018-04-12 04:58:32,15,3000,200,0.736569,0.865835,0.000000,1.000000,Barely acceptable,
ECG_CH1,2453,2018-04-12 04:58:32,2018-04-12 04:58:47,15,3000,200,0.764839,0.868061,0.000000,1.000000,Barely acceptable,
ECG_CH1,2454,2018-04-12 04:58:47,2018-04-12 04:59:02,15,3000,200,0.811763,0.908958,0.000000,1.000000,Barely acceptable,
ECG_CH1,2455,2018-04-12 04:59:02,2018-04-12 04:59:17,15,3000,200,0.730510,0.849747,0.000000,1.000000,Barely acceptable,
ECG_CH1,2456,2018-04-12 04:59:17,2018-04-12 04:59:32,15,3000,200,0.657599,0.749054,0.000000,1.000000,Barely acceptable,
ECG_CH1,2457,2018-04-12 04:59:32,2018-04-12 04:59:47,15,3000,200,0.704667,0.788726,0.000000,1.000000,Barely acceptable,
ECG_CH1,2458,2018-04-12 04:59:47,2018-04-12 05:00:02,15,3000,200,0.458156,0.457617,0.000000,1.000000,Barely acceptable,
ECG_CH1,2459,2018-04-12 05:00:02,2018-04-12 05:00:17,15,3000,200,0.716036,0.765732,0.000000,1.000000,Barely acceptable,
ECG_CH1,2460,2018-04-12 05:00:17,2018-04-12 05:00:32,15,3000,200,0.795925,0.907882,0.000000,1.000000,Barely acceptable,
ECG_CH1,2461,2018-04-12 05:00:32,2018-04-12 05:00:47,15,3000,200,0.777849,0.887715,0.000000,1.000000,Barely acceptable,
ECG_CH1,2462,2018-04-12 05:00:47,2018-04-12 05:01:02,15,3000,200,0.724680,0.797607,0.000000,1.000000,Barely acceptable,
ECG_CH1,2463,2018-04-12 05:01:02,2018-04-12 05:01:17,15,3000,200,0.740567,0.807780,0.000000,1.000000,Barely acceptable,
ECG_CH1,2464,2018-04-12 05:01:17,2018-04-12 05:01:32,15,3000,200,0.847467,0.907179,0.000000,1.000000,Barely acceptable,
ECG_CH1,2465,2018-04-12 05:01:32,2018-04-12 05:01:47,15,3000,200,0.811804,0.892357,0.000000,1.000000,Barely acceptable,
ECG_CH1,2466,2018-04-12 05:01:47,2018-04-12 05:02:02,15,3000,200,0.842564,0.940326,0.000000,1.000000,Barely acceptable,
ECG_CH1,2467,2018-04-12 05:02:02,2018-04-12 05:02:17,15,3000,200,0.656494,0.755375,0.000000,1.000000,Barely acceptable,
ECG_CH1,2468,2018-04-12 05:02:17,2018-04-12 05:02:32,15,3000,200,0.752013,0.782149,0.000000,1.000000,Barely acceptable,
ECG_CH1,2469,2018-04-12 05:02:32,2018-04-12 05:02:47,15,3000,200,0.577579,0.630937,0.000000,1.000000,Barely acceptable,
ECG_CH1,2470,2018-04-12 05:02:47,2018-04-12 05:03:02,15,3000,200,0.694489,0.743207,0.000000,1.000000,Barely acceptable,
ECG_CH1,2471,2018-04-12 05:03:02,2018-04-12 05:03:17,15,3000,200,0.661147,0.670256,0.000000,1.000000,Barely acceptable,
ECG_CH1,2472,2018-04-12 05:03:17,2018-04-12 05:03:32,15,3000,200,0.594588,0.551823,0.000000,1.000000,Barely acceptable,
ECG_CH1,2473,2018-04-12 05:03:32,2018-04-12 05:03:47,15,3000,200,0.799290,0.865384,0.000000,1.000000,Barely acceptable,
ECG_CH1,2474,2018-04-12 05:03:47,2018-04-12 05:04:02,15,3000,200,0.751168,0.870294,0.000000,1.000000,Barely acceptable,
ECG_CH1,2475,2018-04-12 05:04:02,2018-04-12 05:04:17,15,3000,200,0.768594,0.861484,0.000000,1.000000,Barely acceptable,
ECG_CH1,2476,2018-04-12 05:04:17,2018-04-12 05:04:32,15,3000,200,0.761697,0.888474,0.000000,1.000000,Barely acceptable,
ECG_CH1,2477,2018-04-12 05:04:32,2018-04-12 05:04:47,15,3000,200,0.673098,0.766623,0.000000,1.000000,Barely acceptable,
ECG_CH1,2478,2018-04-12 05:04:47,2018-04-12 05:05:02,15,3000,200,0.731210,0.809790,0.000000,1.000000,Barely acceptable,
ECG_CH1,2479,2018-04-12 05:05:02,2018-04-12 05:05:17,15,3000,200,0.733125,0.824203,0.000000,1.000000,Barely acceptable,
ECG_CH1,2480,2018-04-12 05:05:17,2018-04-12 05:05:32,15,3000,200,0.638210,0.785988,0.000000,1.000000,Barely acceptable,
ECG_CH1,2481,2018-04-12 05:05:32,2018-04-12 05:05:47,15,3000,200,0.791924,0.904864,0.000000,1.000000,Barely acceptable,
ECG_CH1,2482,2018-04-12 05:05:47,2018-04-12 05:06:02,15,3000,200,0.699717,0.774231,0.000000,1.000000,Barely acceptable,
ECG_CH1,2483,2018-04-12 05:06:02,2018-04-12 05:06:17,15,3000,200,0.649848,0.757113,0.000000,1.000000,Barely acceptable,
ECG_CH1,2484,2018-04-12 05:06:17,2018-04-12 05:06:32,15,3000,200,0.765253,0.878949,0.000000,1.000000,Barely acceptable,
ECG_CH1,2485,2018-04-12 05:06:32,2018-04-12 05:06:47,15,3000,200,0.720781,0.733001,0.000000,1.000000,Barely acceptable,
ECG_CH1,2486,2018-04-12 05:06:47,2018-04-12 05:07:02,15,3000,200,0.808866,0.902187,0.000000,1.000000,Barely acceptable,
ECG_CH1,2487,2018-04-12 05:07:02,2018-04-12 05:07:17,15,3000,200,0.798154,0.892928,0.000000,1.000000,Barely acceptable,
ECG_CH1,2488,2018-04-12 05:07:17,2018-04-12 05:07:32,15,3000,200,0.764026,0.855189,0.000000,1.000000,Barely acceptable,
ECG_CH1,2489,2018-04-12 05:07:32,2018-04-12 05:07:47,15,3000,200,0.607180,0.770271,0.000000,1.000000,Barely acceptable,
ECG_CH1,2490,2018-04-12 05:07:47,2018-04-12 05:08:02,15,3000,200,0.817950,0.939812,0.000000,1.000000,Barely acceptable,
ECG_CH1,2491,2018-04-12 05:08:02,2018-04-12 05:08:17,15,3000,200,0.798656,0.885560,0.000000,1.000000,Barely acceptable,
ECG_CH1,2492,2018-04-12 05:08:17,2018-04-12 05:08:32,15,3000,200,0.721644,0.875598,0.000000,1.000000,Barely acceptable,
ECG_CH1,2493,2018-04-12 05:08:32,2018-04-12 05:08:47,15,3000,200,0.680851,0.657287,0.000000,1.000000,Barely acceptable,
ECG_CH1,2494,2018-04-12 05:08:47,2018-04-12 05:09:02,15,3000,200,0.598974,0.562876,0.000000,1.000000,Barely acceptable,
ECG_CH1,2495,2018-04-12 05:09:02,2018-04-12 05:09:17,15,3000,200,0.719918,0.804886,0.000000,1.000000,Unacceptable,
ECG_CH1,2496,2018-04-12 05:09:17,2018-04-12 05:09:32,15,3000,200,0.655392,0.762773,0.000000,1.000000,Barely acceptable,
ECG_CH1,2497,2018-04-12 05:09:32,2018-04-12 05:09:47,15,3000,200,0.630501,0.692028,0.000000,1.000000,Barely acceptable,
ECG_CH1,2498,2018-04-12 05:09:47,2018-04-12 05:10:02,15,3000,200,0.681639,0.783389,0.000000,1.000000,Barely acceptable,
ECG_CH1,2499,2018-04-12 05:10:02,2018-04-12 05:10:17,15,3000,200,0.716609,0.844803,0.000000,1.000000,Barely acceptable,
ECG_CH1,2500,2018-04-12 05:10:17,2018-04-12 05:10:32,15,3000,200,0.545553,0.623656,0.000000,1.000000,Barely acceptable,
ECG_CH1,2501,2018-04-12 05:10:32,2018-04-12 05:10:47,15,3000,200,0.706430,0.837809,0.000000,1.000000,Barely acceptable,
ECG_CH1,2502,2018-04-12 05:10:47,2018-04-12 05:11:02,15,3000,200,0.743916,0.841798,0.000000,1.000000,Barely acceptable,
ECG_CH1,2503,2018-04-12 05:11:02,2018-04-12 05:11:17,15,3000,200,0.756476,0.768203,0.000000,1.000000,Barely acceptable,
ECG_CH1,2504,2018-04-12 05:11:17,2018-04-12 05:11:32,15,3000,200,0.623382,0.670996,0.000000,1.000000,Barely acceptable,
ECG_CH1,2505,2018-04-12 05:11:32,2018-04-12 05:11:47,15,3000,200,0.697907,0.703036,0.000000,1.000000,Barely acceptable,
ECG_CH1,2506,2018-04-12 05:11:47,2018-04-12 05:12:02,15,3000,200,0.604717,0.661993,0.000000,1.000000,Barely acceptable,
ECG_CH1,2507,2018-04-12 05:12:02,2018-04-12 05:12:17,15,3000,200,0.697784,0.785736,0.000000,1.000000,Barely acceptable,
ECG_CH1,2508,2018-04-12 05:12:17,2018-04-12 05:12:32,15,3000,200,0.803051,0.876022,0.000000,1.000000,Barely acceptable,
ECG_CH1,2509,2018-04-12 05:12:32,2018-04-12 05:12:47,15,3000,200,0.597660,0.617437,0.000000,1.000000,Barely acceptable,
ECG_CH1,2510,2018-04-12 05:12:47,2018-04-12 05:13:02,15,3000,200,0.774944,0.920820,0.000000,1.000000,Barely acceptable,
ECG_CH1,2511,2018-04-12 05:13:02,2018-04-12 05:13:17,15,3000,200,0.642963,0.710177,0.000000,1.000000,Barely acceptable,
ECG_CH1,2512,2018-04-12 05:13:17,2018-04-12 05:13:32,15,3000,200,0.681105,0.704448,0.000000,1.000000,Barely acceptable,
ECG_CH1,2513,2018-04-12 05:13:32,2018-04-12 05:13:47,15,3000,200,0.592851,0.656926,0.000000,1.000000,Barely acceptable,
ECG_CH1,2514,2018-04-12 05:13:47,2018-04-12 05:14:02,15,3000,200,0.528460,0.532032,0.000000,1.000000,Barely acceptable,
ECG_CH1,2515,2018-04-12 05:14:02,2018-04-12 05:14:17,15,3000,200,0.600138,0.701795,0.000000,1.000000,Barely acceptable,
ECG_CH1,2516,2018-04-12 05:14:17,2018-04-12 05:14:32,15,3000,200,0.709767,0.743318,0.000000,1.000000,Barely acceptable,
ECG_CH1,2517,2018-04-12 05:14:32,2018-04-12 05:14:47,15,3000,200,0.503494,0.450456,0.000000,1.000000,Barely acceptable,
ECG_CH1,2518,2018-04-12 05:14:47,2018-04-12 05:15:02,15,3000,200,0.715613,0.851024,0.000000,1.000000,Barely acceptable,
ECG_CH1,2519,2018-04-12 05:15:02,2018-04-12 05:15:17,15,3000,200,0.628897,0.722655,0.000000,1.000000,Barely acceptable,
ECG_CH1,2520,2018-04-12 05:15:17,2018-04-12 05:15:32,15,3000,200,0.533154,0.490263,0.000000,1.000000,Barely acceptable,
ECG_CH1,2521,2018-04-12 05:15:32,2018-04-12 05:15:47,15,3000,200,0.750771,0.811277,0.000000,1.000000,Barely acceptable,
ECG_CH1,2522,2018-04-12 05:15:47,2018-04-12 05:16:02,15,3000,200,0.691263,0.772812,0.000000,1.000000,Barely acceptable,
ECG_CH1,2523,2018-04-12 05:16:02,2018-04-12 05:16:17,15,3000,200,0.489072,0.496161,0.000000,1.000000,Barely acceptable,
ECG_CH1,2524,2018-04-12 05:16:17,2018-04-12 05:16:32,15,3000,200,0.625654,0.684668,0.000000,1.000000,Barely acceptable,
ECG_CH1,2525,2018-04-12 05:16:32,2018-04-12 05:16:47,15,3000,200,0.819553,0.868273,0.000000,1.000000,Barely acceptable,
ECG_CH1,2526,2018-04-12 05:16:47,2018-04-12 05:17:02,15,3000,200,0.705781,0.825171,0.000000,1.000000,Barely acceptable,
ECG_CH1,2527,2018-04-12 05:17:02,2018-04-12 05:17:17,15,3000,200,0.675303,0.714622,0.000000,1.000000,Barely acceptable,
ECG_CH1,2528,2018-04-12 05:17:17,2018-04-12 05:17:32,15,3000,200,0.698238,0.766599,0.000000,1.000000,Barely acceptable,
ECG_CH1,2529,2018-04-12 05:17:32,2018-04-12 05:17:47,15,3000,200,0.787487,0.846867,0.000000,1.000000,Barely acceptable,
ECG_CH1,2530,2018-04-12 05:17:47,2018-04-12 05:18:02,15,3000,200,0.712183,0.790438,0.000000,1.000000,Barely acceptable,
ECG_CH1,2531,2018-04-12 05:18:02,2018-04-12 05:18:17,15,3000,200,0.685931,0.776398,0.000000,1.000000,Barely acceptable,
ECG_CH1,2532,2018-04-12 05:18:17,2018-04-12 05:18:32,15,3000,200,0.684801,0.786535,0.000000,1.000000,Barely acceptable,
ECG_CH1,2533,2018-04-12 05:18:32,2018-04-12 05:18:47,15,3000,200,0.702343,0.849060,0.000000,1.000000,Barely acceptable,
ECG_CH1,2534,2018-04-12 05:18:47,2018-04-12 05:19:02,15,3000,200,0.713602,0.761730,0.000000,1.000000,Barely acceptable,
ECG_CH1,2535,2018-04-12 05:19:02,2018-04-12 05:19:17,15,3000,200,0.729204,0.861448,0.000000,1.000000,Barely acceptable,
ECG_CH1,2536,2018-04-12 05:19:17,2018-04-12 05:19:32,15,3000,200,0.687705,0.797112,0.000000,1.000000,Barely acceptable,
ECG_CH1,2537,2018-04-12 05:19:32,2018-04-12 05:19:47,15,3000,200,0.626957,0.715496,0.000000,1.000000,Barely acceptable,
ECG_CH1,2538,2018-04-12 05:19:47,2018-04-12 05:20:02,15,3000,200,0.616636,0.705475,0.000000,1.000000,Barely acceptable,
ECG_CH1,2539,2018-04-12 05:20:02,2018-04-12 05:20:17,15,3000,200,0.713985,0.784061,0.000000,1.000000,Barely acceptable,
ECG_CH1,2540,2018-04-12 05:20:17,2018-04-12 05:20:32,15,3000,200,0.618484,0.703541,0.000000,1.000000,Barely acceptable,
ECG_CH1,2541,2018-04-12 05:20:32,2018-04-12 05:20:47,15,3000,200,0.802310,0.888938,0.000000,1.000000,Barely acceptable,
ECG_CH1,2542,2018-04-12 05:20:47,2018-04-12 05:21:02,15,3000,200,0.567752,0.612401,0.000000,1.000000,Barely acceptable,
ECG_CH1,2543,2018-04-12 05:21:02,2018-04-12 05:21:17,15,3000,200,0.472043,0.518136,0.000000,1.000000,Barely acceptable,
ECG_CH1,2544,2018-04-12 05:21:17,2018-04-12 05:21:32,15,3000,200,0.781340,0.934716,0.000000,1.000000,Barely acceptable,
ECG_CH1,2545,2018-04-12 05:21:32,2018-04-12 05:21:47,15,3000,200,0.701651,0.822860,0.000000,1.000000,Barely acceptable,
ECG_CH1,2546,2018-04-12 05:21:47,2018-04-12 05:22:02,15,3000,200,0.726635,0.846182,0.000000,1.000000,Barely acceptable,
ECG_CH1,2547,2018-04-12 05:22:02,2018-04-12 05:22:17,15,3000,200,0.681728,0.771039,0.000000,1.000000,Barely acceptable,
ECG_CH1,2548,2018-04-12 05:22:17,2018-04-12 05:22:32,15,3000,200,0.664141,0.702540,0.000000,1.000000,Barely acceptable,
ECG_CH1,2549,2018-04-12 05:22:32,2018-04-12 05:22:47,15,3000,200,0.775191,0.914831,0.000000,1.000000,Barely acceptable,
ECG_CH1,2550,2018-04-12 05:22:47,2018-04-12 05:23:02,15,3000,200,0.628989,0.660804,0.000000,1.000000,Barely acceptable,
ECG_CH1,2551,2018-04-12 05:23:02,2018-04-12 05:23:17,15,3000,200,0.762006,0.845121,0.000000,1.000000,Barely acceptable,
ECG_CH1,2552,2018-04-12 05:23:17,2018-04-12 05:23:32,15,3000,200,0.582722,0.560007,0.000000,1.000000,Barely acceptable,
ECG_CH1,2553,2018-04-12 05:23:32,2018-04-12 05:23:47,15,3000,200,0.839450,0.905630,0.000000,1.000000,Barely acceptable,
ECG_CH1,2554,2018-04-12 05:23:47,2018-04-12 05:24:02,15,3000,200,0.707766,0.735626,0.000000,1.000000,Barely acceptable,
ECG_CH1,2555,2018-04-12 05:24:02,2018-04-12 05:24:17,15,3000,200,0.688209,0.736987,0.000000,1.000000,Barely acceptable,
ECG_CH1,2556,2018-04-12 05:24:17,2018-04-12 05:24:32,15,3000,200,0.744747,0.850518,0.000000,1.000000,Barely acceptable,
ECG_CH1,2557,2018-04-12 05:24:32,2018-04-12 05:24:47,15,3000,200,0.614776,0.684335,0.000000,1.000000,Barely acceptable,
ECG_CH1,2558,2018-04-12 05:24:47,2018-04-12 05:25:02,15,3000,200,0.730266,0.814903,0.000000,1.000000,Barely acceptable,
ECG_CH1,2559,2018-04-12 05:25:02,2018-04-12 05:25:17,15,3000,200,0.721516,0.835138,0.000000,1.000000,Barely acceptable,
ECG_CH1,2560,2018-04-12 05:25:17,2018-04-12 05:25:32,15,3000,200,0.539374,0.566902,0.000000,1.000000,Barely acceptable,
ECG_CH1,2561,2018-04-12 05:25:32,2018-04-12 05:25:47,15,3000,200,0.637892,0.637299,0.000000,1.000000,Barely acceptable,
ECG_CH1,2562,2018-04-12 05:25:47,2018-04-12 05:26:02,15,3000,200,0.705750,0.845655,0.000000,1.000000,Barely acceptable,
ECG_CH1,2563,2018-04-12 05:26:02,2018-04-12 05:26:17,15,3000,200,0.522388,0.578856,0.000000,1.000000,Barely acceptable,
ECG_CH1,2564,2018-04-12 05:26:17,2018-04-12 05:26:32,15,3000,200,0.693449,0.845142,0.000000,1.000000,Barely acceptable,
ECG_CH1,2565,2018-04-12 05:26:32,2018-04-12 05:26:47,15,3000,200,0.522380,0.567209,0.000000,1.000000,Barely acceptable,
ECG_CH1,2566,2018-04-12 05:26:47,2018-04-12 05:27:02,15,3000,200,0.645793,0.731114,0.000000,1.000000,Barely acceptable,
ECG_CH1,2567,2018-04-12 05:27:02,2018-04-12 05:27:17,15,3000,200,0.811264,0.933559,0.000000,1.000000,Barely acceptable,
ECG_CH1,2568,2018-04-12 05:27:17,2018-04-12 05:27:32,15,3000,200,0.828844,0.914594,0.000000,1.000000,Barely acceptable,
ECG_CH1,2569,2018-04-12 05:27:32,2018-04-12 05:27:47,15,3000,200,0.739682,0.814640,0.000000,1.000000,Barely acceptable,
ECG_CH1,2570,2018-04-12 05:27:47,2018-04-12 05:28:02,15,3000,200,0.846068,0.909453,0.000000,1.000000,Barely acceptable,
ECG_CH1,2571,2018-04-12 05:28:02,2018-04-12 05:28:17,15,3000,200,0.758004,0.923244,0.000000,1.000000,Barely acceptable,
ECG_CH1,2572,2018-04-12 05:28:17,2018-04-12 05:28:32,15,3000,200,0.505638,0.517310,0.000000,1.000000,Barely acceptable,
ECG_CH1,2573,2018-04-12 05:28:32,2018-04-12 05:28:47,15,3000,200,0.674647,0.769015,0.000000,1.000000,Barely acceptable,
ECG_CH1,2574,2018-04-12 05:28:47,2018-04-12 05:29:02,15,3000,200,0.607231,0.590801,0.000000,1.000000,Barely acceptable,
ECG_CH1,2575,2018-04-12 05:29:02,2018-04-12 05:29:17,15,3000,200,0.833611,0.928926,0.000000,1.000000,Barely acceptable,
ECG_CH1,2576,2018-04-12 05:29:17,2018-04-12 05:29:32,15,3000,200,0.806895,0.919074,0.000000,1.000000,Barely acceptable,
ECG_CH1,2577,2018-04-12 05:29:32,2018-04-12 05:29:47,15,3000,200,0.723299,0.833090,0.000000,1.000000,Barely acceptable,
ECG_CH1,2578,2018-04-12 05:29:47,2018-04-12 05:30:02,15,3000,200,0.735369,0.905438,0.000000,1.000000,Barely acceptable,
ECG_CH1,2579,2018-04-12 05:30:02,2018-04-12 05:30:17,15,3000,200,0.668352,0.681957,0.000000,1.000000,Barely acceptable,
ECG_CH1,2580,2018-04-12 05:30:17,2018-04-12 05:30:32,15,3000,200,0.715963,0.833116,0.000000,1.000000,Barely acceptable,
ECG_CH1,2581,2018-04-12 05:30:32,2018-04-12 05:30:47,15,3000,200,0.548010,0.594548,0.000000,1.000000,Barely acceptable,
ECG_CH1,2582,2018-04-12 05:30:47,2018-04-12 05:31:02,15,3000,200,0.666479,0.821987,0.000000,1.000000,Barely acceptable,
ECG_CH1,2583,2018-04-12 05:31:02,2018-04-12 05:31:17,15,3000,200,0.697284,0.757516,0.000000,1.000000,Barely acceptable,
ECG_CH1,2584,2018-04-12 05:31:17,2018-04-12 05:31:32,15,3000,200,0.792398,0.869635,0.000000,1.000000,Barely acceptable,
ECG_CH1,2585,2018-04-12 05:31:32,2018-04-12 05:31:47,15,3000,200,0.713568,0.757127,0.000000,1.000000,Barely acceptable,
ECG_CH1,2586,2018-04-12 05:31:47,2018-04-12 05:32:02,15,3000,200,0.747153,0.821155,0.000000,1.000000,Barely acceptable,
ECG_CH1,2587,2018-04-12 05:32:02,2018-04-12 05:32:17,15,3000,200,0.819792,0.936318,0.000000,1.000000,Barely acceptable,
ECG_CH1,2588,2018-04-12 05:32:17,2018-04-12 05:32:32,15,3000,200,0.699785,0.814564,0.000000,1.000000,Barely acceptable,
ECG_CH1,2589,2018-04-12 05:32:32,2018-04-12 05:32:47,15,3000,200,0.723847,0.850234,0.000000,1.000000,Barely acceptable,
ECG_CH1,2590,2018-04-12 05:32:47,2018-04-12 05:33:02,15,3000,200,0.698561,0.771154,0.000000,1.000000,Barely acceptable,
ECG_CH1,2591,2018-04-12 05:33:02,2018-04-12 05:33:17,15,3000,200,0.599228,0.667937,0.000000,1.000000,Barely acceptable,
ECG_CH1,2592,2018-04-12 05:33:17,2018-04-12 05:33:32,15,3000,200,0.761072,0.913279,0.000000,1.000000,Barely acceptable,
ECG_CH1,2593,2018-04-12 05:33:32,2018-04-12 05:33:47,15,3000,200,0.730032,0.804554,0.000000,1.000000,Barely acceptable,
ECG_CH1,2594,2018-04-12 05:33:47,2018-04-12 05:34:02,15,3000,200,0.668553,0.772717,0.000000,1.000000,Barely acceptable,
ECG_CH1,2595,2018-04-12 05:34:02,2018-04-12 05:34:17,15,3000,200,0.566872,0.624981,0.000000,1.000000,Barely acceptable,
ECG_CH1,2596,2018-04-12 05:34:17,2018-04-12 05:34:32,15,3000,200,0.777866,0.887741,0.000000,1.000000,Barely acceptable,
ECG_CH1,2597,2018-04-12 05:34:32,2018-04-12 05:34:47,15,3000,200,0.709666,0.795599,0.000000,1.000000,Barely acceptable,
ECG_CH1,2598,2018-04-12 05:34:47,2018-04-12 05:35:02,15,3000,200,0.695451,0.831474,0.000000,1.000000,Barely acceptable,
ECG_CH1,2599,2018-04-12 05:35:02,2018-04-12 05:35:17,15,3000,200,0.740688,0.798076,0.000000,1.000000,Barely acceptable,
ECG_CH1,2600,2018-04-12 05:35:17,2018-04-12 05:35:32,15,3000,200,0.788622,0.883827,0.000000,1.000000,Barely acceptable,
ECG_CH1,2601,2018-04-12 05:35:32,2018-04-12 05:35:47,15,3000,200,0.794932,0.857362,0.000000,1.000000,Barely acceptable,
ECG_CH1,2602,2018-04-12 05:35:47,2018-04-12 05:36:02,15,3000,200,0.776345,0.854054,0.000000,1.000000,Barely acceptable,
ECG_CH1,2603,2018-04-12 05:36:02,2018-04-12 05:36:17,15,3000,200,0.647196,0.623526,0.000000,1.000000,Barely acceptable,
ECG_CH1,2604,2018-04-12 05:36:17,2018-04-12 05:36:32,15,3000,200,0.641272,0.703744,0.000000,1.000000,Barely acceptable,
ECG_CH1,2605,2018-04-12 05:36:32,2018-04-12 05:36:47,15,3000,200,0.731091,0.847494,0.000000,1.000000,Barely acceptable,
ECG_CH1,2606,2018-04-12 05:36:47,2018-04-12 05:37:02,15,3000,200,0.551179,0.550899,0.000000,1.000000,Barely acceptable,
ECG_CH1,2607,2018-04-12 05:37:02,2018-04-12 05:37:17,15,3000,200,0.656556,0.750408,0.000000,1.000000,Barely acceptable,
ECG_CH1,2608,2018-04-12 05:37:17,2018-04-12 05:37:32,15,3000,200,0.633483,0.732370,0.000000,1.000000,Barely acceptable,
ECG_CH1,2609,2018-04-12 05:37:32,2018-04-12 05:37:47,15,3000,200,0.762517,0.848303,0.000000,1.000000,Barely acceptable,
ECG_CH1,2610,2018-04-12 05:37:47,2018-04-12 05:38:02,15,3000,200,0.690709,0.756651,0.000000,1.000000,Barely acceptable,
ECG_CH1,2611,2018-04-12 05:38:02,2018-04-12 05:38:17,15,3000,200,0.809480,0.905027,0.000000,1.000000,Barely acceptable,
ECG_CH1,2612,2018-04-12 05:38:17,2018-04-12 05:38:32,15,3000,200,0.647478,0.747671,0.000000,1.000000,Barely acceptable,
ECG_CH1,2613,2018-04-12 05:38:32,2018-04-12 05:38:47,15,3000,200,0.743879,0.869135,0.000000,1.000000,Barely acceptable,
ECG_CH1,2614,2018-04-12 05:38:47,2018-04-12 05:39:02,15,3000,200,0.742141,0.806573,0.000000,1.000000,Barely acceptable,
ECG_CH1,2615,2018-04-12 05:39:02,2018-04-12 05:39:17,15,3000,200,0.685678,0.745237,0.000000,1.000000,Barely acceptable,
ECG_CH1,2616,2018-04-12 05:39:17,2018-04-12 05:39:32,15,3000,200,0.799999,0.948583,0.000000,1.000000,Barely acceptable,
ECG_CH1,2617,2018-04-12 05:39:32,2018-04-12 05:39:47,15,3000,200,0.633684,0.768804,0.000000,1.000000,Barely acceptable,
ECG_CH1,2618,2018-04-12 05:39:47,2018-04-12 05:40:02,15,3000,200,0.660635,0.718597,0.000000,1.000000,Barely acceptable,
ECG_CH1,2619,2018-04-12 05:40:02,2018-04-12 05:40:17,15,3000,200,0.741150,0.831716,0.000000,1.000000,Barely acceptable,
ECG_CH1,2620,2018-04-12 05:40:17,2018-04-12 05:40:32,15,3000,200,0.778664,0.843285,0.000000,1.000000,Barely acceptable,
ECG_CH1,2621,2018-04-12 05:40:32,2018-04-12 05:40:47,15,3000,200,0.709141,0.782018,0.000000,1.000000,Barely acceptable,
ECG_CH1,2622,2018-04-12 05:40:47,2018-04-12 05:41:02,15,3000,200,0.780995,0.885298,0.000000,1.000000,Barely acceptable,
ECG_CH1,2623,2018-04-12 05:41:02,2018-04-12 05:41:17,15,3000,200,0.781355,0.846513,0.000000,1.000000,Barely acceptable,
ECG_CH1,2624,2018-04-12 05:41:17,2018-04-12 05:41:32,15,3000,200,0.728411,0.847241,0.000000,1.000000,Barely acceptable,
ECG_CH1,2625,2018-04-12 05:41:32,2018-04-12 05:41:47,15,3000,200,0.742269,0.845379,0.000000,1.000000,Barely acceptable,
ECG_CH1,2626,2018-04-12 05:41:47,2018-04-12 05:42:02,15,3000,200,0.806958,0.914293,0.000000,1.000000,Barely acceptable,
ECG_CH1,2627,2018-04-12 05:42:02,2018-04-12 05:42:17,15,3000,200,0.570962,0.705733,0.000000,1.000000,Barely acceptable,
ECG_CH1,2628,2018-04-12 05:42:17,2018-04-12 05:42:32,15,3000,200,0.793603,0.867370,0.000000,1.000000,Barely acceptable,
ECG_CH1,2629,2018-04-12 05:42:32,2018-04-12 05:42:47,15,3000,200,0.642460,0.750921,0.000000,1.000000,Barely acceptable,
ECG_CH1,2630,2018-04-12 05:42:47,2018-04-12 05:43:02,15,3000,200,0.638097,0.756262,0.000000,1.000000,Barely acceptable,
ECG_CH1,2631,2018-04-12 05:43:02,2018-04-12 05:43:17,15,3000,200,0.692889,0.850510,0.000000,1.000000,Barely acceptable,
ECG_CH1,2632,2018-04-12 05:43:17,2018-04-12 05:43:32,15,3000,200,0.714627,0.799445,0.000000,1.000000,Barely acceptable,
ECG_CH1,2633,2018-04-12 05:43:32,2018-04-12 05:43:47,15,3000,200,0.691008,0.809171,0.000000,1.000000,Barely acceptable,
ECG_CH1,2634,2018-04-12 05:43:47,2018-04-12 05:44:02,15,3000,200,0.570727,0.547605,0.000000,1.000000,Barely acceptable,
ECG_CH1,2635,2018-04-12 05:44:02,2018-04-12 05:44:17,15,3000,200,0.509529,0.555738,0.000000,1.000000,Barely acceptable,
ECG_CH1,2636,2018-04-12 05:44:17,2018-04-12 05:44:32,15,3000,200,0.668455,0.681387,0.000000,1.000000,Barely acceptable,
ECG_CH1,2637,2018-04-12 05:44:32,2018-04-12 05:44:47,15,3000,200,0.566247,0.580422,0.000000,1.000000,Barely acceptable,
ECG_CH1,2638,2018-04-12 05:44:47,2018-04-12 05:45:02,15,3000,200,0.663605,0.818658,0.000000,1.000000,Barely acceptable,
ECG_CH1,2639,2018-04-12 05:45:02,2018-04-12 05:45:17,15,3000,200,0.790920,0.856089,0.000000,1.000000,Barely acceptable,
ECG_CH1,2640,2018-04-12 05:45:17,2018-04-12 05:45:32,15,3000,200,0.831563,0.891315,0.000000,1.000000,Barely acceptable,
ECG_CH1,2641,2018-04-12 05:45:32,2018-04-12 05:45:47,15,3000,200,0.710441,0.792565,0.000000,1.000000,Barely acceptable,
ECG_CH1,2642,2018-04-12 05:45:47,2018-04-12 05:46:02,15,3000,200,0.677790,0.751026,0.000000,1.000000,Barely acceptable,
ECG_CH1,2643,2018-04-12 05:46:02,2018-04-12 05:46:17,15,3000,200,0.735024,0.780987,0.000000,1.000000,Barely acceptable,
ECG_CH1,2644,2018-04-12 05:46:17,2018-04-12 05:46:32,15,3000,200,0.741910,0.792330,0.000000,1.000000,Barely acceptable,
ECG_CH1,2645,2018-04-12 05:46:32,2018-04-12 05:46:47,15,3000,200,0.687084,0.765331,0.000000,1.000000,Barely acceptable,
ECG_CH1,2646,2018-04-12 05:46:47,2018-04-12 05:47:02,15,3000,200,0.777689,0.862572,0.000000,1.000000,Barely acceptable,
ECG_CH1,2647,2018-04-12 05:47:02,2018-04-12 05:47:17,15,3000,200,0.567960,0.541170,0.000000,1.000000,Barely acceptable,
ECG_CH1,2648,2018-04-12 05:47:17,2018-04-12 05:47:32,15,3000,200,0.717334,0.783109,0.000000,1.000000,Barely acceptable,
ECG_CH1,2649,2018-04-12 05:47:32,2018-04-12 05:47:47,15,3000,200,0.675951,0.759762,0.000000,1.000000,Barely acceptable,
ECG_CH1,2650,2018-04-12 05:47:47,2018-04-12 05:48:02,15,3000,200,0.718550,0.788736,0.000000,1.000000,Barely acceptable,
ECG_CH1,2651,2018-04-12 05:48:02,2018-04-12 05:48:17,15,3000,200,0.730248,0.861912,0.000000,1.000000,Barely acceptable,
ECG_CH1,2652,2018-04-12 05:48:17,2018-04-12 05:48:32,15,3000,200,0.745445,0.850992,0.000000,1.000000,Barely acceptable,
ECG_CH1,2653,2018-04-12 05:48:32,2018-04-12 05:48:47,15,3000,200,0.718675,0.751980,0.000000,1.000000,Barely acceptable,
ECG_CH1,2654,2018-04-12 05:48:47,2018-04-12 05:49:02,15,3000,200,0.742115,0.853300,0.000000,1.000000,Barely acceptable,
ECG_CH1,2655,2018-04-12 05:49:02,2018-04-12 05:49:17,15,3000,200,0.703021,0.854559,0.000000,1.000000,Barely acceptable,
ECG_CH1,2656,2018-04-12 05:49:17,2018-04-12 05:49:32,15,3000,200,0.693464,0.841586,0.000000,1.000000,Barely acceptable,
ECG_CH1,2657,2018-04-12 05:49:32,2018-04-12 05:49:47,15,3000,200,0.585757,0.753329,0.000000,1.000000,Barely acceptable,
ECG_CH1,2658,2018-04-12 05:49:47,2018-04-12 05:50:02,15,3000,200,0.691100,0.849595,0.000000,1.000000,Barely acceptable,
ECG_CH1,2659,2018-04-12 05:50:02,2018-04-12 05:50:17,15,3000,200,0.728669,0.862265,0.000000,1.000000,Barely acceptable,
ECG_CH1,2660,2018-04-12 05:50:17,2018-04-12 05:50:32,15,3000,200,0.733922,0.855627,0.000000,1.000000,Barely acceptable,
ECG_CH1,2661,2018-04-12 05:50:32,2018-04-12 05:50:47,15,3000,200,0.733515,0.818920,0.000000,1.000000,Barely acceptable,
ECG_CH1,2662,2018-04-12 05:50:47,2018-04-12 05:51:02,15,3000,200,0.550387,0.585964,0.000000,1.000000,Barely acceptable,
ECG_CH1,2663,2018-04-12 05:51:02,2018-04-12 05:51:17,15,3000,200,0.801143,0.897977,0.000000,1.000000,Barely acceptable,
ECG_CH1,2664,2018-04-12 05:51:17,2018-04-12 05:51:32,15,3000,200,0.799110,0.894113,0.000000,1.000000,Barely acceptable,
ECG_CH1,2665,2018-04-12 05:51:32,2018-04-12 05:51:47,15,3000,200,0.729622,0.803198,0.000000,1.000000,Barely acceptable,
ECG_CH1,2666,2018-04-12 05:51:47,2018-04-12 05:52:02,15,3000,200,0.576603,0.617241,0.000000,1.000000,Barely acceptable,
ECG_CH1,2667,2018-04-12 05:52:02,2018-04-12 05:52:17,15,3000,200,0.773149,0.901021,0.000000,1.000000,Barely acceptable,
ECG_CH1,2668,2018-04-12 05:52:17,2018-04-12 05:52:32,15,3000,200,0.750586,0.855724,0.000000,1.000000,Barely acceptable,
ECG_CH1,2669,2018-04-12 05:52:32,2018-04-12 05:52:47,15,3000,200,0.604678,0.656688,0.000000,1.000000,Barely acceptable,
ECG_CH1,2670,2018-04-12 05:52:47,2018-04-12 05:53:02,15,3000,200,0.651345,0.803774,0.000000,1.000000,Barely acceptable,
ECG_CH1,2671,2018-04-12 05:53:02,2018-04-12 05:53:17,15,3000,200,0.661047,0.730963,0.000000,1.000000,Barely acceptable,
ECG_CH1,2672,2018-04-12 05:53:17,2018-04-12 05:53:32,15,3000,200,0.545828,0.589430,0.000000,1.000000,Barely acceptable,
ECG_CH1,2673,2018-04-12 05:53:32,2018-04-12 05:53:47,15,3000,200,0.717730,0.811758,0.000000,1.000000,Barely acceptable,
ECG_CH1,2674,2018-04-12 05:53:47,2018-04-12 05:54:02,15,3000,200,0.604754,0.673199,0.000000,1.000000,Barely acceptable,
ECG_CH1,2675,2018-04-12 05:54:02,2018-04-12 05:54:17,15,3000,200,0.776590,0.859831,0.000000,1.000000,Barely acceptable,
ECG_CH1,2676,2018-04-12 05:54:17,2018-04-12 05:54:32,15,3000,200,0.704891,0.806026,0.000000,1.000000,Barely acceptable,
ECG_CH1,2677,2018-04-12 05:54:32,2018-04-12 05:54:47,15,3000,200,0.722479,0.727512,0.000000,1.000000,Barely acceptable,
ECG_CH1,2678,2018-04-12 05:54:47,2018-04-12 05:55:02,15,3000,200,0.604610,0.771263,0.000000,1.000000,Barely acceptable,
ECG_CH1,2679,2018-04-12 05:55:02,2018-04-12 05:55:17,15,3000,200,0.584721,0.720420,0.000000,1.000000,Barely acceptable,
ECG_CH1,2680,2018-04-12 05:55:17,2018-04-12 05:55:32,15,3000,200,0.575996,0.634961,0.000000,1.000000,Barely acceptable,
ECG_CH1,2681,2018-04-12 05:55:32,2018-04-12 05:55:47,15,3000,200,0.665903,0.759283,0.000000,1.000000,Barely acceptable,
ECG_CH1,2682,2018-04-12 05:55:47,2018-04-12 05:56:02,15,3000,200,0.682997,0.656809,0.000000,1.000000,Barely acceptable,
ECG_CH1,2683,2018-04-12 05:56:02,2018-04-12 05:56:17,15,3000,200,0.694836,0.835750,0.000000,1.000000,Barely acceptable,
ECG_CH1,2684,2018-04-12 05:56:17,2018-04-12 05:56:32,15,3000,200,0.642037,0.752919,0.000000,1.000000,Barely acceptable,
ECG_CH1,2685,2018-04-12 05:56:32,2018-04-12 05:56:47,15,3000,200,0.618242,0.725777,0.000000,1.000000,Barely acceptable,
ECG_CH1,2686,2018-04-12 05:56:47,2018-04-12 05:57:02,15,3000,200,0.555738,0.656531,0.000000,1.000000,Barely acceptable,
ECG_CH1,2687,2018-04-12 05:57:02,2018-04-12 05:57:17,15,3000,200,0.682618,0.760226,0.000000,1.000000,Barely acceptable,
ECG_CH1,2688,2018-04-12 05:57:17,2018-04-12 05:57:32,15,3000,200,0.617942,0.686904,0.000000,1.000000,Barely acceptable,
ECG_CH1,2689,2018-04-12 05:57:32,2018-04-12 05:57:47,15,3000,200,0.680235,0.768201,0.000000,1.000000,Barely acceptable,
ECG_CH1,2690,2018-04-12 05:57:47,2018-04-12 05:58:02,15,3000,200,0.734195,0.775701,0.000000,1.000000,Barely acceptable,
ECG_CH1,2691,2018-04-12 05:58:02,2018-04-12 05:58:17,15,3000,200,0.636229,0.676331,0.000000,1.000000,Barely acceptable,
ECG_CH1,2692,2018-04-12 05:58:17,2018-04-12 05:58:32,15,3000,200,0.699958,0.752433,0.000000,1.000000,Barely acceptable,
ECG_CH1,2693,2018-04-12 05:58:32,2018-04-12 05:58:47,15,3000,200,0.792012,0.859809,0.000000,1.000000,Barely acceptable,
ECG_CH1,2694,2018-04-12 05:58:47,2018-04-12 05:59:02,15,3000,200,0.692902,0.774594,0.000000,1.000000,Barely acceptable,
ECG_CH1,2695,2018-04-12 05:59:02,2018-04-12 05:59:17,15,3000,200,0.789262,0.856883,0.000000,1.000000,Barely acceptable,
ECG_CH1,2696,2018-04-12 05:59:17,2018-04-12 05:59:32,15,3000,200,0.603925,0.646453,0.000000,1.000000,Barely acceptable,
ECG_CH1,2697,2018-04-12 05:59:32,2018-04-12 05:59:47,15,3000,200,0.610344,0.672469,0.000000,1.000000,Barely acceptable,
ECG_CH1,2698,2018-04-12 05:59:47,2018-04-12 06:00:02,15,3000,200,0.724775,0.815842,0.000000,1.000000,Barely acceptable,
ECG_CH1,2699,2018-04-12 06:00:02,2018-04-12 06:00:17,15,3000,200,0.781403,0.886977,0.000000,1.000000,Barely acceptable,
ECG_CH1,2700,2018-04-12 06:00:17,2018-04-12 06:00:32,15,3000,200,0.596944,0.628385,0.000000,1.000000,Barely acceptable,
ECG_CH1,2701,2018-04-12 06:00:32,2018-04-12 06:00:47,15,3000,200,0.709357,0.844383,0.000000,1.000000,Barely acceptable,
ECG_CH1,2702,2018-04-12 06:00:47,2018-04-12 06:01:02,15,3000,200,0.607968,0.640887,0.000000,1.000000,Barely acceptable,
ECG_CH1,2703,2018-04-12 06:01:02,2018-04-12 06:01:17,15,3000,200,0.734085,0.742748,0.000000,1.000000,Barely acceptable,
ECG_CH1,2704,2018-04-12 06:01:17,2018-04-12 06:01:32,15,3000,200,0.736620,0.846917,0.000000,1.000000,Excellent,
ECG_CH1,2705,2018-04-12 06:01:32,2018-04-12 06:01:47,15,3000,200,0.708461,0.829258,0.000000,1.000000,Barely acceptable,
ECG_CH1,2706,2018-04-12 06:01:47,2018-04-12 06:02:02,15,3000,200,0.671206,0.698604,0.000000,1.000000,Barely acceptable,
ECG_CH1,2707,2018-04-12 06:02:02,2018-04-12 06:02:17,15,3000,200,0.597488,0.644204,0.000000,1.000000,Barely acceptable,
ECG_CH1,2708,2018-04-12 06:02:17,2018-04-12 06:02:32,15,3000,200,0.683388,0.767831,0.000000,1.000000,Barely acceptable,
ECG_CH1,2709,2018-04-12 06:02:32,2018-04-12 06:02:47,15,3000,200,0.726658,0.880257,0.000000,1.000000,Barely acceptable,
ECG_CH1,2710,2018-04-12 06:02:47,2018-04-12 06:03:02,15,3000,200,0.633409,0.713849,0.000000,1.000000,Barely acceptable,
ECG_CH1,2711,2018-04-12 06:03:02,2018-04-12 06:03:17,15,3000,200,0.629016,0.629317,0.000000,1.000000,Barely acceptable,
ECG_CH1,2712,2018-04-12 06:03:17,2018-04-12 06:03:32,15,3000,200,0.769126,0.870080,0.000000,1.000000,Barely acceptable,
ECG_CH1,2713,2018-04-12 06:03:32,2018-04-12 06:03:47,15,3000,200,0.665636,0.742661,0.000000,1.000000,Barely acceptable,
ECG_CH1,2714,2018-04-12 06:03:47,2018-04-12 06:04:02,15,3000,200,0.779457,0.828479,0.000000,1.000000,Barely acceptable,
ECG_CH1,2715,2018-04-12 06:04:02,2018-04-12 06:04:17,15,3000,200,0.592930,0.735251,0.000000,1.000000,Barely acceptable,
ECG_CH1,2716,2018-04-12 06:04:17,2018-04-12 06:04:32,15,3000,200,0.590168,0.591236,0.000000,1.000000,Barely acceptable,
ECG_CH1,2717,2018-04-12 06:04:32,2018-04-12 06:04:47,15,3000,200,0.760426,0.832359,0.000000,1.000000,Barely acceptable,
ECG_CH1,2718,2018-04-12 06:04:47,2018-04-12 06:05:02,15,3000,200,0.672977,0.642701,0.000000,1.000000,Barely acceptable,
ECG_CH1,2719,2018-04-12 06:05:02,2018-04-12 06:05:17,15,3000,200,0.752935,0.831515,0.000000,1.000000,Unacceptable,
ECG_CH1,2720,2018-04-12 06:05:17,2018-04-12 06:05:32,15,3000,200,0.731199,0.837883,0.000000,1.000000,Barely acceptable,
ECG_CH1,2721,2018-04-12 06:05:32,2018-04-12 06:05:47,15,3000,200,0.540647,0.456530,0.000000,1.000000,Barely acceptable,
ECG_CH1,2722,2018-04-12 06:05:47,2018-04-12 06:06:02,15,3000,200,0.718098,0.820567,0.000000,1.000000,Barely acceptable,
ECG_CH1,2723,2018-04-12 06:06:02,2018-04-12 06:06:17,15,3000,200,0.745237,0.856854,0.000000,1.000000,Barely acceptable,
ECG_CH1,2724,2018-04-12 06:06:17,2018-04-12 06:06:32,15,3000,200,0.754688,0.906005,0.000000,1.000000,Barely acceptable,
ECG_CH1,2725,2018-04-12 06:06:32,2018-04-12 06:06:47,15,3000,200,0.838342,0.929011,0.000000,1.000000,Barely acceptable,
ECG_CH1,2726,2018-04-12 06:06:47,2018-04-12 06:07:02,15,3000,200,0.609175,0.699601,0.000000,1.000000,Barely acceptable,
ECG_CH1,2727,2018-04-12 06:07:02,2018-04-12 06:07:17,15,3000,200,0.597726,0.635177,0.000000,1.000000,Barely acceptable,
ECG_CH1,2728,2018-04-12 06:07:17,2018-04-12 06:07:32,15,3000,200,0.612328,0.709196,0.000000,1.000000,Barely acceptable,
ECG_CH1,2729,2018-04-12 06:07:32,2018-04-12 06:07:47,15,3000,200,0.727278,0.786975,0.000000,1.000000,Barely acceptable,
ECG_CH1,2730,2018-04-12 06:07:47,2018-04-12 06:08:02,15,3000,200,0.688385,0.754799,0.000000,1.000000,Barely acceptable,
ECG_CH1,2731,2018-04-12 06:08:02,2018-04-12 06:08:17,15,3000,200,0.685136,0.733360,0.000000,1.000000,Barely acceptable,
ECG_CH1,2732,2018-04-12 06:08:17,2018-04-12 06:08:32,15,3000,200,0.696757,0.752946,0.000000,1.000000,Barely acceptable,
ECG_CH1,2733,2018-04-12 06:08:32,2018-04-12 06:08:47,15,3000,200,0.673552,0.739066,0.000000,1.000000,Barely acceptable,
ECG_CH1,2734,2018-04-12 06:08:47,2018-04-12 06:09:02,15,3000,200,0.554171,0.584766,0.000000,1.000000,Barely acceptable,
ECG_CH1,2735,2018-04-12 06:09:02,2018-04-12 06:09:17,15,3000,200,0.762758,0.881182,0.000000,1.000000,Barely acceptable,
ECG_CH1,2736,2018-04-12 06:09:17,2018-04-12 06:09:32,15,3000,200,0.666020,0.784876,0.000000,1.000000,Barely acceptable,
ECG_CH1,2737,2018-04-12 06:09:32,2018-04-12 06:09:47,15,3000,200,0.607348,0.614615,0.000000,1.000000,Barely acceptable,
ECG_CH1,2738,2018-04-12 06:09:47,2018-04-12 06:10:02,15,3000,200,0.782870,0.839024,0.000000,1.000000,Barely acceptable,
ECG_CH1,2739,2018-04-12 06:10:02,2018-04-12 06:10:17,15,3000,200,0.605324,0.682916,0.000000,1.000000,Barely acceptable,
ECG_CH1,2740,2018-04-12 06:10:17,2018-04-12 06:10:32,15,3000,200,0.553770,0.604063,0.000000,1.000000,Barely acceptable,
ECG_CH1,2741,2018-04-12 06:10:32,2018-04-12 06:10:47,15,3000,200,0.792057,0.883121,0.000000,1.000000,Barely acceptable,
ECG_CH1,2742,2018-04-12 06:10:47,2018-04-12 06:11:02,15,3000,200,0.791368,0.864935,0.000000,1.000000,Barely acceptable,
ECG_CH1,2743,2018-04-12 06:11:02,2018-04-12 06:11:17,15,3000,200,0.825738,0.900474,0.000000,1.000000,Barely acceptable,
ECG_CH1,2744,2018-04-12 06:11:17,2018-04-12 06:11:32,15,3000,200,0.701335,0.678327,0.000000,1.000000,Barely acceptable,
ECG_CH1,2745,2018-04-12 06:11:32,2018-04-12 06:11:47,15,3000,200,0.619799,0.709347,0.000000,1.000000,Barely acceptable,
ECG_CH1,2746,2018-04-12 06:11:47,2018-04-12 06:12:02,15,3000,200,0.622995,0.654476,0.000000,1.000000,Barely acceptable,
ECG_CH1,2747,2018-04-12 06:12:02,2018-04-12 06:12:17,15,3000,200,0.802584,0.918485,0.000000,1.000000,Barely acceptable,
ECG_CH1,2748,2018-04-12 06:12:17,2018-04-12 06:12:32,15,3000,200,0.741755,0.812830,0.000000,1.000000,Barely acceptable,
ECG_CH1,2749,2018-04-12 06:12:32,2018-04-12 06:12:47,15,3000,200,0.628283,0.778253,0.000000,1.000000,Barely acceptable,
ECG_CH1,2750,2018-04-12 06:12:47,2018-04-12 06:13:02,15,3000,200,0.576269,0.589203,0.000000,1.000000,Barely acceptable,
ECG_CH1,2751,2018-04-12 06:13:02,2018-04-12 06:13:17,15,3000,200,0.765249,0.847122,0.000000,1.000000,Barely acceptable,
ECG_CH1,2752,2018-04-12 06:13:17,2018-04-12 06:13:32,15,3000,200,0.676710,0.755244,0.000000,1.000000,Barely acceptable,
ECG_CH1,2753,2018-04-12 06:13:32,2018-04-12 06:13:47,15,3000,200,0.738768,0.806975,0.000000,1.000000,Barely acceptable,
ECG_CH1,2754,2018-04-12 06:13:47,2018-04-12 06:14:02,15,3000,200,0.696219,0.798807,0.000000,1.000000,Barely acceptable,
ECG_CH1,2755,2018-04-12 06:14:02,2018-04-12 06:14:17,15,3000,200,0.745582,0.832165,0.000000,1.000000,Barely acceptable,
ECG_CH1,2756,2018-04-12 06:14:17,2018-04-12 06:14:32,15,3000,200,0.616897,0.651436,0.000000,1.000000,Barely acceptable,
ECG_CH1,2757,2018-04-12 06:14:32,2018-04-12 06:14:47,15,3000,200,0.666608,0.797308,0.000000,1.000000,Barely acceptable,
ECG_CH1,2758,2018-04-12 06:14:47,2018-04-12 06:15:02,15,3000,200,0.716946,0.808004,0.000000,1.000000,Barely acceptable,
ECG_CH1,2759,2018-04-12 06:15:02,2018-04-12 06:15:17,15,3000,200,0.730978,0.713665,0.000000,1.000000,Barely acceptable,
ECG_CH1,2760,2018-04-12 06:15:17,2018-04-12 06:15:32,15,3000,200,0.770555,0.851419,0.000000,1.000000,Barely acceptable,
ECG_CH1,2761,2018-04-12 06:15:32,2018-04-12 06:15:47,15,3000,200,0.532713,0.567471,0.000000,1.000000,Barely acceptable,
ECG_CH1,2762,2018-04-12 06:15:47,2018-04-12 06:16:02,15,3000,200,0.684602,0.787414,0.000000,1.000000,Barely acceptable,
ECG_CH1,2763,2018-04-12 06:16:02,2018-04-12 06:16:17,15,3000,200,0.641026,0.661404,0.000000,1.000000,Barely acceptable,
ECG_CH1,2764,2018-04-12 06:16:17,2018-04-12 06:16:32,15,3000,200,0.773319,0.817122,0.000000,1.000000,Barely acceptable,
ECG_CH1,2765,2018-04-12 06:16:32,2018-04-12 06:16:47,15,3000,200,0.679565,0.810931,0.000000,1.000000,Barely acceptable,
ECG_CH1,2766,2018-04-12 06:16:47,2018-04-12 06:17:02,15,3000,200,0.660115,0.660006,0.000000,1.000000,Barely acceptable,
ECG_CH1,2767,2018-04-12 06:17:02,2018-04-12 06:17:17,15,3000,200,0.396207,0.353238,0.000000,1.000000,Barely acceptable,
ECG_CH1,2768,2018-04-12 06:17:17,2018-04-12 06:17:32,15,3000,200,0.657333,0.714022,0.000000,1.000000,Barely acceptable,
ECG_CH1,2769,2018-04-12 06:17:32,2018-04-12 06:17:47,15,3000,200,0.711988,0.799135,0.000000,1.000000,Barely acceptable,
ECG_CH1,2770,2018-04-12 06:17:47,2018-04-12 06:18:02,15,3000,200,0.691632,0.794736,0.000000,1.000000,Barely acceptable,
ECG_CH1,2771,2018-04-12 06:18:02,2018-04-12 06:18:17,15,3000,200,0.768788,0.850656,0.000000,1.000000,Barely acceptable,
ECG_CH1,2772,2018-04-12 06:18:17,2018-04-12 06:18:32,15,3000,200,0.704981,0.846073,0.000000,1.000000,Barely acceptable,
ECG_CH1,2773,2018-04-12 06:18:32,2018-04-12 06:18:47,15,3000,200,0.788926,0.910005,0.000000,1.000000,Barely acceptable,
ECG_CH1,2774,2018-04-12 06:18:47,2018-04-12 06:19:02,15,3000,200,0.661794,0.692141,0.000000,1.000000,Barely acceptable,
ECG_CH1,2775,2018-04-12 06:19:02,2018-04-12 06:19:17,15,3000,200,0.630430,0.793254,0.000000,1.000000,Barely acceptable,
ECG_CH1,2776,2018-04-12 06:19:17,2018-04-12 06:19:32,15,3000,200,0.549320,0.567971,0.000000,1.000000,Barely acceptable,
ECG_CH1,2777,2018-04-12 06:19:32,2018-04-12 06:19:47,15,3000,200,0.798243,0.872396,0.000000,1.000000,Barely acceptable,
ECG_CH1,2778,2018-04-12 06:19:47,2018-04-12 06:20:02,15,3000,200,0.633567,0.708796,0.000000,1.000000,Barely acceptable,
ECG_CH1,2779,2018-04-12 06:20:02,2018-04-12 06:20:17,15,3000,200,0.727736,0.800964,0.000000,1.000000,Barely acceptable,
ECG_CH1,2780,2018-04-12 06:20:17,2018-04-12 06:20:32,15,3000,200,0.613014,0.683002,0.000000,1.000000,Barely acceptable,
ECG_CH1,2781,2018-04-12 06:20:32,2018-04-12 06:20:47,15,3000,200,0.783772,0.859659,0.000000,1.000000,Barely acceptable,
ECG_CH1,2782,2018-04-12 06:20:47,2018-04-12 06:21:02,15,3000,200,0.706323,0.766262,0.000000,1.000000,Barely acceptable,
ECG_CH1,2783,2018-04-12 06:21:02,2018-04-12 06:21:17,15,3000,200,0.643464,0.708825,0.000000,1.000000,Barely acceptable,
ECG_CH1,2784,2018-04-12 06:21:17,2018-04-12 06:21:32,15,3000,200,0.668712,0.775184,0.000000,1.000000,Barely acceptable,
ECG_CH1,2785,2018-04-12 06:21:32,2018-04-12 06:21:47,15,3000,200,0.586579,0.645783,0.000000,1.000000,Barely acceptable,
ECG_CH1,2786,2018-04-12 06:21:47,2018-04-12 06:22:02,15,3000,200,0.653043,0.769137,0.000000,1.000000,Barely acceptable,
ECG_CH1,2787,2018-04-12 06:22:02,2018-04-12 06:22:17,15,3000,200,0.761370,0.888786,0.000000,1.000000,Barely acceptable,
ECG_CH1,2788,2018-04-12 06:22:17,2018-04-12 06:22:32,15,3000,200,0.801229,0.936041,0.000000,1.000000,Barely acceptable,
ECG_CH1,2789,2018-04-12 06:22:32,2018-04-12 06:22:47,15,3000,200,0.790250,0.924842,0.000000,1.000000,Barely acceptable,
ECG_CH1,2790,2018-04-12 06:22:47,2018-04-12 06:23:02,15,3000,200,0.802938,0.905706,0.000000,1.000000,Barely acceptable,
ECG_CH1,2791,2018-04-12 06:23:02,2018-04-12 06:23:17,15,3000,200,0.798183,0.933369,0.000000,1.000000,Barely acceptable,
ECG_CH1,2792,2018-04-12 06:23:17,2018-04-12 06:23:32,15,3000,200,0.578002,0.520430,0.000000,1.000000,Barely acceptable,
ECG_CH1,2793,2018-04-12 06:23:32,2018-04-12 06:23:47,15,3000,200,0.799032,0.907328,0.000000,1.000000,Barely acceptable,
ECG_CH1,2794,2018-04-12 06:23:47,2018-04-12 06:24:02,15,3000,200,0.658283,0.739558,0.000000,1.000000,Barely acceptable,
ECG_CH1,2795,2018-04-12 06:24:02,2018-04-12 06:24:17,15,3000,200,0.770654,0.887257,0.000000,1.000000,Barely acceptable,
ECG_CH1,2796,2018-04-12 06:24:17,2018-04-12 06:24:32,15,3000,200,0.574658,0.660095,0.000000,1.000000,Barely acceptable,
ECG_CH1,2797,2018-04-12 06:24:32,2018-04-12 06:24:47,15,3000,200,0.693518,0.785656,0.000000,1.000000,Barely acceptable,
ECG_CH1,2798,2018-04-12 06:24:47,2018-04-12 06:25:02,15,3000,200,0.642797,0.666602,0.000000,1.000000,Barely acceptable,
ECG_CH1,2799,2018-04-12 06:25:02,2018-04-12 06:25:17,15,3000,200,0.618033,0.662645,0.000000,1.000000,Barely acceptable,
ECG_CH1,2800,2018-04-12 06:25:17,2018-04-12 06:25:32,15,3000,200,0.728303,0.830876,0.000000,1.000000,Barely acceptable,
ECG_CH1,2801,2018-04-12 06:25:32,2018-04-12 06:25:47,15,3000,200,0.686676,0.805556,0.000000,1.000000,Barely acceptable,
ECG_CH1,2802,2018-04-12 06:25:47,2018-04-12 06:26:02,15,3000,200,0.602192,0.671157,0.000000,1.000000,Barely acceptable,
ECG_CH1,2803,2018-04-12 06:26:02,2018-04-12 06:26:17,15,3000,200,0.679926,0.776081,0.000000,1.000000,Barely acceptable,
ECG_CH1,2804,2018-04-12 06:26:17,2018-04-12 06:26:32,15,3000,200,0.704870,0.762068,0.000000,1.000000,Barely acceptable,
ECG_CH1,2805,2018-04-12 06:26:32,2018-04-12 06:26:47,15,3000,200,0.768592,0.830274,0.000000,1.000000,Barely acceptable,
ECG_CH1,2806,2018-04-12 06:26:47,2018-04-12 06:27:02,15,3000,200,0.755748,0.857772,0.000000,1.000000,Barely acceptable,
ECG_CH1,2807,2018-04-12 06:27:02,2018-04-12 06:27:17,15,3000,200,0.620259,0.658916,0.000000,1.000000,Barely acceptable,
ECG_CH1,2808,2018-04-12 06:27:17,2018-04-12 06:27:32,15,3000,200,0.786257,0.805585,0.000000,1.000000,Barely acceptable,
ECG_CH1,2809,2018-04-12 06:27:32,2018-04-12 06:27:47,15,3000,200,0.744375,0.838455,0.000000,1.000000,Barely acceptable,
ECG_CH1,2810,2018-04-12 06:27:47,2018-04-12 06:28:02,15,3000,200,0.741217,0.790343,0.000000,1.000000,Barely acceptable,
ECG_CH1,2811,2018-04-12 06:28:02,2018-04-12 06:28:17,15,3000,200,0.613320,0.565656,0.000000,1.000000,Barely acceptable,
ECG_CH1,2812,2018-04-12 06:28:17,2018-04-12 06:28:32,15,3000,200,0.770822,0.867511,0.000000,1.000000,Barely acceptable,
ECG_CH1,2813,2018-04-12 06:28:32,2018-04-12 06:28:47,15,3000,200,0.638809,0.650701,0.000000,1.000000,Barely acceptable,
ECG_CH1,2814,2018-04-12 06:28:47,2018-04-12 06:29:02,15,3000,200,0.720524,0.779277,0.000000,1.000000,Barely acceptable,
ECG_CH1,2815,2018-04-12 06:29:02,2018-04-12 06:29:17,15,3000,200,0.804486,0.843655,0.000000,1.000000,Barely acceptable,
ECG_CH1,2816,2018-04-12 06:29:17,2018-04-12 06:29:32,15,3000,200,0.795614,0.857254,0.000000,1.000000,Barely acceptable,
ECG_CH1,2817,2018-04-12 06:29:32,2018-04-12 06:29:47,15,3000,200,0.743107,0.876872,0.000000,1.000000,Barely acceptable,
ECG_CH1,2818,2018-04-12 06:29:47,2018-04-12 06:30:02,15,3000,200,0.589703,0.673532,0.000000,1.000000,Barely acceptable,
ECG_CH1,2819,2018-04-12 06:30:02,2018-04-12 06:30:17,15,3000,200,0.734290,0.811913,0.000000,1.000000,Unacceptable,
ECG_CH1,2820,2018-04-12 06:30:17,2018-04-12 06:30:32,15,3000,200,0.525155,0.537723,0.000000,1.000000,Barely acceptable,
ECG_CH1,2821,2018-04-12 06:30:32,2018-04-12 06:30:47,15,3000,200,0.769456,0.809763,0.000000,1.000000,Barely acceptable,
ECG_CH1,2822,2018-04-12 06:30:47,2018-04-12 06:31:02,15,3000,200,0.686555,0.822317,0.000000,1.000000,Barely acceptable,
ECG_CH1,2823,2018-04-12 06:31:02,2018-04-12 06:31:17,15,3000,200,0.746706,0.855208,0.000000,1.000000,Barely acceptable,
ECG_CH1,2824,2018-04-12 06:31:17,2018-04-12 06:31:32,15,3000,200,0.742787,0.825840,0.000000,1.000000,Barely acceptable,
ECG_CH1,2825,2018-04-12 06:31:32,2018-04-12 06:31:47,15,3000,200,0.552049,0.672193,0.000000,1.000000,Barely acceptable,
ECG_CH1,2826,2018-04-12 06:31:47,2018-04-12 06:32:02,15,3000,200,0.663667,0.826629,0.000000,1.000000,Barely acceptable,
ECG_CH1,2827,2018-04-12 06:32:02,2018-04-12 06:32:17,15,3000,200,0.713233,0.781487,0.000000,1.000000,Barely acceptable,
ECG_CH1,2828,2018-04-12 06:32:17,2018-04-12 06:32:32,15,3000,200,0.619661,0.758304,0.000000,1.000000,Barely acceptable,
ECG_CH1,2829,2018-04-12 06:32:32,2018-04-12 06:32:47,15,3000,200,0.505120,0.625228,0.000000,1.000000,Barely acceptable,
ECG_CH1,2830,2018-04-12 06:32:47,2018-04-12 06:33:02,15,3000,200,0.623439,0.776616,0.000000,1.000000,Barely acceptable,
ECG_CH1,2831,2018-04-12 06:33:02,2018-04-12 06:33:17,15,3000,200,0.772631,0.901665,0.000000,1.000000,Barely acceptable,
ECG_CH1,2832,2018-04-12 06:33:17,2018-04-12 06:33:32,15,3000,200,0.570468,0.552133,0.000000,1.000000,Barely acceptable,
ECG_CH1,2833,2018-04-12 06:33:32,2018-04-12 06:33:47,15,3000,200,0.750460,0.848067,0.000000,1.000000,Barely acceptable,
ECG_CH1,2834,2018-04-12 06:33:47,2018-04-12 06:34:02,15,3000,200,0.609628,0.674192,0.000000,1.000000,Barely acceptable,
ECG_CH1,2835,2018-04-12 06:34:02,2018-04-12 06:34:17,15,3000,200,0.768706,0.821395,0.000000,1.000000,Barely acceptable,
ECG_CH1,2836,2018-04-12 06:34:17,2018-04-12 06:34:32,15,3000,200,0.745361,0.902153,0.000000,1.000000,Barely acceptable,
ECG_CH1,2837,2018-04-12 06:34:32,2018-04-12 06:34:47,15,3000,200,0.726536,0.782778,0.000000,1.000000,Barely acceptable,
ECG_CH1,2838,2018-04-12 06:34:47,2018-04-12 06:35:02,15,3000,200,0.717159,0.850031,0.000000,1.000000,Barely acceptable,
ECG_CH1,2839,2018-04-12 06:35:02,2018-04-12 06:35:17,15,3000,200,0.704579,0.730349,0.000000,1.000000,Barely acceptable,
ECG_CH1,2840,2018-04-12 06:35:17,2018-04-12 06:35:32,15,3000,200,0.698954,0.826704,0.000000,1.000000,Barely acceptable,
ECG_CH1,2841,2018-04-12 06:35:32,2018-04-12 06:35:47,15,3000,200,0.718916,0.809424,0.000000,1.000000,Barely acceptable,
ECG_CH1,2842,2018-04-12 06:35:47,2018-04-12 06:36:02,15,3000,200,0.651180,0.694096,0.000000,1.000000,Barely acceptable,
ECG_CH1,2843,2018-04-12 06:36:02,2018-04-12 06:36:17,15,3000,200,0.779841,0.889804,0.000000,1.000000,Barely acceptable,
ECG_CH1,2844,2018-04-12 06:36:17,2018-04-12 06:36:32,15,3000,200,0.802772,0.922095,0.000000,1.000000,Barely acceptable,
ECG_CH1,2845,2018-04-12 06:36:32,2018-04-12 06:36:47,15,3000,200,0.684465,0.736917,0.000000,1.000000,Barely acceptable,
ECG_CH1,2846,2018-04-12 06:36:47,2018-04-12 06:37:02,15,3000,200,0.720128,0.787171,0.000000,1.000000,Barely acceptable,
ECG_CH1,2847,2018-04-12 06:37:02,2018-04-12 06:37:17,15,3000,200,0.749144,0.815684,0.000000,1.000000,Barely acceptable,
ECG_CH1,2848,2018-04-12 06:37:17,2018-04-12 06:37:32,15,3000,200,0.787536,0.839251,0.000000,1.000000,Barely acceptable,
ECG_CH1,2849,2018-04-12 06:37:32,2018-04-12 06:37:47,15,3000,200,0.741400,0.875359,0.000000,1.000000,Barely acceptable,
ECG_CH1,2850,2018-04-12 06:37:47,2018-04-12 06:38:02,15,3000,200,0.574149,0.668742,0.000000,1.000000,Barely acceptable,
ECG_CH1,2851,2018-04-12 06:38:02,2018-04-12 06:38:17,15,3000,200,0.718333,0.777850,0.000000,1.000000,Barely acceptable,
ECG_CH1,2852,2018-04-12 06:38:17,2018-04-12 06:38:32,15,3000,200,0.669691,0.790229,0.000000,1.000000,Barely acceptable,
ECG_CH1,2853,2018-04-12 06:38:32,2018-04-12 06:38:47,15,3000,200,0.763189,0.939152,0.000000,1.000000,Barely acceptable,
ECG_CH1,2854,2018-04-12 06:38:47,2018-04-12 06:39:02,15,3000,200,0.593798,0.583059,0.000000,1.000000,Barely acceptable,
ECG_CH1,2855,2018-04-12 06:39:02,2018-04-12 06:39:17,15,3000,200,0.661888,0.784043,0.000000,1.000000,Barely acceptable,
ECG_CH1,2856,2018-04-12 06:39:17,2018-04-12 06:39:32,15,3000,200,0.844608,0.882294,0.000000,1.000000,Barely acceptable,
ECG_CH1,2857,2018-04-12 06:39:32,2018-04-12 06:39:47,15,3000,200,0.705536,0.783901,0.000000,1.000000,Barely acceptable,
ECG_CH1,2858,2018-04-12 06:39:47,2018-04-12 06:40:02,15,3000,200,0.803479,0.870876,0.000000,1.000000,Barely acceptable,
ECG_CH1,2859,2018-04-12 06:40:02,2018-04-12 06:40:17,15,3000,200,0.768532,0.825355,0.000000,1.000000,Barely acceptable,
ECG_CH1,2860,2018-04-12 06:40:17,2018-04-12 06:40:32,15,3000,200,0.496232,0.495672,0.000000,1.000000,Barely acceptable,
ECG_CH1,2861,2018-04-12 06:40:32,2018-04-12 06:40:47,15,3000,200,0.756491,0.847186,0.000000,1.000000,Barely acceptable,
ECG_CH1,2862,2018-04-12 06:40:47,2018-04-12 06:41:02,15,3000,200,0.696284,0.753358,0.000000,1.000000,Barely acceptable,
ECG_CH1,2863,2018-04-12 06:41:02,2018-04-12 06:41:17,15,3000,200,0.668991,0.750881,0.000000,1.000000,Barely acceptable,
ECG_CH1,2864,2018-04-12 06:41:17,2018-04-12 06:41:32,15,3000,200,0.658717,0.734665,0.000000,1.000000,Barely acceptable,
ECG_CH1,2865,2018-04-12 06:41:32,2018-04-12 06:41:47,15,3000,200,0.777955,0.856005,0.000000,1.000000,Barely acceptable,
ECG_CH1,2866,2018-04-12 06:41:47,2018-04-12 06:42:02,15,3000,200,0.755996,0.869173,0.000000,1.000000,Unacceptable,
ECG_CH1,2867,2018-04-12 06:42:02,2018-04-12 06:42:17,15,3000,200,0.804081,0.873530,0.000000,1.000000,Barely acceptable,
ECG_CH1,2868,2018-04-12 06:42:17,2018-04-12 06:42:32,15,3000,200,0.556294,0.691527,0.000000,1.000000,Barely acceptable,
ECG_CH1,2869,2018-04-12 06:42:32,2018-04-12 06:42:47,15,3000,200,0.781465,0.821042,0.000000,1.000000,Barely acceptable,
ECG_CH1,2870,2018-04-12 06:42:47,2018-04-12 06:43:02,15,3000,200,0.737462,0.772177,0.000000,1.000000,Barely acceptable,
ECG_CH1,2871,2018-04-12 06:43:02,2018-04-12 06:43:17,15,3000,200,0.774871,0.869913,0.000000,1.000000,Barely acceptable,
ECG_CH1,2872,2018-04-12 06:43:17,2018-04-12 06:43:32,15,3000,200,0.711631,0.778441,0.000000,1.000000,Barely acceptable,
ECG_CH1,2873,2018-04-12 06:43:32,2018-04-12 06:43:47,15,3000,200,0.625334,0.664247,0.000000,1.000000,Barely acceptable,
ECG_CH1,2874,2018-04-12 06:43:47,2018-04-12 06:44:02,15,3000,200,0.660890,0.712018,0.000000,1.000000,Barely acceptable,
ECG_CH1,2875,2018-04-12 06:44:02,2018-04-12 06:44:17,15,3000,200,0.735083,0.837451,0.000000,1.000000,Barely acceptable,
ECG_CH1,2876,2018-04-12 06:44:17,2018-04-12 06:44:32,15,3000,200,0.642302,0.764410,0.000000,1.000000,Barely acceptable,
ECG_CH1,2877,2018-04-12 06:44:32,2018-04-12 06:44:47,15,3000,200,0.749481,0.895185,0.000000,1.000000,Barely acceptable,
ECG_CH1,2878,2018-04-12 06:44:47,2018-04-12 06:45:02,15,3000,200,0.606286,0.697271,0.000000,1.000000,Barely acceptable,
ECG_CH1,2879,2018-04-12 06:45:02,2018-04-12 06:45:17,15,3000,200,0.781982,0.822234,0.000000,1.000000,Barely acceptable,
ECG_CH1,2880,2018-04-12 06:45:17,2018-04-12 06:45:32,15,3000,200,0.748537,0.856635,0.000000,1.000000,Barely acceptable,
ECG_CH1,2881,2018-04-12 06:45:32,2018-04-12 06:45:47,15,3000,200,0.625579,0.688569,0.000000,1.000000,Barely acceptable,
ECG_CH1,2882,2018-04-12 06:45:47,2018-04-12 06:46:02,15,3000,200,0.735018,0.834270,0.000000,1.000000,Barely acceptable,
ECG_CH1,2883,2018-04-12 06:46:02,2018-04-12 06:46:17,15,3000,200,0.798391,0.845654,0.000000,1.000000,Barely acceptable,
ECG_CH1,2884,2018-04-12 06:46:17,2018-04-12 06:46:32,15,3000,200,0.746252,0.870565,0.000000,1.000000,Barely acceptable,
ECG_CH1,2885,2018-04-12 06:46:32,2018-04-12 06:46:47,15,3000,200,0.739881,0.844960,0.000000,1.000000,Barely acceptable,
ECG_CH1,2886,2018-04-12 06:46:47,2018-04-12 06:47:02,15,3000,200,0.649817,0.717147,0.000000,1.000000,Barely acceptable,
ECG_CH1,2887,2018-04-12 06:47:02,2018-04-12 06:47:17,15,3000,200,0.847038,0.945208,0.000000,1.000000,Barely acceptable,
ECG_CH1,2888,2018-04-12 06:47:17,2018-04-12 06:47:32,15,3000,200,0.565310,0.626931,0.000000,1.000000,Barely acceptable,
ECG_CH1,2889,2018-04-12 06:47:32,2018-04-12 06:47:47,15,3000,200,0.801885,0.916605,0.000000,1.000000,Barely acceptable,
ECG_CH1,2890,2018-04-12 06:47:47,2018-04-12 06:48:02,15,3000,200,0.548231,0.573525,0.000000,1.000000,Barely acceptable,
ECG_CH1,2891,2018-04-12 06:48:02,2018-04-12 06:48:17,15,3000,200,0.711798,0.733085,0.000000,1.000000,Barely acceptable,
ECG_CH1,2892,2018-04-12 06:48:17,2018-04-12 06:48:32,15,3000,200,0.772105,0.858591,0.000000,1.000000,Barely acceptable,
ECG_CH1,2893,2018-04-12 06:48:32,2018-04-12 06:48:47,15,3000,200,0.697476,0.794246,0.000000,1.000000,Barely acceptable,
ECG_CH1,2894,2018-04-12 06:48:47,2018-04-12 06:49:02,15,3000,200,0.832716,0.900734,0.000000,1.000000,Barely acceptable,
ECG_CH1,2895,2018-04-12 06:49:02,2018-04-12 06:49:17,15,3000,200,0.605527,0.601537,0.000000,1.000000,Barely acceptable,
ECG_CH1,2896,2018-04-12 06:49:17,2018-04-12 06:49:32,15,3000,200,0.592656,0.703494,0.000000,1.000000,Barely acceptable,
ECG_CH1,2897,2018-04-12 06:49:32,2018-04-12 06:49:47,15,3000,200,0.483876,0.525304,0.000000,1.000000,Barely acceptable,
ECG_CH1,2898,2018-04-12 06:49:47,2018-04-12 06:50:02,15,3000,200,0.603333,0.743396,0.000000,1.000000,Barely acceptable,
ECG_CH1,2899,2018-04-12 06:50:02,2018-04-12 06:50:17,15,3000,200,0.578558,0.650969,0.000000,1.000000,Barely acceptable,
ECG_CH1,2900,2018-04-12 06:50:17,2018-04-12 06:50:32,15,3000,200,0.695632,0.847058,0.000000,1.000000,Barely acceptable,
ECG_CH1,2901,2018-04-12 06:50:32,2018-04-12 06:50:47,15,3000,200,0.736618,0.859940,0.000000,1.000000,Barely acceptable,
ECG_CH1,2902,2018-04-12 06:50:47,2018-04-12 06:51:02,15,3000,200,0.668293,0.817588,0.000000,1.000000,Barely acceptable,
ECG_CH1,2903,2018-04-12 06:51:02,2018-04-12 06:51:17,15,3000,200,0.734500,0.884010,0.000000,1.000000,Barely acceptable,
ECG_CH1,2904,2018-04-12 06:51:17,2018-04-12 06:51:32,15,3000,200,0.670531,0.731002,0.000000,1.000000,Barely acceptable,
ECG_CH1,2905,2018-04-12 06:51:32,2018-04-12 06:51:47,15,3000,200,0.570413,0.677795,0.000000,1.000000,Barely acceptable,
ECG_CH1,2906,2018-04-12 06:51:47,2018-04-12 06:52:02,15,3000,200,0.781938,0.885533,0.000000,1.000000,Barely acceptable,
ECG_CH1,2907,2018-04-12 06:52:02,2018-04-12 06:52:17,15,3000,200,0.740759,0.862551,0.000000,1.000000,Barely acceptable,
ECG_CH1,2908,2018-04-12 06:52:17,2018-04-12 06:52:32,15,3000,200,0.743873,0.860050,0.000000,1.000000,Barely acceptable,
ECG_CH1,2909,2018-04-12 06:52:32,2018-04-12 06:52:47,15,3000,200,0.828734,0.891490,0.000000,1.000000,Barely acceptable,
ECG_CH1,2910,2018-04-12 06:52:47,2018-04-12 06:53:02,15,3000,200,0.754920,0.872525,0.000000,1.000000,Barely acceptable,
ECG_CH1,2911,2018-04-12 06:53:02,2018-04-12 06:53:17,15,3000,200,0.714961,0.780213,0.000000,1.000000,Barely acceptable,
ECG_CH1,2912,2018-04-12 06:53:17,2018-04-12 06:53:32,15,3000,200,0.762374,0.814501,0.000000,1.000000,Barely acceptable,
ECG_CH1,2913,2018-04-12 06:53:32,2018-04-12 06:53:47,15,3000,200,0.801568,0.907675,0.000000,1.000000,Barely acceptable,
ECG_CH1,2914,2018-04-12 06:53:47,2018-04-12 06:54:02,15,3000,200,0.723856,0.816093,0.000000,1.000000,Barely acceptable,
ECG_CH1,2915,2018-04-12 06:54:02,2018-04-12 06:54:17,15,3000,200,0.791435,0.869429,0.000000,1.000000,Barely acceptable,
ECG_CH1,2916,2018-04-12 06:54:17,2018-04-12 06:54:32,15,3000,200,0.625773,0.732397,0.000000,1.000000,Barely acceptable,
ECG_CH1,2917,2018-04-12 06:54:32,2018-04-12 06:54:47,15,3000,200,0.701189,0.825602,0.000000,1.000000,Barely acceptable,
ECG_CH1,2918,2018-04-12 06:54:47,2018-04-12 06:55:02,15,3000,200,0.831724,0.913985,0.000000,1.000000,Barely acceptable,
ECG_CH1,2919,2018-04-12 06:55:02,2018-04-12 06:55:17,15,3000,200,0.711698,0.884166,0.000000,1.000000,Unacceptable,
ECG_CH1,2920,2018-04-12 06:55:17,2018-04-12 06:55:32,15,3000,200,0.682031,0.713948,0.000000,1.000000,Barely acceptable,
ECG_CH1,2921,2018-04-12 06:55:32,2018-04-12 06:55:47,15,3000,200,0.650224,0.772309,0.000000,1.000000,Barely acceptable,
ECG_CH1,2922,2018-04-12 06:55:47,2018-04-12 06:56:02,15,3000,200,0.581638,0.651388,0.000000,1.000000,Barely acceptable,
ECG_CH1,2923,2018-04-12 06:56:02,2018-04-12 06:56:17,15,3000,200,0.504542,0.514210,0.000000,1.000000,Barely acceptable,
ECG_CH1,2924,2018-04-12 06:56:17,2018-04-12 06:56:32,15,3000,200,0.683341,0.727577,0.000000,1.000000,Barely acceptable,
ECG_CH1,2925,2018-04-12 06:56:32,2018-04-12 06:56:47,15,3000,200,0.771239,0.833662,0.000000,1.000000,Barely acceptable,
ECG_CH1,2926,2018-04-12 06:56:47,2018-04-12 06:57:02,15,3000,200,0.645696,0.758244,0.000000,1.000000,Barely acceptable,
ECG_CH1,2927,2018-04-12 06:57:02,2018-04-12 06:57:17,15,3000,200,0.662350,0.727138,0.000000,1.000000,Barely acceptable,
ECG_CH1,2928,2018-04-12 06:57:17,2018-04-12 06:57:32,15,3000,200,0.772062,0.821908,0.000000,1.000000,Barely acceptable,
ECG_CH1,2929,2018-04-12 06:57:32,2018-04-12 06:57:47,15,3000,200,0.597284,0.690516,0.000000,1.000000,Barely acceptable,
ECG_CH1,2930,2018-04-12 06:57:47,2018-04-12 06:58:02,15,3000,200,0.516988,0.404160,0.000000,1.000000,Barely acceptable,
ECG_CH1,2931,2018-04-12 06:58:02,2018-04-12 06:58:17,15,3000,200,0.702144,0.775178,0.000000,1.000000,Barely acceptable,
ECG_CH1,2932,2018-04-12 06:58:17,2018-04-12 06:58:32,15,3000,200,0.668277,0.726031,0.000000,1.000000,Barely acceptable,
ECG_CH1,2933,2018-04-12 06:58:32,2018-04-12 06:58:47,15,3000,200,0.783749,0.848607,0.000000,1.000000,Barely acceptable,
ECG_CH1,2934,2018-04-12 06:58:47,2018-04-12 06:59:02,15,3000,200,0.606892,0.611881,0.000000,1.000000,Barely acceptable,
ECG_CH1,2935,2018-04-12 06:59:02,2018-04-12 06:59:17,15,3000,200,0.699165,0.823383,0.000000,1.000000,Barely acceptable,
ECG_CH1,2936,2018-04-12 06:59:17,2018-04-12 06:59:32,15,3000,200,0.797500,0.943058,0.000000,1.000000,Barely acceptable,
ECG_CH1,2937,2018-04-12 06:59:32,2018-04-12 06:59:47,15,3000,200,0.797302,0.891575,0.000000,1.000000,Barely acceptable,
ECG_CH1,2938,2018-04-12 06:59:47,2018-04-12 07:00:02,15,3000,200,0.737994,0.932244,0.000000,1.000000,Barely acceptable,
ECG_CH1,2939,2018-04-12 07:00:02,2018-04-12 07:00:17,15,3000,200,0.629281,0.694403,0.000000,1.000000,Barely acceptable,
ECG_CH1,2940,2018-04-12 07:00:17,2018-04-12 07:00:32,15,3000,200,0.780532,0.840604,0.000000,1.000000,Barely acceptable,
ECG_CH1,2941,2018-04-12 07:00:32,2018-04-12 07:00:47,15,3000,200,0.764164,0.893572,0.000000,1.000000,Barely acceptable,
ECG_CH1,2942,2018-04-12 07:00:47,2018-04-12 07:01:02,15,3000,200,0.780707,0.850446,0.000000,1.000000,Barely acceptable,
ECG_CH1,2943,2018-04-12 07:01:02,2018-04-12 07:01:17,15,3000,200,0.743335,0.801316,0.000000,1.000000,Barely acceptable,
ECG_CH1,2944,2018-04-12 07:01:17,2018-04-12 07:01:32,15,3000,200,0.752474,0.806254,0.000000,1.000000,Barely acceptable,
ECG_CH1,2945,2018-04-12 07:01:32,2018-04-12 07:01:47,15,3000,200,0.659379,0.819741,0.000000,1.000000,Barely acceptable,
ECG_CH1,2946,2018-04-12 07:01:47,2018-04-12 07:02:02,15,3000,200,0.585693,0.679202,0.000000,1.000000,Barely acceptable,
ECG_CH1,2947,2018-04-12 07:02:02,2018-04-12 07:02:17,15,3000,200,0.682147,0.743891,0.000000,1.000000,Barely acceptable,
ECG_CH1,2948,2018-04-12 07:02:17,2018-04-12 07:02:32,15,3000,200,0.757592,0.894354,0.000000,1.000000,Barely acceptable,
ECG_CH1,2949,2018-04-12 07:02:32,2018-04-12 07:02:47,15,3000,200,0.549514,0.519679,0.000000,1.000000,Barely acceptable,
ECG_CH1,2950,2018-04-12 07:02:47,2018-04-12 07:03:02,15,3000,200,0.771220,0.883260,0.000000,1.000000,Barely acceptable,
ECG_CH1,2951,2018-04-12 07:03:02,2018-04-12 07:03:17,15,3000,200,0.788185,0.912868,0.000000,1.000000,Barely acceptable,
ECG_CH1,2952,2018-04-12 07:03:17,2018-04-12 07:03:32,15,3000,200,0.746167,0.834867,0.000000,1.000000,Barely acceptable,
ECG_CH1,2953,2018-04-12 07:03:32,2018-04-12 07:03:47,15,3000,200,0.521161,0.471221,0.000000,1.000000,Barely acceptable,
ECG_CH1,2954,2018-04-12 07:03:47,2018-04-12 07:04:02,15,3000,200,0.628778,0.749437,0.000000,1.000000,Barely acceptable,
ECG_CH1,2955,2018-04-12 07:04:02,2018-04-12 07:04:17,15,3000,200,0.624980,0.601868,0.000000,1.000000,Barely acceptable,
ECG_CH1,2956,2018-04-12 07:04:17,2018-04-12 07:04:32,15,3000,200,0.776053,0.837027,0.000000,1.000000,Barely acceptable,
ECG_CH1,2957,2018-04-12 07:04:32,2018-04-12 07:04:47,15,3000,200,0.760823,0.806019,0.000000,1.000000,Barely acceptable,
ECG_CH1,2958,2018-04-12 07:04:47,2018-04-12 07:05:02,15,3000,200,0.767807,0.848187,0.000000,1.000000,Barely acceptable,
ECG_CH1,2959,2018-04-12 07:05:02,2018-04-12 07:05:17,15,3000,200,0.726984,0.772965,0.000000,1.000000,Barely acceptable,
ECG_CH1,2960,2018-04-12 07:05:17,2018-04-12 07:05:32,15,3000,200,0.783155,0.834276,0.000000,1.000000,Barely acceptable,
ECG_CH1,2961,2018-04-12 07:05:32,2018-04-12 07:05:47,15,3000,200,0.766106,0.839461,0.000000,1.000000,Barely acceptable,
ECG_CH1,2962,2018-04-12 07:05:47,2018-04-12 07:06:02,15,3000,200,0.827325,0.877986,0.000000,1.000000,Barely acceptable,
ECG_CH1,2963,2018-04-12 07:06:02,2018-04-12 07:06:17,15,3000,200,0.833046,0.954486,0.000000,1.000000,Barely acceptable,
ECG_CH1,2964,2018-04-12 07:06:17,2018-04-12 07:06:32,15,3000,200,0.713419,0.774805,0.000000,1.000000,Barely acceptable,
ECG_CH1,2965,2018-04-12 07:06:32,2018-04-12 07:06:47,15,3000,200,0.702215,0.773927,0.000000,1.000000,Barely acceptable,
ECG_CH1,2966,2018-04-12 07:06:47,2018-04-12 07:07:02,15,3000,200,0.647966,0.645980,0.000000,1.000000,Barely acceptable,
ECG_CH1,2967,2018-04-12 07:07:02,2018-04-12 07:07:17,15,3000,200,0.802002,0.907783,0.000000,1.000000,Barely acceptable,
ECG_CH1,2968,2018-04-12 07:07:17,2018-04-12 07:07:32,15,3000,200,0.797032,0.897857,0.000000,1.000000,Barely acceptable,
ECG_CH1,2969,2018-04-12 07:07:32,2018-04-12 07:07:47,15,3000,200,0.558017,0.584626,0.000000,1.000000,Barely acceptable,
ECG_CH1,2970,2018-04-12 07:07:47,2018-04-12 07:08:02,15,3000,200,0.746343,0.793953,0.000000,1.000000,Barely acceptable,
ECG_CH1,2971,2018-04-12 07:08:02,2018-04-12 07:08:17,15,3000,200,0.678935,0.725895,0.000000,1.000000,Barely acceptable,
ECG_CH1,2972,2018-04-12 07:08:17,2018-04-12 07:08:32,15,3000,200,0.660401,0.721434,0.000000,1.000000,Barely acceptable,
ECG_CH1,2973,2018-04-12 07:08:32,2018-04-12 07:08:47,15,3000,200,0.675229,0.754398,0.000000,1.000000,Barely acceptable,
ECG_CH1,2974,2018-04-12 07:08:47,2018-04-12 07:09:02,15,3000,200,0.724957,0.795872,0.000000,1.000000,Barely acceptable,
ECG_CH1,2975,2018-04-12 07:09:02,2018-04-12 07:09:17,15,3000,200,0.582525,0.656654,0.000000,1.000000,Barely acceptable,
ECG_CH1,2976,2018-04-12 07:09:17,2018-04-12 07:09:32,15,3000,200,0.692787,0.809536,0.000000,1.000000,Barely acceptable,
ECG_CH1,2977,2018-04-12 07:09:32,2018-04-12 07:09:47,15,3000,200,0.530276,0.591184,0.000000,1.000000,Barely acceptable,
ECG_CH1,2978,2018-04-12 07:09:47,2018-04-12 07:10:02,15,3000,200,0.716945,0.730853,0.000000,1.000000,Barely acceptable,
ECG_CH1,2979,2018-04-12 07:10:02,2018-04-12 07:10:17,15,3000,200,0.614936,0.611801,0.000000,1.000000,Barely acceptable,
ECG_CH1,2980,2018-04-12 07:10:17,2018-04-12 07:10:32,15,3000,200,0.702187,0.828094,0.000000,1.000000,Barely acceptable,
ECG_CH1,2981,2018-04-12 07:10:32,2018-04-12 07:10:47,15,3000,200,0.653766,0.764104,0.000000,1.000000,Barely acceptable,
ECG_CH1,2982,2018-04-12 07:10:47,2018-04-12 07:11:02,15,3000,200,0.620909,0.708987,0.000000,1.000000,Barely acceptable,
ECG_CH1,2983,2018-04-12 07:11:02,2018-04-12 07:11:17,15,3000,200,0.567066,0.536094,0.000000,1.000000,Barely acceptable,
ECG_CH1,2984,2018-04-12 07:11:17,2018-04-12 07:11:32,15,3000,200,0.799826,0.808529,0.000000,1.000000,Barely acceptable,
ECG_CH1,2985,2018-04-12 07:11:32,2018-04-12 07:11:47,15,3000,200,0.519908,0.585206,0.000000,1.000000,Barely acceptable,
ECG_CH1,2986,2018-04-12 07:11:47,2018-04-12 07:12:02,15,3000,200,0.734140,0.763129,0.000000,1.000000,Barely acceptable,
ECG_CH1,2987,2018-04-12 07:12:02,2018-04-12 07:12:17,15,3000,200,0.666062,0.645773,0.000000,1.000000,Barely acceptable,
ECG_CH1,2988,2018-04-12 07:12:17,2018-04-12 07:12:32,15,3000,200,0.704111,0.734932,0.000000,1.000000,Barely acceptable,
ECG_CH1,2989,2018-04-12 07:12:32,2018-04-12 07:12:47,15,3000,200,0.635489,0.753107,0.000000,1.000000,Barely acceptable,
ECG_CH1,2990,2018-04-12 07:12:47,2018-04-12 07:13:02,15,3000,200,0.675670,0.727552,0.000000,1.000000,Barely acceptable,
ECG_CH1,2991,2018-04-12 07:13:02,2018-04-12 07:13:17,15,3000,200,0.600911,0.707129,0.000000,1.000000,Barely acceptable,
ECG_CH1,2992,2018-04-12 07:13:17,2018-04-12 07:13:32,15,3000,200,0.703231,0.729285,0.000000,1.000000,Barely acceptable,
ECG_CH1,2993,2018-04-12 07:13:32,2018-04-12 07:13:47,15,3000,200,0.664191,0.685312,0.000000,1.000000,Barely acceptable,
ECG_CH1,2994,2018-04-12 07:13:47,2018-04-12 07:14:02,15,3000,200,0.780518,0.834803,0.000000,1.000000,Barely acceptable,
ECG_CH1,2995,2018-04-12 07:14:02,2018-04-12 07:14:17,15,3000,200,0.667058,0.761429,0.000000,1.000000,Barely acceptable,
ECG_CH1,2996,2018-04-12 07:14:17,2018-04-12 07:14:32,15,3000,200,0.728195,0.774993,0.000000,1.000000,Unacceptable,
ECG_CH1,2997,2018-04-12 07:14:32,2018-04-12 07:14:47,15,3000,200,0.702062,0.779150,0.000000,1.000000,Barely acceptable,
ECG_CH1,2998,2018-04-12 07:14:47,2018-04-12 07:15:02,15,3000,200,0.818420,0.918649,0.000000,1.000000,Barely acceptable,
ECG_CH1,2999,2018-04-12 07:15:02,2018-04-12 07:15:17,15,3000,200,0.720693,0.796314,0.000000,1.000000,Unacceptable,
ECG_CH1,3000,2018-04-12 07:15:17,2018-04-12 07:15:32,15,3000,200,0.807549,0.891910,0.000000,1.000000,Unacceptable,
ECG_CH1,3001,2018-04-12 07:15:32,2018-04-12 07:15:47,15,3000,200,0.633407,0.608013,0.000000,1.000000,Unacceptable,
ECG_CH1,3002,2018-04-12 07:15:47,2018-04-12 07:16:02,15,3000,200,0.626765,0.774959,0.000000,1.000000,Barely acceptable,
ECG_CH1,3003,2018-04-12 07:16:02,2018-04-12 07:16:17,15,3000,200,0.642199,0.811134,0.000000,1.000000,Barely acceptable,
ECG_CH1,3004,2018-04-12 07:16:17,2018-04-12 07:16:32,15,3000,200,0.631464,0.774358,0.000000,1.000000,Barely acceptable,
ECG_CH1,3005,2018-04-12 07:16:32,2018-04-12 07:16:47,15,3000,200,0.525843,0.601568,0.000000,1.000000,Barely acceptable,
ECG_CH1,3006,2018-04-12 07:16:47,2018-04-12 07:17:02,15,3000,200,0.646609,0.763553,0.000000,1.000000,Barely acceptable,
ECG_CH1,3007,2018-04-12 07:17:02,2018-04-12 07:17:17,15,3000,200,0.639066,0.717647,0.000000,1.000000,Barely acceptable,
ECG_CH1,3008,2018-04-12 07:17:17,2018-04-12 07:17:32,15,3000,200,0.741316,0.764950,0.000000,1.000000,Barely acceptable,
ECG_CH1,3009,2018-04-12 07:17:32,2018-04-12 07:17:47,15,3000,200,0.587298,0.614378,0.000000,1.000000,Barely acceptable,
ECG_CH1,3010,2018-04-12 07:17:47,2018-04-12 07:18:02,15,3000,200,0.638732,0.676457,0.000000,1.000000,Barely acceptable,
ECG_CH1,3011,2018-04-12 07:18:02,2018-04-12 07:18:17,15,3000,200,0.502641,0.512308,0.000000,1.000000,Barely acceptable,
ECG_CH1,3012,2018-04-12 07:18:17,2018-04-12 07:18:32,15,3000,200,0.704367,0.852195,0.000000,1.000000,Barely acceptable,
ECG_CH1,3013,2018-04-12 07:18:32,2018-04-12 07:18:47,15,3000,200,0.579609,0.664341,0.000000,1.000000,Barely acceptable,
ECG_CH1,3014,2018-04-12 07:18:47,2018-04-12 07:19:02,15,3000,200,0.695160,0.768963,0.000000,1.000000,Barely acceptable,
ECG_CH1,3015,2018-04-12 07:19:02,2018-04-12 07:19:17,15,3000,200,0.741735,0.774758,0.000000,1.000000,Barely acceptable,
ECG_CH1,3016,2018-04-12 07:19:17,2018-04-12 07:19:32,15,3000,200,0.692288,0.760188,0.000000,1.000000,Barely acceptable,
ECG_CH1,3017,2018-04-12 07:19:32,2018-04-12 07:19:47,15,3000,200,0.658862,0.774720,0.000000,1.000000,Barely acceptable,
ECG_CH1,3018,2018-04-12 07:19:47,2018-04-12 07:20:02,15,3000,200,0.679045,0.795933,0.000000,1.000000,Barely acceptable,
ECG_CH1,3019,2018-04-12 07:20:02,2018-04-12 07:20:17,15,3000,200,0.741180,0.837706,0.000000,1.000000,Barely acceptable,
ECG_CH1,3020,2018-04-12 07:20:17,2018-04-12 07:20:32,15,3000,200,0.659408,0.703663,0.000000,1.000000,Barely acceptable,
ECG_CH1,3021,2018-04-12 07:20:32,2018-04-12 07:20:47,15,3000,200,0.630987,0.695672,0.000000,1.000000,Barely acceptable,
ECG_CH1,3022,2018-04-12 07:20:47,2018-04-12 07:21:02,15,3000,200,0.544889,0.656036,0.000000,1.000000,Barely acceptable,
ECG_CH1,3023,2018-04-12 07:21:02,2018-04-12 07:21:17,15,3000,200,0.694156,0.815549,0.000000,1.000000,Barely acceptable,
ECG_CH1,3024,2018-04-12 07:21:17,2018-04-12 07:21:32,15,3000,200,0.748591,0.805618,0.000000,1.000000,Barely acceptable,
ECG_CH1,3025,2018-04-12 07:21:32,2018-04-12 07:21:47,15,3000,200,0.634691,0.666120,0.000000,1.000000,Barely acceptable,
ECG_CH1,3026,2018-04-12 07:21:47,2018-04-12 07:22:02,15,3000,200,0.675294,0.736613,0.000000,1.000000,Barely acceptable,
ECG_CH1,3027,2018-04-12 07:22:02,2018-04-12 07:22:17,15,3000,200,0.762693,0.844958,0.000000,1.000000,Barely acceptable,
ECG_CH1,3028,2018-04-12 07:22:17,2018-04-12 07:22:32,15,3000,200,0.820861,0.886558,0.000000,1.000000,Barely acceptable,
ECG_CH1,3029,2018-04-12 07:22:32,2018-04-12 07:22:47,15,3000,200,0.735408,0.832209,0.000000,1.000000,Barely acceptable,
ECG_CH1,3030,2018-04-12 07:22:47,2018-04-12 07:23:02,15,3000,200,0.607125,0.663599,0.000000,1.000000,Barely acceptable,
ECG_CH1,3031,2018-04-12 07:23:02,2018-04-12 07:23:17,15,3000,200,0.650814,0.679638,0.000000,1.000000,Barely acceptable,
ECG_CH1,3032,2018-04-12 07:23:17,2018-04-12 07:23:32,15,3000,200,0.759544,0.845237,0.000000,1.000000,Barely acceptable,
ECG_CH1,3033,2018-04-12 07:23:32,2018-04-12 07:23:47,15,3000,200,0.693172,0.748497,0.000000,1.000000,Barely acceptable,
ECG_CH1,3034,2018-04-12 07:23:47,2018-04-12 07:24:02,15,3000,200,0.770469,0.842607,0.000000,1.000000,Barely acceptable,
ECG_CH1,3035,2018-04-12 07:24:02,2018-04-12 07:24:17,15,3000,200,0.609058,0.649103,0.000000,1.000000,Barely acceptable,
ECG_CH1,3036,2018-04-12 07:24:17,2018-04-12 07:24:32,15,3000,200,0.839612,0.880050,0.000000,1.000000,Barely acceptable,
ECG_CH1,3037,2018-04-12 07:24:32,2018-04-12 07:24:47,15,3000,200,0.616445,0.674774,0.000000,1.000000,Barely acceptable,
ECG_CH1,3038,2018-04-12 07:24:47,2018-04-12 07:25:02,15,3000,200,0.675307,0.711988,0.000000,1.000000,Barely acceptable,
ECG_CH1,3039,2018-04-12 07:25:02,2018-04-12 07:25:17,15,3000,200,0.652239,0.658790,0.000000,1.000000,Barely acceptable,
ECG_CH1,3040,2018-04-12 07:25:17,2018-04-12 07:25:32,15,3000,200,0.745554,0.848203,0.000000,1.000000,Barely acceptable,
ECG_CH1,3041,2018-04-12 07:25:32,2018-04-12 07:25:47,15,3000,200,0.674315,0.691590,0.000000,1.000000,Barely acceptable,
ECG_CH1,3042,2018-04-12 07:25:47,2018-04-12 07:26:02,15,3000,200,0.636383,0.769257,0.000000,1.000000,Barely acceptable,
ECG_CH1,3043,2018-04-12 07:26:02,2018-04-12 07:26:17,15,3000,200,0.721534,0.828529,0.000000,1.000000,Barely acceptable,
ECG_CH1,3044,2018-04-12 07:26:17,2018-04-12 07:26:32,15,3000,200,0.542104,0.617350,0.000000,1.000000,Barely acceptable,
ECG_CH1,3045,2018-04-12 07:26:32,2018-04-12 07:26:47,15,3000,200,0.705957,0.727414,0.000000,1.000000,Unacceptable,
ECG_CH1,3046,2018-04-12 07:26:47,2018-04-12 07:27:02,15,3000,200,0.625925,0.657042,0.000000,1.000000,Barely acceptable,
ECG_CH1,3047,2018-04-12 07:27:02,2018-04-12 07:27:17,15,3000,200,0.513690,0.439158,0.000000,1.000000,Barely acceptable,
ECG_CH1,3048,2018-04-12 07:27:17,2018-04-12 07:27:32,15,3000,200,0.718988,0.844510,0.000000,1.000000,Barely acceptable,
ECG_CH1,3049,2018-04-12 07:27:32,2018-04-12 07:27:47,15,3000,200,0.712389,0.831024,0.000000,1.000000,Barely acceptable,
ECG_CH1,3050,2018-04-12 07:27:47,2018-04-12 07:28:02,15,3000,200,0.736694,0.848679,0.000000,1.000000,Barely acceptable,
ECG_CH1,3051,2018-04-12 07:28:02,2018-04-12 07:28:17,15,3000,200,0.655931,0.719516,0.000000,1.000000,Barely acceptable,
ECG_CH1,3052,2018-04-12 07:28:17,2018-04-12 07:28:32,15,3000,200,0.733710,0.739295,0.000000,1.000000,Barely acceptable,
ECG_CH1,3053,2018-04-12 07:28:32,2018-04-12 07:28:47,15,3000,200,0.681943,0.797024,0.000000,1.000000,Barely acceptable,
ECG_CH1,3054,2018-04-12 07:28:47,2018-04-12 07:29:02,15,3000,200,0.644063,0.777329,0.000000,1.000000,Barely acceptable,
ECG_CH1,3055,2018-04-12 07:29:02,2018-04-12 07:29:17,15,3000,200,0.673741,0.713523,0.000000,1.000000,Barely acceptable,
ECG_CH1,3056,2018-04-12 07:29:17,2018-04-12 07:29:32,15,3000,200,0.603397,0.605157,0.000000,1.000000,Unacceptable,
ECG_CH1,3057,2018-04-12 07:29:32,2018-04-12 07:29:47,15,3000,200,0.608395,0.722218,0.000000,1.000000,Barely acceptable,
ECG_CH1,3058,2018-04-12 07:29:47,2018-04-12 07:30:02,15,3000,200,0.643068,0.776317,0.000000,1.000000,Barely acceptable,
ECG_CH1,3059,2018-04-12 07:30:02,2018-04-12 07:30:17,15,3000,200,0.569702,0.627115,0.000000,1.000000,Barely acceptable,
ECG_CH1,3060,2018-04-12 07:30:17,2018-04-12 07:30:32,15,3000,200,0.567376,0.707525,0.000000,1.000000,Barely acceptable,
ECG_CH1,3061,2018-04-12 07:30:32,2018-04-12 07:30:47,15,3000,200,0.615230,0.691112,0.000000,1.000000,Barely acceptable,
ECG_CH1,3062,2018-04-12 07:30:47,2018-04-12 07:31:02,15,3000,200,0.628304,0.649271,0.000000,1.000000,Barely acceptable,
ECG_CH1,3063,2018-04-12 07:31:02,2018-04-12 07:31:17,15,3000,200,0.559063,0.590071,0.000000,1.000000,Barely acceptable,
ECG_CH1,3064,2018-04-12 07:31:17,2018-04-12 07:31:32,15,3000,200,0.694232,0.817999,0.000000,1.000000,Barely acceptable,
ECG_CH1,3065,2018-04-12 07:31:32,2018-04-12 07:31:47,15,3000,200,0.656981,0.786504,0.000000,1.000000,Barely acceptable,
ECG_CH1,3066,2018-04-12 07:31:47,2018-04-12 07:32:02,15,3000,200,0.724026,0.782601,0.000000,1.000000,Barely acceptable,
ECG_CH1,3067,2018-04-12 07:32:02,2018-04-12 07:32:17,15,3000,200,0.771445,0.844002,0.000000,1.000000,Barely acceptable,
ECG_CH1,3068,2018-04-12 07:32:17,2018-04-12 07:32:32,15,3000,200,0.713129,0.735126,0.000000,1.000000,Barely acceptable,
ECG_CH1,3069,2018-04-12 07:32:32,2018-04-12 07:32:47,15,3000,200,0.763147,0.860500,0.000000,1.000000,Barely acceptable,
ECG_CH1,3070,2018-04-12 07:32:47,2018-04-12 07:33:02,15,3000,200,0.785513,0.885311,0.000000,1.000000,Barely acceptable,
ECG_CH1,3071,2018-04-12 07:33:02,2018-04-12 07:33:17,15,3000,200,0.670026,0.726948,0.000000,1.000000,Barely acceptable,
ECG_CH1,3072,2018-04-12 07:33:17,2018-04-12 07:33:32,15,3000,200,0.541099,0.590037,0.000000,1.000000,Barely acceptable,
ECG_CH1,3073,2018-04-12 07:33:32,2018-04-12 07:33:47,15,3000,200,0.479014,0.505172,0.000000,1.000000,Barely acceptable,
ECG_CH1,3074,2018-04-12 07:33:47,2018-04-12 07:34:02,15,3000,200,0.734780,0.796673,0.000000,1.000000,Barely acceptable,
ECG_CH1,3075,2018-04-12 07:34:02,2018-04-12 07:34:17,15,3000,200,0.722247,0.816723,0.000000,1.000000,Barely acceptable,
ECG_CH1,3076,2018-04-12 07:34:17,2018-04-12 07:34:32,15,3000,200,0.691683,0.765681,0.000000,1.000000,Barely acceptable,
ECG_CH1,3077,2018-04-12 07:34:32,2018-04-12 07:34:47,15,3000,200,0.721799,0.839662,0.000000,1.000000,Barely acceptable,
ECG_CH1,3078,2018-04-12 07:34:47,2018-04-12 07:35:02,15,3000,200,0.708112,0.821528,0.000000,1.000000,Barely acceptable,
ECG_CH1,3079,2018-04-12 07:35:02,2018-04-12 07:35:17,15,3000,200,0.765767,0.849835,0.000000,1.000000,Barely acceptable,
ECG_CH1,3080,2018-04-12 07:35:17,2018-04-12 07:35:32,15,3000,200,0.650326,0.671993,0.000000,1.000000,Barely acceptable,
ECG_CH1,3081,2018-04-12 07:35:32,2018-04-12 07:35:47,15,3000,200,0.642012,0.667547,0.000000,1.000000,Barely acceptable,
ECG_CH1,3082,2018-04-12 07:35:47,2018-04-12 07:36:02,15,3000,200,0.723615,0.808953,0.000000,1.000000,Barely acceptable,
ECG_CH1,3083,2018-04-12 07:36:02,2018-04-12 07:36:17,15,3000,200,0.793493,0.861791,0.000000,1.000000,Barely acceptable,
ECG_CH1,3084,2018-04-12 07:36:17,2018-04-12 07:36:32,15,3000,200,0.669454,0.802013,0.000000,1.000000,Barely acceptable,
ECG_CH1,3085,2018-04-12 07:36:32,2018-04-12 07:36:47,15,3000,200,0.721742,0.816097,0.000000,1.000000,Barely acceptable,
ECG_CH1,3086,2018-04-12 07:36:47,2018-04-12 07:37:02,15,3000,200,0.599773,0.670613,0.000000,1.000000,Barely acceptable,
ECG_CH1,3087,2018-04-12 07:37:02,2018-04-12 07:37:17,15,3000,200,0.657702,0.699005,0.000000,1.000000,Barely acceptable,
ECG_CH1,3088,2018-04-12 07:37:17,2018-04-12 07:37:32,15,3000,200,0.617686,0.716064,0.000000,1.000000,Barely acceptable,
ECG_CH1,3089,2018-04-12 07:37:32,2018-04-12 07:37:47,15,3000,200,0.725268,0.794343,0.000000,1.000000,Barely acceptable,
ECG_CH1,3090,2018-04-12 07:37:47,2018-04-12 07:38:02,15,3000,200,0.724374,0.779636,0.000000,1.000000,Barely acceptable,
ECG_CH1,3091,2018-04-12 07:38:02,2018-04-12 07:38:17,15,3000,200,0.613252,0.670371,0.000000,1.000000,Barely acceptable,
ECG_CH1,3092,2018-04-12 07:38:17,2018-04-12 07:38:32,15,3000,200,0.626828,0.676052,0.000000,1.000000,Barely acceptable,
ECG_CH1,3093,2018-04-12 07:38:32,2018-04-12 07:38:47,15,3000,200,0.845514,0.909173,0.000000,1.000000,Barely acceptable,
ECG_CH1,3094,2018-04-12 07:38:47,2018-04-12 07:39:02,15,3000,200,0.644306,0.765751,0.000000,1.000000,Barely acceptable,
ECG_CH1,3095,2018-04-12 07:39:02,2018-04-12 07:39:17,15,3000,200,0.693132,0.707518,0.000000,1.000000,Barely acceptable,
ECG_CH1,3096,2018-04-12 07:39:17,2018-04-12 07:39:32,15,3000,200,0.681214,0.764385,0.000000,1.000000,Barely acceptable,
ECG_CH1,3097,2018-04-12 07:39:32,2018-04-12 07:39:47,15,3000,200,0.658142,0.671073,0.000000,1.000000,Barely acceptable,
ECG_CH1,3098,2018-04-12 07:39:47,2018-04-12 07:40:02,15,3000,200,0.665011,0.746009,0.000000,1.000000,Barely acceptable,
ECG_CH1,3099,2018-04-12 07:40:02,2018-04-12 07:40:17,15,3000,200,0.662488,0.724038,0.000000,1.000000,Barely acceptable,
ECG_CH1,3100,2018-04-12 07:40:17,2018-04-12 07:40:32,15,3000,200,0.646416,0.710218,0.000000,1.000000,Barely acceptable,
ECG_CH1,3101,2018-04-12 07:40:32,2018-04-12 07:40:47,15,3000,200,0.761349,0.833257,0.000000,1.000000,Barely acceptable,
ECG_CH1,3102,2018-04-12 07:40:47,2018-04-12 07:41:02,15,3000,200,0.721189,0.813601,0.000000,1.000000,Barely acceptable,
ECG_CH1,3103,2018-04-12 07:41:02,2018-04-12 07:41:17,15,3000,200,0.660303,0.697850,0.000000,1.000000,Barely acceptable,
ECG_CH1,3104,2018-04-12 07:41:17,2018-04-12 07:41:32,15,3000,200,0.551457,0.568591,0.000000,1.000000,Barely acceptable,
ECG_CH1,3105,2018-04-12 07:41:32,2018-04-12 07:41:47,15,3000,200,0.762507,0.763751,0.000000,1.000000,Barely acceptable,
ECG_CH1,3106,2018-04-12 07:41:47,2018-04-12 07:42:02,15,3000,200,0.563271,0.652930,0.000000,1.000000,Barely acceptable,
ECG_CH1,3107,2018-04-12 07:42:02,2018-04-12 07:42:17,15,3000,200,0.694697,0.782053,0.000000,1.000000,Barely acceptable,
ECG_CH1,3108,2018-04-12 07:42:17,2018-04-12 07:42:32,15,3000,200,0.779929,0.825439,0.000000,1.000000,Barely acceptable,
ECG_CH1,3109,2018-04-12 07:42:32,2018-04-12 07:42:47,15,3000,200,0.728577,0.831721,0.000000,1.000000,Barely acceptable,
ECG_CH1,3110,2018-04-12 07:42:47,2018-04-12 07:43:02,15,3000,200,0.507352,0.562047,0.000000,1.000000,Barely acceptable,
ECG_CH1,3111,2018-04-12 07:43:02,2018-04-12 07:43:17,15,3000,200,0.799309,0.856448,0.000000,1.000000,Barely acceptable,
ECG_CH1,3112,2018-04-12 07:43:17,2018-04-12 07:43:32,15,3000,200,0.650318,0.724436,0.000000,1.000000,Barely acceptable,
ECG_CH1,3113,2018-04-12 07:43:32,2018-04-12 07:43:47,15,3000,200,0.644025,0.729459,0.000000,1.000000,Barely acceptable,
ECG_CH1,3114,2018-04-12 07:43:47,2018-04-12 07:44:02,15,3000,200,0.711329,0.809225,0.000000,1.000000,Barely acceptable,
ECG_CH1,3115,2018-04-12 07:44:02,2018-04-12 07:44:17,15,3000,200,0.636331,0.635518,0.000000,1.000000,Barely acceptable,
ECG_CH1,3116,2018-04-12 07:44:17,2018-04-12 07:44:32,15,3000,200,0.640423,0.777815,0.000000,1.000000,Barely acceptable,
ECG_CH1,3117,2018-04-12 07:44:32,2018-04-12 07:44:47,15,3000,200,0.601879,0.671358,0.000000,1.000000,Barely acceptable,
ECG_CH1,3118,2018-04-12 07:44:47,2018-04-12 07:45:02,15,3000,200,0.635318,0.678774,0.000000,1.000000,Barely acceptable,
ECG_CH1,3119,2018-04-12 07:45:02,2018-04-12 07:45:17,15,3000,200,0.589764,0.633509,0.000000,1.000000,Barely acceptable,
ECG_CH1,3120,2018-04-12 07:45:17,2018-04-12 07:45:32,15,3000,200,0.467686,0.421850,0.000000,1.000000,Barely acceptable,
ECG_CH1,3121,2018-04-12 07:45:32,2018-04-12 07:45:47,15,3000,200,0.635577,0.691143,0.000000,1.000000,Barely acceptable,
ECG_CH1,3122,2018-04-12 07:45:47,2018-04-12 07:46:02,15,3000,200,0.657509,0.681608,0.000000,1.000000,Barely acceptable,
ECG_CH1,3123,2018-04-12 07:46:02,2018-04-12 07:46:17,15,3000,200,0.780412,0.880709,0.000000,1.000000,Barely acceptable,
ECG_CH1,3124,2018-04-12 07:46:17,2018-04-12 07:46:32,15,3000,200,0.531431,0.500005,0.000000,1.000000,Barely acceptable,
ECG_CH1,3125,2018-04-12 07:46:32,2018-04-12 07:46:47,15,3000,200,0.587968,0.604757,0.000000,1.000000,Barely acceptable,
ECG_CH1,3126,2018-04-12 07:46:47,2018-04-12 07:47:02,15,3000,200,0.531643,0.430753,0.000000,1.000000,Barely acceptable,
ECG_CH1,3127,2018-04-12 07:47:02,2018-04-12 07:47:17,15,3000,200,0.665953,0.776405,0.000000,1.000000,Barely acceptable,
ECG_CH1,3128,2018-04-12 07:47:17,2018-04-12 07:47:32,15,3000,200,0.769296,0.871873,0.000000,1.000000,Barely acceptable,
ECG_CH1,3129,2018-04-12 07:47:32,2018-04-12 07:47:47,15,3000,200,0.759430,0.828652,0.000000,1.000000,Barely acceptable,
ECG_CH1,3130,2018-04-12 07:47:47,2018-04-12 07:48:02,15,3000,200,0.657957,0.752271,0.000000,1.000000,Barely acceptable,
ECG_CH1,3131,2018-04-12 07:48:02,2018-04-12 07:48:17,15,3000,200,0.755647,0.880882,0.000000,1.000000,Barely acceptable,
ECG_CH1,3132,2018-04-12 07:48:17,2018-04-12 07:48:32,15,3000,200,0.778678,0.891812,0.000000,1.000000,Barely acceptable,
ECG_CH1,3133,2018-04-12 07:48:32,2018-04-12 07:48:47,15,3000,200,0.627544,0.709591,0.000000,1.000000,Barely acceptable,
ECG_CH1,3134,2018-04-12 07:48:47,2018-04-12 07:49:02,15,3000,200,0.682734,0.703410,0.000000,1.000000,Barely acceptable,
ECG_CH1,3135,2018-04-12 07:49:02,2018-04-12 07:49:17,15,3000,200,0.789162,0.856683,0.000000,1.000000,Barely acceptable,
ECG_CH1,3136,2018-04-12 07:49:17,2018-04-12 07:49:32,15,3000,200,0.735660,0.823110,0.000000,1.000000,Barely acceptable,
ECG_CH1,3137,2018-04-12 07:49:32,2018-04-12 07:49:47,15,3000,200,0.696899,0.747896,0.000000,1.000000,Barely acceptable,
ECG_CH1,3138,2018-04-12 07:49:47,2018-04-12 07:50:02,15,3000,200,0.770366,0.859294,0.000000,1.000000,Barely acceptable,
ECG_CH1,3139,2018-04-12 07:50:02,2018-04-12 07:50:17,15,3000,200,0.708805,0.738240,0.000000,1.000000,Barely acceptable,
ECG_CH1,3140,2018-04-12 07:50:17,2018-04-12 07:50:32,15,3000,200,0.806360,0.901151,0.000000,1.000000,Barely acceptable,
ECG_CH1,3141,2018-04-12 07:50:32,2018-04-12 07:50:47,15,3000,200,0.621603,0.735130,0.000000,1.000000,Barely acceptable,
ECG_CH1,3142,2018-04-12 07:50:47,2018-04-12 07:51:02,15,3000,200,0.833975,0.909195,0.000000,1.000000,Barely acceptable,
ECG_CH1,3143,2018-04-12 07:51:02,2018-04-12 07:51:17,15,3000,200,0.757728,0.833574,0.000000,1.000000,Barely acceptable,
ECG_CH1,3144,2018-04-12 07:51:17,2018-04-12 07:51:32,15,3000,200,0.659484,0.790240,0.000000,1.000000,Barely acceptable,
ECG_CH1,3145,2018-04-12 07:51:32,2018-04-12 07:51:47,15,3000,200,0.733416,0.843972,0.000000,1.000000,Barely acceptable,
ECG_CH1,3146,2018-04-12 07:51:47,2018-04-12 07:52:02,15,3000,200,0.761429,0.880665,0.000000,1.000000,Barely acceptable,
ECG_CH1,3147,2018-04-12 07:52:02,2018-04-12 07:52:17,15,3000,200,0.539781,0.511342,0.000000,1.000000,Barely acceptable,
ECG_CH1,3148,2018-04-12 07:52:17,2018-04-12 07:52:32,15,3000,200,0.626625,0.706178,0.000000,1.000000,Barely acceptable,
ECG_CH1,3149,2018-04-12 07:52:32,2018-04-12 07:52:47,15,3000,200,0.768745,0.888306,0.000000,1.000000,Barely acceptable,
ECG_CH1,3150,2018-04-12 07:52:47,2018-04-12 07:53:02,15,3000,200,0.657293,0.735113,0.000000,1.000000,Barely acceptable,
ECG_CH1,3151,2018-04-12 07:53:02,2018-04-12 07:53:17,15,3000,200,0.589626,0.573569,0.000000,1.000000,Barely acceptable,
ECG_CH1,3152,2018-04-12 07:53:17,2018-04-12 07:53:32,15,3000,200,0.710979,0.812619,0.000000,1.000000,Barely acceptable,
ECG_CH1,3153,2018-04-12 07:53:32,2018-04-12 07:53:47,15,3000,200,0.612015,0.639018,0.000000,1.000000,Barely acceptable,
ECG_CH1,3154,2018-04-12 07:53:47,2018-04-12 07:54:02,15,3000,200,0.810564,0.929474,0.000000,1.000000,Barely acceptable,
ECG_CH1,3155,2018-04-12 07:54:02,2018-04-12 07:54:17,15,3000,200,0.680532,0.758227,0.000000,1.000000,Barely acceptable,
ECG_CH1,3156,2018-04-12 07:54:17,2018-04-12 07:54:32,15,3000,200,0.637126,0.658692,0.000000,1.000000,Barely acceptable,
ECG_CH1,3157,2018-04-12 07:54:32,2018-04-12 07:54:47,15,3000,200,0.712697,0.779706,0.000000,1.000000,Barely acceptable,
ECG_CH1,3158,2018-04-12 07:54:47,2018-04-12 07:55:02,15,3000,200,0.810976,0.903592,0.000000,1.000000,Barely acceptable,
ECG_CH1,3159,2018-04-12 07:55:02,2018-04-12 07:55:17,15,3000,200,0.736278,0.828165,0.000000,1.000000,Barely acceptable,
ECG_CH1,3160,2018-04-12 07:55:17,2018-04-12 07:55:32,15,3000,200,0.629909,0.661485,0.000000,1.000000,Barely acceptable,
ECG_CH1,3161,2018-04-12 07:55:32,2018-04-12 07:55:47,15,3000,200,0.732631,0.831454,0.000000,1.000000,Barely acceptable,
ECG_CH1,3162,2018-04-12 07:55:47,2018-04-12 07:56:02,15,3000,200,0.666768,0.746343,0.000000,1.000000,Barely acceptable,
ECG_CH1,3163,2018-04-12 07:56:02,2018-04-12 07:56:17,15,3000,200,0.708914,0.842686,0.000000,1.000000,Barely acceptable,
ECG_CH1,3164,2018-04-12 07:56:17,2018-04-12 07:56:32,15,3000,200,0.539227,0.517625,0.000000,1.000000,Barely acceptable,
ECG_CH1,3165,2018-04-12 07:56:32,2018-04-12 07:56:47,15,3000,200,0.718872,0.770670,0.000000,1.000000,Barely acceptable,
ECG_CH1,3166,2018-04-12 07:56:47,2018-04-12 07:57:02,15,3000,200,0.683446,0.793149,0.000000,1.000000,Barely acceptable,
ECG_CH1,3167,2018-04-12 07:57:02,2018-04-12 07:57:17,15,3000,200,0.723672,0.849527,0.000000,1.000000,Barely acceptable,
ECG_CH1,3168,2018-04-12 07:57:17,2018-04-12 07:57:32,15,3000,200,0.785115,0.895502,0.000000,1.000000,Barely acceptable,
ECG_CH1,3169,2018-04-12 07:57:32,2018-04-12 07:57:47,15,3000,200,0.780155,0.827370,0.000000,1.000000,Barely acceptable,
ECG_CH1,3170,2018-04-12 07:57:47,2018-04-12 07:58:02,15,3000,200,0.662333,0.780637,0.000000,1.000000,Barely acceptable,
ECG_CH1,3171,2018-04-12 07:58:02,2018-04-12 07:58:17,15,3000,200,0.678148,0.737490,0.000000,1.000000,Barely acceptable,
ECG_CH1,3172,2018-04-12 07:58:17,2018-04-12 07:58:32,15,3000,200,0.738171,0.843830,0.000000,1.000000,Barely acceptable,
ECG_CH1,3173,2018-04-12 07:58:32,2018-04-12 07:58:47,15,3000,200,0.653237,0.758627,0.000000,1.000000,Barely acceptable,
ECG_CH1,3174,2018-04-12 07:58:47,2018-04-12 07:59:02,15,3000,200,0.648409,0.744580,0.000000,1.000000,Barely acceptable,
ECG_CH1,3175,2018-04-12 07:59:02,2018-04-12 07:59:17,15,3000,200,0.637038,0.733217,0.000000,1.000000,Barely acceptable,
ECG_CH1,3176,2018-04-12 07:59:17,2018-04-12 07:59:32,15,3000,200,0.772265,0.874552,0.000000,1.000000,Barely acceptable,
ECG_CH1,3177,2018-04-12 07:59:32,2018-04-12 07:59:47,15,3000,200,0.544822,0.513454,0.000000,1.000000,Barely acceptable,
ECG_CH1,3178,2018-04-12 07:59:47,2018-04-12 08:00:02,15,3000,200,0.630892,0.701724,0.000000,1.000000,Barely acceptable,
ECG_CH1,3179,2018-04-12 08:00:02,2018-04-12 08:00:17,15,3000,200,0.618023,0.712296,0.000000,1.000000,Barely acceptable,
ECG_CH1,3180,2018-04-12 08:00:17,2018-04-12 08:00:32,15,3000,200,0.841001,0.910120,0.000000,1.000000,Barely acceptable,
ECG_CH1,3181,2018-04-12 08:00:32,2018-04-12 08:00:47,15,3000,200,0.791745,0.932301,0.000000,1.000000,Barely acceptable,
ECG_CH1,3182,2018-04-12 08:00:47,2018-04-12 08:01:02,15,3000,200,0.764829,0.850878,0.000000,1.000000,Barely acceptable,
ECG_CH1,3183,2018-04-12 08:01:02,2018-04-12 08:01:17,15,3000,200,0.815400,0.894629,0.000000,1.000000,Barely acceptable,
ECG_CH1,3184,2018-04-12 08:01:17,2018-04-12 08:01:32,15,3000,200,0.701337,0.701128,0.000000,1.000000,Barely acceptable,
ECG_CH1,3185,2018-04-12 08:01:32,2018-04-12 08:01:47,15,3000,200,0.654923,0.664405,0.000000,1.000000,Barely acceptable,
ECG_CH1,3186,2018-04-12 08:01:47,2018-04-12 08:02:02,15,3000,200,0.524705,0.571320,0.000000,1.000000,Barely acceptable,
ECG_CH1,3187,2018-04-12 08:02:02,2018-04-12 08:02:17,15,3000,200,0.727833,0.795799,0.000000,1.000000,Barely acceptable,
ECG_CH1,3188,2018-04-12 08:02:17,2018-04-12 08:02:32,15,3000,200,0.837396,0.924048,0.000000,1.000000,Barely acceptable,
ECG_CH1,3189,2018-04-12 08:02:32,2018-04-12 08:02:47,15,3000,200,0.829315,0.935684,0.000000,1.000000,Barely acceptable,
ECG_CH1,3190,2018-04-12 08:02:47,2018-04-12 08:03:02,15,3000,200,0.665634,0.718803,0.000000,1.000000,Barely acceptable,
ECG_CH1,3191,2018-04-12 08:03:02,2018-04-12 08:03:17,15,3000,200,0.793027,0.884477,0.000000,1.000000,Barely acceptable,
ECG_CH1,3192,2018-04-12 08:03:17,2018-04-12 08:03:32,15,3000,200,0.809312,0.908950,0.000000,1.000000,Barely acceptable,
ECG_CH1,3193,2018-04-12 08:03:32,2018-04-12 08:03:47,15,3000,200,0.760230,0.896939,0.000000,1.000000,Barely acceptable,
ECG_CH1,3194,2018-04-12 08:03:47,2018-04-12 08:04:02,15,3000,200,0.670427,0.746115,0.000000,1.000000,Barely acceptable,
ECG_CH1,3195,2018-04-12 08:04:02,2018-04-12 08:04:17,15,3000,200,0.724035,0.820742,0.000000,1.000000,Barely acceptable,
ECG_CH1,3196,2018-04-12 08:04:17,2018-04-12 08:04:32,15,3000,200,0.605026,0.695734,0.000000,1.000000,Barely acceptable,
ECG_CH1,3197,2018-04-12 08:04:32,2018-04-12 08:04:47,15,3000,200,0.764252,0.865656,0.000000,1.000000,Barely acceptable,
ECG_CH1,3198,2018-04-12 08:04:47,2018-04-12 08:05:02,15,3000,200,0.792907,0.882815,0.000000,1.000000,Barely acceptable,
ECG_CH1,3199,2018-04-12 08:05:02,2018-04-12 08:05:17,15,3000,200,0.593066,0.583836,0.000000,1.000000,Barely acceptable,
ECG_CH1,3200,2018-04-12 08:05:17,2018-04-12 08:05:32,15,3000,200,0.577168,0.586057,0.000000,1.000000,Barely acceptable,
ECG_CH1,3201,2018-04-12 08:05:32,2018-04-12 08:05:47,15,3000,200,0.803569,0.937216,0.000000,1.000000,Barely acceptable,
ECG_CH1,3202,2018-04-12 08:05:47,2018-04-12 08:06:02,15,3000,200,0.739092,0.822595,0.000000,1.000000,Barely acceptable,
ECG_CH1,3203,2018-04-12 08:06:02,2018-04-12 08:06:17,15,3000,200,0.788194,0.866368,0.000000,1.000000,Barely acceptable,
ECG_CH1,3204,2018-04-12 08:06:17,2018-04-12 08:06:32,15,3000,200,0.611298,0.589874,0.000000,1.000000,Barely acceptable,
ECG_CH1,3205,2018-04-12 08:06:32,2018-04-12 08:06:47,15,3000,200,0.785060,0.844816,0.000000,1.000000,Barely acceptable,
ECG_CH1,3206,2018-04-12 08:06:47,2018-04-12 08:07:02,15,3000,200,0.579052,0.601918,0.000000,1.000000,Barely acceptable,
ECG_CH1,3207,2018-04-12 08:07:02,2018-04-12 08:07:17,15,3000,200,0.751082,0.868720,0.000000,1.000000,Barely acceptable,
ECG_CH1,3208,2018-04-12 08:07:17,2018-04-12 08:07:32,15,3000,200,0.665926,0.698969,0.000000,1.000000,Barely acceptable,
ECG_CH1,3209,2018-04-12 08:07:32,2018-04-12 08:07:47,15,3000,200,0.851013,0.914443,0.000000,1.000000,Barely acceptable,
ECG_CH1,3210,2018-04-12 08:07:47,2018-04-12 08:08:02,15,3000,200,0.738637,0.839886,0.000000,1.000000,Barely acceptable,
ECG_CH1,3211,2018-04-12 08:08:02,2018-04-12 08:08:17,15,3000,200,0.787066,0.916602,0.000000,1.000000,Barely acceptable,
ECG_CH1,3212,2018-04-12 08:08:17,2018-04-12 08:08:32,15,3000,200,0.602385,0.603116,0.000000,1.000000,Barely acceptable,
ECG_CH1,3213,2018-04-12 08:08:32,2018-04-12 08:08:47,15,3000,200,0.748429,0.892752,0.000000,1.000000,Barely acceptable,
ECG_CH1,3214,2018-04-12 08:08:47,2018-04-12 08:09:02,15,3000,200,0.722728,0.784408,0.000000,1.000000,Unacceptable,
ECG_CH1,3215,2018-04-12 08:09:02,2018-04-12 08:09:17,15,3000,200,0.792394,0.845245,0.000000,1.000000,Barely acceptable,
ECG_CH1,3216,2018-04-12 08:09:17,2018-04-12 08:09:32,15,3000,200,0.798778,0.879125,0.000000,1.000000,Barely acceptable,
ECG_CH1,3217,2018-04-12 08:09:32,2018-04-12 08:09:47,15,3000,200,0.664525,0.732221,0.000000,1.000000,Barely acceptable,
ECG_CH1,3218,2018-04-12 08:09:47,2018-04-12 08:10:02,15,3000,200,0.831903,0.934360,0.000000,1.000000,Barely acceptable,
ECG_CH1,3219,2018-04-12 08:10:02,2018-04-12 08:10:17,15,3000,200,0.663032,0.773858,0.000000,1.000000,Barely acceptable,
ECG_CH1,3220,2018-04-12 08:10:17,2018-04-12 08:10:32,15,3000,200,0.746031,0.829275,0.000000,1.000000,Barely acceptable,
ECG_CH1,3221,2018-04-12 08:10:32,2018-04-12 08:10:47,15,3000,200,0.507432,0.489700,0.000000,1.000000,Barely acceptable,
ECG_CH1,3222,2018-04-12 08:10:47,2018-04-12 08:11:02,15,3000,200,0.771965,0.840627,0.000000,1.000000,Unacceptable,
ECG_CH1,3223,2018-04-12 08:11:02,2018-04-12 08:11:17,15,3000,200,0.750266,0.853880,0.000000,1.000000,Barely acceptable,
ECG_CH1,3224,2018-04-12 08:11:17,2018-04-12 08:11:32,15,3000,200,0.682307,0.808504,0.000000,1.000000,Barely acceptable,
ECG_CH1,3225,2018-04-12 08:11:32,2018-04-12 08:11:47,15,3000,200,0.708554,0.888241,0.000000,1.000000,Barely acceptable,
ECG_CH1,3226,2018-04-12 08:11:47,2018-04-12 08:12:02,15,3000,200,0.726678,0.829226,0.000000,1.000000,Barely acceptable,
ECG_CH1,3227,2018-04-12 08:12:02,2018-04-12 08:12:17,15,3000,200,0.761227,0.909446,0.000000,1.000000,Barely acceptable,
ECG_CH1,3228,2018-04-12 08:12:17,2018-04-12 08:12:32,15,3000,200,0.747434,0.856385,0.000000,1.000000,Barely acceptable,
ECG_CH1,3229,2018-04-12 08:12:32,2018-04-12 08:12:47,15,3000,200,0.673062,0.760547,0.000000,1.000000,Barely acceptable,
ECG_CH1,3230,2018-04-12 08:12:47,2018-04-12 08:13:02,15,3000,200,0.712445,0.796420,0.000000,1.000000,Barely acceptable,
ECG_CH1,3231,2018-04-12 08:13:02,2018-04-12 08:13:17,15,3000,200,0.844040,0.932884,0.000000,1.000000,Barely acceptable,
ECG_CH1,3232,2018-04-12 08:13:17,2018-04-12 08:13:32,15,3000,200,0.704567,0.776971,0.000000,1.000000,Barely acceptable,
ECG_CH1,3233,2018-04-12 08:13:32,2018-04-12 08:13:47,15,3000,200,0.819599,0.914806,0.000000,1.000000,Barely acceptable,
ECG_CH1,3234,2018-04-12 08:13:47,2018-04-12 08:14:02,15,3000,200,0.798741,0.904830,0.000000,1.000000,Barely acceptable,
ECG_CH1,3235,2018-04-12 08:14:02,2018-04-12 08:14:17,15,3000,200,0.798151,0.927610,0.000000,1.000000,Barely acceptable,
ECG_CH1,3236,2018-04-12 08:14:17,2018-04-12 08:14:32,15,3000,200,0.781129,0.922537,0.000000,1.000000,Barely acceptable,
ECG_CH1,3237,2018-04-12 08:14:32,2018-04-12 08:14:47,15,3000,200,0.635303,0.596467,0.000000,1.000000,Barely acceptable,
ECG_CH1,3238,2018-04-12 08:14:47,2018-04-12 08:15:02,15,3000,200,0.567163,0.695410,0.000000,1.000000,Barely acceptable,
ECG_CH1,3239,2018-04-12 08:15:02,2018-04-12 08:15:17,15,3000,200,0.724747,0.722086,0.000000,1.000000,Barely acceptable,
ECG_CH1,3240,2018-04-12 08:15:17,2018-04-12 08:15:32,15,3000,200,0.766627,0.842183,0.000000,1.000000,Barely acceptable,
ECG_CH1,3241,2018-04-12 08:15:32,2018-04-12 08:15:47,15,3000,200,0.709509,0.834832,0.000000,1.000000,Barely acceptable,
ECG_CH1,3242,2018-04-12 08:15:47,2018-04-12 08:16:02,15,3000,200,0.535303,0.592839,0.000000,1.000000,Barely acceptable,
ECG_CH1,3243,2018-04-12 08:16:02,2018-04-12 08:16:17,15,3000,200,0.751846,0.846392,0.000000,1.000000,Barely acceptable,
ECG_CH1,3244,2018-04-12 08:16:17,2018-04-12 08:16:32,15,3000,200,0.780186,0.864600,0.000000,1.000000,Barely acceptable,
ECG_CH1,3245,2018-04-12 08:16:32,2018-04-12 08:16:47,15,3000,200,0.736799,0.772309,0.000000,1.000000,Barely acceptable,
ECG_CH1,3246,2018-04-12 08:16:47,2018-04-12 08:17:02,15,3000,200,0.800716,0.904601,0.000000,1.000000,Barely acceptable,
ECG_CH1,3247,2018-04-12 08:17:02,2018-04-12 08:17:17,15,3000,200,0.715195,0.849072,0.000000,1.000000,Barely acceptable,
ECG_CH1,3248,2018-04-12 08:17:17,2018-04-12 08:17:32,15,3000,200,0.680282,0.771536,0.000000,1.000000,Barely acceptable,
ECG_CH1,3249,2018-04-12 08:17:32,2018-04-12 08:17:47,15,3000,200,0.756151,0.834234,0.000000,1.000000,Barely acceptable,
ECG_CH1,3250,2018-04-12 08:17:47,2018-04-12 08:18:02,15,3000,200,0.759471,0.810136,0.000000,1.000000,Barely acceptable,
ECG_CH1,3251,2018-04-12 08:18:02,2018-04-12 08:18:17,15,3000,200,0.585429,0.565319,0.000000,1.000000,Barely acceptable,
ECG_CH1,3252,2018-04-12 08:18:17,2018-04-12 08:18:32,15,3000,200,0.755574,0.840072,0.000000,1.000000,Barely acceptable,
ECG_CH1,3253,2018-04-12 08:18:32,2018-04-12 08:18:47,15,3000,200,0.836233,0.923613,0.000000,1.000000,Barely acceptable,
ECG_CH1,3254,2018-04-12 08:18:47,2018-04-12 08:19:02,15,3000,200,0.643351,0.768398,0.000000,1.000000,Barely acceptable,
ECG_CH1,3255,2018-04-12 08:19:02,2018-04-12 08:19:17,15,3000,200,0.745342,0.832475,0.000000,1.000000,Barely acceptable,
ECG_CH1,3256,2018-04-12 08:19:17,2018-04-12 08:19:32,15,3000,200,0.671063,0.895725,0.000000,1.000000,Barely acceptable,
ECG_CH1,3257,2018-04-12 08:19:32,2018-04-12 08:19:47,15,3000,200,0.780714,0.894613,0.000000,1.000000,Barely acceptable,
ECG_CH1,3258,2018-04-12 08:19:47,2018-04-12 08:20:02,15,3000,200,0.748888,0.804563,0.000000,1.000000,Barely acceptable,
ECG_CH1,3259,2018-04-12 08:20:02,2018-04-12 08:20:17,15,3000,200,0.704169,0.770245,0.000000,1.000000,Barely acceptable,
ECG_CH1,3260,2018-04-12 08:20:17,2018-04-12 08:20:32,15,3000,200,0.516462,0.594689,0.000000,1.000000,Barely acceptable,
ECG_CH1,3261,2018-04-12 08:20:32,2018-04-12 08:20:47,15,3000,200,0.654766,0.822745,0.000000,1.000000,Barely acceptable,
ECG_CH1,3262,2018-04-12 08:20:47,2018-04-12 08:21:02,15,3000,200,0.744056,0.871644,0.000000,1.000000,Barely acceptable,
ECG_CH1,3263,2018-04-12 08:21:02,2018-04-12 08:21:17,15,3000,200,0.773209,0.871198,0.000000,1.000000,Barely acceptable,
ECG_CH1,3264,2018-04-12 08:21:17,2018-04-12 08:21:32,15,3000,200,0.748662,0.919259,0.000000,1.000000,Barely acceptable,
ECG_CH1,3265,2018-04-12 08:21:32,2018-04-12 08:21:47,15,3000,200,0.722640,0.836958,0.000000,1.000000,Barely acceptable,
ECG_CH1,3266,2018-04-12 08:21:47,2018-04-12 08:22:02,15,3000,200,0.664039,0.877437,0.000000,1.000000,Barely acceptable,
ECG_CH1,3267,2018-04-12 08:22:02,2018-04-12 08:22:17,15,3000,200,0.814366,0.873981,0.000000,1.000000,Barely acceptable,
ECG_CH1,3268,2018-04-12 08:22:17,2018-04-12 08:22:32,15,3000,200,0.694861,0.756817,0.000000,1.000000,Barely acceptable,
ECG_CH1,3269,2018-04-12 08:22:32,2018-04-12 08:22:47,15,3000,200,0.686701,0.795184,0.000000,1.000000,Barely acceptable,
ECG_CH1,3270,2018-04-12 08:22:47,2018-04-12 08:23:02,15,3000,200,0.688274,0.721750,0.000000,1.000000,Barely acceptable,
ECG_CH1,3271,2018-04-12 08:23:02,2018-04-12 08:23:17,15,3000,200,0.753214,0.826143,0.000000,1.000000,Barely acceptable,
ECG_CH1,3272,2018-04-12 08:23:17,2018-04-12 08:23:32,15,3000,200,0.648655,0.708941,0.000000,1.000000,Barely acceptable,
ECG_CH1,3273,2018-04-12 08:23:32,2018-04-12 08:23:47,15,3000,200,0.596438,0.617316,0.000000,1.000000,Barely acceptable,
ECG_CH1,3274,2018-04-12 08:23:47,2018-04-12 08:24:02,15,3000,200,0.741641,0.814707,0.000000,1.000000,Barely acceptable,
ECG_CH1,3275,2018-04-12 08:24:02,2018-04-12 08:24:17,15,3000,200,0.710321,0.698803,0.000000,1.000000,Barely acceptable,
ECG_CH1,3276,2018-04-12 08:24:17,2018-04-12 08:24:32,15,3000,200,0.680192,0.850753,0.000000,1.000000,Barely acceptable,
ECG_CH1,3277,2018-04-12 08:24:32,2018-04-12 08:24:47,15,3000,200,0.775655,0.927792,0.000000,1.000000,Barely acceptable,
ECG_CH1,3278,2018-04-12 08:24:47,2018-04-12 08:25:02,15,3000,200,0.740743,0.863351,0.000000,1.000000,Barely acceptable,
ECG_CH1,3279,2018-04-12 08:25:02,2018-04-12 08:25:17,15,3000,200,0.683404,0.771324,0.000000,1.000000,Barely acceptable,
ECG_CH1,3280,2018-04-12 08:25:17,2018-04-12 08:25:32,15,3000,200,0.794245,0.883912,0.000000,1.000000,Barely acceptable,
ECG_CH1,3281,2018-04-12 08:25:32,2018-04-12 08:25:47,15,3000,200,0.602134,0.722428,0.000000,1.000000,Barely acceptable,
ECG_CH1,3282,2018-04-12 08:25:47,2018-04-12 08:26:02,15,3000,200,0.758267,0.866153,0.000000,1.000000,Barely acceptable,
ECG_CH1,3283,2018-04-12 08:26:02,2018-04-12 08:26:17,15,3000,200,0.685081,0.764423,0.000000,1.000000,Barely acceptable,
ECG_CH1,3284,2018-04-12 08:26:17,2018-04-12 08:26:32,15,3000,200,0.727576,0.847710,0.000000,1.000000,Barely acceptable,
ECG_CH1,3285,2018-04-12 08:26:32,2018-04-12 08:26:47,15,3000,200,0.581484,0.619198,0.000000,1.000000,Barely acceptable,
ECG_CH1,3286,2018-04-12 08:26:47,2018-04-12 08:27:02,15,3000,200,0.768772,0.790914,0.000000,1.000000,Barely acceptable,
ECG_CH1,3287,2018-04-12 08:27:02,2018-04-12 08:27:17,15,3000,200,0.663708,0.754164,0.000000,1.000000,Barely acceptable,
ECG_CH1,3288,2018-04-12 08:27:17,2018-04-12 08:27:32,15,3000,200,0.700526,0.878328,0.000000,1.000000,Barely acceptable,
ECG_CH1,3289,2018-04-12 08:27:32,2018-04-12 08:27:47,15,3000,200,0.787215,0.886111,0.000000,1.000000,Barely acceptable,
ECG_CH1,3290,2018-04-12 08:27:47,2018-04-12 08:28:02,15,3000,200,0.774307,0.874523,0.000000,1.000000,Barely acceptable,
ECG_CH1,3291,2018-04-12 08:28:02,2018-04-12 08:28:17,15,3000,200,0.868954,0.915603,0.000000,1.000000,Barely acceptable,
ECG_CH1,3292,2018-04-12 08:28:17,2018-04-12 08:28:32,15,3000,200,0.727794,0.842939,0.000000,1.000000,Barely acceptable,
ECG_CH1,3293,2018-04-12 08:28:32,2018-04-12 08:28:47,15,3000,200,0.772408,0.908526,0.000000,1.000000,Barely acceptable,
ECG_CH1,3294,2018-04-12 08:28:47,2018-04-12 08:29:02,15,3000,200,0.729780,0.868955,0.000000,1.000000,Barely acceptable,
ECG_CH1,3295,2018-04-12 08:29:02,2018-04-12 08:29:17,15,3000,200,0.721191,0.787432,0.000000,1.000000,Barely acceptable,
ECG_CH1,3296,2018-04-12 08:29:17,2018-04-12 08:29:32,15,3000,200,0.625492,0.695515,0.000000,1.000000,Barely acceptable,
ECG_CH1,3297,2018-04-12 08:29:32,2018-04-12 08:29:47,15,3000,200,0.765577,0.863629,0.000000,1.000000,Barely acceptable,
ECG_CH1,3298,2018-04-12 08:29:47,2018-04-12 08:30:02,15,3000,200,0.706192,0.803670,0.000000,1.000000,Barely acceptable,
ECG_CH1,3299,2018-04-12 08:30:02,2018-04-12 08:30:17,15,3000,200,0.737227,0.866811,0.000000,1.000000,Barely acceptable,
ECG_CH1,3300,2018-04-12 08:30:17,2018-04-12 08:30:32,15,3000,200,0.716459,0.763164,0.000000,1.000000,Barely acceptable,
ECG_CH1,3301,2018-04-12 08:30:32,2018-04-12 08:30:47,15,3000,200,0.721165,0.834665,0.000000,1.000000,Barely acceptable,
ECG_CH1,3302,2018-04-12 08:30:47,2018-04-12 08:31:02,15,3000,200,0.676721,0.731391,0.000000,1.000000,Barely acceptable,
ECG_CH1,3303,2018-04-12 08:31:02,2018-04-12 08:31:17,15,3000,200,0.585656,0.570904,0.000000,1.000000,Barely acceptable,
ECG_CH1,3304,2018-04-12 08:31:17,2018-04-12 08:31:32,15,3000,200,0.575363,0.611309,0.000000,1.000000,Barely acceptable,
ECG_CH1,3305,2018-04-12 08:31:32,2018-04-12 08:31:47,15,3000,200,0.833779,0.908923,0.000000,1.000000,Barely acceptable,
ECG_CH1,3306,2018-04-12 08:31:47,2018-04-12 08:32:02,15,3000,200,0.792296,0.897678,0.000000,1.000000,Barely acceptable,
ECG_CH1,3307,2018-04-12 08:32:02,2018-04-12 08:32:17,15,3000,200,0.838409,0.917050,0.000000,1.000000,Barely acceptable,
ECG_CH1,3308,2018-04-12 08:32:17,2018-04-12 08:32:32,15,3000,200,0.786087,0.910340,0.000000,1.000000,Barely acceptable,
ECG_CH1,3309,2018-04-12 08:32:32,2018-04-12 08:32:47,15,3000,200,0.792329,0.861464,0.000000,1.000000,Barely acceptable,
ECG_CH1,3310,2018-04-12 08:32:47,2018-04-12 08:33:02,15,3000,200,0.750712,0.876359,0.000000,1.000000,Barely acceptable,
ECG_CH1,3311,2018-04-12 08:33:02,2018-04-12 08:33:17,15,3000,200,0.743342,0.866599,0.000000,1.000000,Barely acceptable,
ECG_CH1,3312,2018-04-12 08:33:17,2018-04-12 08:33:32,15,3000,200,0.608212,0.767930,0.000000,1.000000,Barely acceptable,
ECG_CH1,3313,2018-04-12 08:33:32,2018-04-12 08:33:47,15,3000,200,0.788736,0.871472,0.000000,1.000000,Barely acceptable,
ECG_CH1,3314,2018-04-12 08:33:47,2018-04-12 08:34:02,15,3000,200,0.788966,0.861270,0.000000,1.000000,Barely acceptable,
ECG_CH1,3315,2018-04-12 08:34:02,2018-04-12 08:34:17,15,3000,200,0.697954,0.811217,0.000000,1.000000,Barely acceptable,
ECG_CH1,3316,2018-04-12 08:34:17,2018-04-12 08:34:32,15,3000,200,0.656327,0.647418,0.000000,1.000000,Barely acceptable,
ECG_CH1,3317,2018-04-12 08:34:32,2018-04-12 08:34:47,15,3000,200,0.760342,0.814954,0.000000,1.000000,Barely acceptable,
ECG_CH1,3318,2018-04-12 08:34:47,2018-04-12 08:35:02,15,3000,200,0.731006,0.854154,0.000000,1.000000,Barely acceptable,
ECG_CH1,3319,2018-04-12 08:35:02,2018-04-12 08:35:17,15,3000,200,0.695585,0.654615,0.000000,1.000000,Barely acceptable,
ECG_CH1,3320,2018-04-12 08:35:17,2018-04-12 08:35:32,15,3000,200,0.709988,0.824701,0.000000,1.000000,Barely acceptable,
ECG_CH1,3321,2018-04-12 08:35:32,2018-04-12 08:35:47,15,3000,200,0.782005,0.880196,0.000000,1.000000,Unacceptable,
ECG_CH1,3322,2018-04-12 08:35:47,2018-04-12 08:36:02,15,3000,200,0.753383,0.765843,0.000000,1.000000,Barely acceptable,
ECG_CH1,3323,2018-04-12 08:36:02,2018-04-12 08:36:17,15,3000,200,0.684023,0.777253,0.000000,1.000000,Barely acceptable,
ECG_CH1,3324,2018-04-12 08:36:17,2018-04-12 08:36:32,15,3000,200,0.826024,0.877319,0.000000,1.000000,Barely acceptable,
ECG_CH1,3325,2018-04-12 08:36:32,2018-04-12 08:36:47,15,3000,200,0.769699,0.903996,0.000000,1.000000,Barely acceptable,
ECG_CH1,3326,2018-04-12 08:36:47,2018-04-12 08:37:02,15,3000,200,0.687069,0.831610,0.000000,1.000000,Barely acceptable,
ECG_CH1,3327,2018-04-12 08:37:02,2018-04-12 08:37:17,15,3000,200,0.610942,0.715515,0.000000,1.000000,Barely acceptable,
ECG_CH1,3328,2018-04-12 08:37:17,2018-04-12 08:37:32,15,3000,200,0.584003,0.579585,0.000000,1.000000,Barely acceptable,
ECG_CH1,3329,2018-04-12 08:37:32,2018-04-12 08:37:47,15,3000,200,0.739025,0.878444,0.000000,1.000000,Barely acceptable,
ECG_CH1,3330,2018-04-12 08:37:47,2018-04-12 08:38:02,15,3000,200,0.692428,0.793724,0.000000,1.000000,Barely acceptable,
ECG_CH1,3331,2018-04-12 08:38:02,2018-04-12 08:38:17,15,3000,200,0.770589,0.869949,0.000000,1.000000,Unacceptable,
ECG_CH1,3332,2018-04-12 08:38:17,2018-04-12 08:38:32,15,3000,200,0.798589,0.883369,0.000000,1.000000,Barely acceptable,
ECG_CH1,3333,2018-04-12 08:38:32,2018-04-12 08:38:47,15,3000,200,0.722554,0.801434,0.000000,1.000000,Barely acceptable,
ECG_CH1,3334,2018-04-12 08:38:47,2018-04-12 08:39:02,15,3000,200,0.805334,0.912812,0.000000,1.000000,Barely acceptable,
ECG_CH1,3335,2018-04-12 08:39:02,2018-04-12 08:39:17,15,3000,200,0.851329,0.919378,0.000000,1.000000,Barely acceptable,
ECG_CH1,3336,2018-04-12 08:39:17,2018-04-12 08:39:32,15,3000,200,0.702350,0.880317,0.000000,1.000000,Barely acceptable,
ECG_CH1,3337,2018-04-12 08:39:32,2018-04-12 08:39:47,15,3000,200,0.734616,0.839045,0.000000,1.000000,Barely acceptable,
ECG_CH1,3338,2018-04-12 08:39:47,2018-04-12 08:40:02,15,3000,200,0.671514,0.735501,0.000000,1.000000,Barely acceptable,
ECG_CH1,3339,2018-04-12 08:40:02,2018-04-12 08:40:17,15,3000,200,0.558375,0.622808,0.000000,1.000000,Barely acceptable,
ECG_CH1,3340,2018-04-12 08:40:17,2018-04-12 08:40:32,15,3000,200,0.666127,0.701464,0.000000,1.000000,Barely acceptable,
ECG_CH1,3341,2018-04-12 08:40:32,2018-04-12 08:40:47,15,3000,200,0.647746,0.687774,0.000000,1.000000,Barely acceptable,
ECG_CH1,3342,2018-04-12 08:40:47,2018-04-12 08:41:02,15,3000,200,0.739403,0.819601,0.000000,1.000000,Unacceptable,
ECG_CH1,3343,2018-04-12 08:41:02,2018-04-12 08:41:17,15,3000,200,0.688357,0.877258,0.000000,1.000000,Barely acceptable,
ECG_CH1,3344,2018-04-12 08:41:17,2018-04-12 08:41:32,15,3000,200,0.798290,0.887819,0.000000,1.000000,Unacceptable,
ECG_CH1,3345,2018-04-12 08:41:32,2018-04-12 08:41:47,15,3000,200,0.771120,0.906855,0.000000,1.000000,Barely acceptable,
ECG_CH1,3346,2018-04-12 08:41:47,2018-04-12 08:42:02,15,3000,200,0.661564,0.745015,0.000000,1.000000,Barely acceptable,
ECG_CH1,3347,2018-04-12 08:42:02,2018-04-12 08:42:17,15,3000,200,0.773569,0.861339,0.000000,1.000000,Barely acceptable,
ECG_CH1,3348,2018-04-12 08:42:17,2018-04-12 08:42:32,15,3000,200,0.787509,0.850818,0.000000,1.000000,Barely acceptable,
ECG_CH1,3349,2018-04-12 08:42:32,2018-04-12 08:42:47,15,3000,200,0.558982,0.684128,0.000000,1.000000,Barely acceptable,
ECG_CH1,3350,2018-04-12 08:42:47,2018-04-12 08:43:02,15,3000,200,0.553060,0.692419,0.000000,1.000000,Barely acceptable,
ECG_CH1,3351,2018-04-12 08:43:02,2018-04-12 08:43:17,15,3000,200,0.815035,0.899480,0.000000,1.000000,Barely acceptable,
ECG_CH1,3352,2018-04-12 08:43:17,2018-04-12 08:43:32,15,3000,200,0.821302,0.861135,0.000000,1.000000,Barely acceptable,
ECG_CH1,3353,2018-04-12 08:43:32,2018-04-12 08:43:47,15,3000,200,0.806973,0.940118,0.000000,1.000000,Barely acceptable,
ECG_CH1,3354,2018-04-12 08:43:47,2018-04-12 08:44:02,15,3000,200,0.752477,0.896024,0.000000,1.000000,Barely acceptable,
ECG_CH1,3355,2018-04-12 08:44:02,2018-04-12 08:44:17,15,3000,200,0.783595,0.893734,0.000000,1.000000,Barely acceptable,
ECG_CH1,3356,2018-04-12 08:44:17,2018-04-12 08:44:32,15,3000,200,0.567758,0.646401,0.000000,1.000000,Barely acceptable,
ECG_CH1,3357,2018-04-12 08:44:32,2018-04-12 08:44:47,15,3000,200,0.810137,0.907966,0.000000,1.000000,Barely acceptable,
ECG_CH1,3358,2018-04-12 08:44:47,2018-04-12 08:45:02,15,3000,200,0.724574,0.791996,0.000000,1.000000,Barely acceptable,
ECG_CH1,3359,2018-04-12 08:45:02,2018-04-12 08:45:17,15,3000,200,0.705267,0.748987,0.000000,1.000000,Barely acceptable,
ECG_CH1,3360,2018-04-12 08:45:17,2018-04-12 08:45:32,15,3000,200,0.659481,0.775323,0.000000,1.000000,Barely acceptable,
ECG_CH1,3361,2018-04-12 08:45:32,2018-04-12 08:45:47,15,3000,200,0.649531,0.670282,0.000000,1.000000,Barely acceptable,
ECG_CH1,3362,2018-04-12 08:45:47,2018-04-12 08:46:02,15,3000,200,0.843643,0.928661,0.000000,1.000000,Barely acceptable,
ECG_CH1,3363,2018-04-12 08:46:02,2018-04-12 08:46:17,15,3000,200,0.647876,0.881787,0.000000,1.000000,Barely acceptable,
ECG_CH1,3364,2018-04-12 08:46:17,2018-04-12 08:46:32,15,3000,200,0.842624,0.937791,0.000000,1.000000,Barely acceptable,
ECG_CH1,3365,2018-04-12 08:46:32,2018-04-12 08:46:47,15,3000,200,0.834478,0.934487,0.000000,1.000000,Barely acceptable,
ECG_CH1,3366,2018-04-12 08:46:47,2018-04-12 08:47:02,15,3000,200,0.704462,0.798185,0.000000,1.000000,Barely acceptable,
ECG_CH1,3367,2018-04-12 08:47:02,2018-04-12 08:47:17,15,3000,200,0.733430,0.833945,0.000000,1.000000,Barely acceptable,
ECG_CH1,3368,2018-04-12 08:47:17,2018-04-12 08:47:32,15,3000,200,0.783836,0.881643,0.000000,1.000000,Barely acceptable,
ECG_CH1,3369,2018-04-12 08:47:32,2018-04-12 08:47:47,15,3000,200,0.827238,0.943141,0.000000,1.000000,Barely acceptable,
ECG_CH1,3370,2018-04-12 08:47:47,2018-04-12 08:48:02,15,3000,200,0.816755,0.915885,0.000000,1.000000,Barely acceptable,
ECG_CH1,3371,2018-04-12 08:48:02,2018-04-12 08:48:17,15,3000,200,0.741494,0.894720,0.000000,1.000000,Barely acceptable,
ECG_CH1,3372,2018-04-12 08:48:17,2018-04-12 08:48:32,15,3000,200,0.690781,0.755675,0.000000,1.000000,Barely acceptable,
ECG_CH1,3373,2018-04-12 08:48:32,2018-04-12 08:48:47,15,3000,200,0.718221,0.809374,0.000000,1.000000,Barely acceptable,
ECG_CH1,3374,2018-04-12 08:48:47,2018-04-12 08:49:02,15,3000,200,0.497902,0.459677,0.000000,1.000000,Barely acceptable,
ECG_CH1,3375,2018-04-12 08:49:02,2018-04-12 08:49:17,15,3000,200,0.763387,0.902362,0.000000,1.000000,Barely acceptable,
ECG_CH1,3376,2018-04-12 08:49:17,2018-04-12 08:49:32,15,3000,200,0.684241,0.686119,0.000000,1.000000,Barely acceptable,
ECG_CH1,3377,2018-04-12 08:49:32,2018-04-12 08:49:47,15,3000,200,0.814486,0.887762,0.000000,1.000000,Barely acceptable,
ECG_CH1,3378,2018-04-12 08:49:47,2018-04-12 08:50:02,15,3000,200,0.778026,0.852488,0.000000,1.000000,Barely acceptable,
ECG_CH1,3379,2018-04-12 08:50:02,2018-04-12 08:50:17,15,3000,200,0.653718,0.820603,0.000000,1.000000,Barely acceptable,
ECG_CH1,3380,2018-04-12 08:50:17,2018-04-12 08:50:32,15,3000,200,0.696678,0.813400,0.000000,1.000000,Barely acceptable,
ECG_CH1,3381,2018-04-12 08:50:32,2018-04-12 08:50:47,15,3000,200,0.574580,0.659683,0.000000,1.000000,Barely acceptable,
ECG_CH1,3382,2018-04-12 08:50:47,2018-04-12 08:51:02,15,3000,200,0.627940,0.733608,0.000000,1.000000,Barely acceptable,
ECG_CH1,3383,2018-04-12 08:51:02,2018-04-12 08:51:17,15,3000,200,0.806269,0.877426,0.000000,1.000000,Barely acceptable,
ECG_CH1,3384,2018-04-12 08:51:17,2018-04-12 08:51:32,15,3000,200,0.691461,0.679853,0.000000,1.000000,Barely acceptable,
ECG_CH1,3385,2018-04-12 08:51:32,2018-04-12 08:51:47,15,3000,200,0.811473,0.915522,0.000000,1.000000,Barely acceptable,
ECG_CH1,3386,2018-04-12 08:51:47,2018-04-12 08:52:02,15,3000,200,0.643609,0.756262,0.000000,1.000000,Barely acceptable,
ECG_CH1,3387,2018-04-12 08:52:02,2018-04-12 08:52:17,15,3000,200,0.639418,0.742698,0.000000,1.000000,Barely acceptable,
ECG_CH1,3388,2018-04-12 08:52:17,2018-04-12 08:52:32,15,3000,200,0.566723,0.554893,0.000000,1.000000,Barely acceptable,
ECG_CH1,3389,2018-04-12 08:52:32,2018-04-12 08:52:47,15,3000,200,0.679596,0.769344,0.000000,1.000000,Barely acceptable,
ECG_CH1,3390,2018-04-12 08:52:47,2018-04-12 08:53:02,15,3000,200,0.649844,0.751850,0.000000,1.000000,Barely acceptable,
ECG_CH1,3391,2018-04-12 08:53:02,2018-04-12 08:53:17,15,3000,200,0.759097,0.859838,0.000000,1.000000,Barely acceptable,
ECG_CH1,3392,2018-04-12 08:53:17,2018-04-12 08:53:32,15,3000,200,0.720147,0.827018,0.000000,1.000000,Barely acceptable,
ECG_CH1,3393,2018-04-12 08:53:32,2018-04-12 08:53:47,15,3000,200,0.794480,0.876877,0.000000,1.000000,Barely acceptable,
ECG_CH1,3394,2018-04-12 08:53:47,2018-04-12 08:54:02,15,3000,200,0.719790,0.846318,0.000000,1.000000,Barely acceptable,
ECG_CH1,3395,2018-04-12 08:54:02,2018-04-12 08:54:17,15,3000,200,0.682177,0.778104,0.000000,1.000000,Barely acceptable,
ECG_CH1,3396,2018-04-12 08:54:17,2018-04-12 08:54:32,15,3000,200,0.664789,0.668210,0.000000,1.000000,Barely acceptable,
ECG_CH1,3397,2018-04-12 08:54:32,2018-04-12 08:54:47,15,3000,200,0.628760,0.597702,0.000000,1.000000,Barely acceptable,
ECG_CH1,3398,2018-04-12 08:54:47,2018-04-12 08:55:02,15,3000,200,0.577245,0.659372,0.000000,1.000000,Barely acceptable,
ECG_CH1,3399,2018-04-12 08:55:02,2018-04-12 08:55:17,15,3000,200,0.705575,0.761803,0.000000,1.000000,Barely acceptable,
ECG_CH1,3400,2018-04-12 08:55:17,2018-04-12 08:55:32,15,3000,200,0.786689,0.848048,0.000000,1.000000,Barely acceptable,
ECG_CH1,3401,2018-04-12 08:55:32,2018-04-12 08:55:47,15,3000,200,0.786518,0.904302,0.000000,1.000000,Barely acceptable,
ECG_CH1,3402,2018-04-12 08:55:47,2018-04-12 08:56:02,15,3000,200,0.768880,0.797317,0.000000,1.000000,Barely acceptable,
ECG_CH1,3403,2018-04-12 08:56:02,2018-04-12 08:56:17,15,3000,200,0.608791,0.665900,0.000000,1.000000,Barely acceptable,
ECG_CH1,3404,2018-04-12 08:56:17,2018-04-12 08:56:32,15,3000,200,0.704609,0.732457,0.000000,1.000000,Barely acceptable,
ECG_CH1,3405,2018-04-12 08:56:32,2018-04-12 08:56:47,15,3000,200,0.792659,0.862174,0.000000,1.000000,Barely acceptable,
ECG_CH1,3406,2018-04-12 08:56:47,2018-04-12 08:57:02,15,3000,200,0.741150,0.844846,0.000000,1.000000,Barely acceptable,
ECG_CH1,3407,2018-04-12 08:57:02,2018-04-12 08:57:17,15,3000,200,0.691757,0.705846,0.000000,1.000000,Barely acceptable,
ECG_CH1,3408,2018-04-12 08:57:17,2018-04-12 08:57:32,15,3000,200,0.820010,0.875705,0.000000,1.000000,Barely acceptable,
ECG_CH1,3409,2018-04-12 08:57:32,2018-04-12 08:57:47,15,3000,200,0.749740,0.837475,0.000000,1.000000,Barely acceptable,
ECG_CH1,3410,2018-04-12 08:57:47,2018-04-12 08:58:02,15,3000,200,0.685748,0.836501,0.000000,1.000000,Barely acceptable,
ECG_CH1,3411,2018-04-12 08:58:02,2018-04-12 08:58:17,15,3000,200,0.786631,0.889438,0.000000,1.000000,Barely acceptable,
ECG_CH1,3412,2018-04-12 08:58:17,2018-04-12 08:58:32,15,3000,200,0.693530,0.718527,0.000000,1.000000,Barely acceptable,
ECG_CH1,3413,2018-04-12 08:58:32,2018-04-12 08:58:47,15,3000,200,0.659873,0.746789,0.000000,1.000000,Barely acceptable,
ECG_CH1,3414,2018-04-12 08:58:47,2018-04-12 08:59:02,15,3000,200,0.654421,0.747062,0.000000,1.000000,Barely acceptable,
ECG_CH1,3415,2018-04-12 08:59:02,2018-04-12 08:59:17,15,3000,200,0.663247,0.730429,0.000000,1.000000,Barely acceptable,
ECG_CH1,3416,2018-04-12 08:59:17,2018-04-12 08:59:32,15,3000,200,0.797908,0.909853,0.000000,1.000000,Barely acceptable,
ECG_CH1,3417,2018-04-12 08:59:32,2018-04-12 08:59:47,15,3000,200,0.806874,0.931488,0.000000,1.000000,Barely acceptable,
ECG_CH1,3418,2018-04-12 08:59:47,2018-04-12 09:00:02,15,3000,200,0.804054,0.840202,0.000000,1.000000,Barely acceptable,
ECG_CH1,3419,2018-04-12 09:00:02,2018-04-12 09:00:17,15,3000,200,0.715382,0.831293,0.000000,1.000000,Barely acceptable,
ECG_CH1,3420,2018-04-12 09:00:17,2018-04-12 09:00:32,15,3000,200,0.750351,0.884711,0.000000,1.000000,Barely acceptable,
ECG_CH1,3421,2018-04-12 09:00:32,2018-04-12 09:00:47,15,3000,200,0.814424,0.896823,0.000000,1.000000,Barely acceptable,
ECG_CH1,3422,2018-04-12 09:00:47,2018-04-12 09:01:02,15,3000,200,0.770356,0.819824,0.000000,1.000000,Barely acceptable,
ECG_CH1,3423,2018-04-12 09:01:02,2018-04-12 09:01:17,15,3000,200,0.743638,0.869670,0.000000,1.000000,Barely acceptable,
ECG_CH1,3424,2018-04-12 09:01:17,2018-04-12 09:01:32,15,3000,200,0.703173,0.834049,0.000000,1.000000,Barely acceptable,
ECG_CH1,3425,2018-04-12 09:01:32,2018-04-12 09:01:47,15,3000,200,0.783975,0.855486,0.000000,1.000000,Barely acceptable,
ECG_CH1,3426,2018-04-12 09:01:47,2018-04-12 09:02:02,15,3000,200,0.579922,0.590222,0.000000,1.000000,Barely acceptable,
ECG_CH1,3427,2018-04-12 09:02:02,2018-04-12 09:02:17,15,3000,200,0.838807,0.942248,0.000000,1.000000,Barely acceptable,
ECG_CH1,3428,2018-04-12 09:02:17,2018-04-12 09:02:32,15,3000,200,0.810754,0.955666,0.000000,1.000000,Barely acceptable,
ECG_CH1,3429,2018-04-12 09:02:32,2018-04-12 09:02:47,15,3000,200,0.841221,0.922661,0.000000,1.000000,Barely acceptable,
ECG_CH1,3430,2018-04-12 09:02:47,2018-04-12 09:03:02,15,3000,200,0.874606,0.953225,0.000000,1.000000,Barely acceptable,
ECG_CH1,3431,2018-04-12 09:03:02,2018-04-12 09:03:17,15,3000,200,0.634413,0.805402,0.000000,1.000000,Barely acceptable,
ECG_CH1,3432,2018-04-12 09:03:17,2018-04-12 09:03:32,15,3000,200,0.740346,0.890648,0.000000,1.000000,Barely acceptable,
ECG_CH1,3433,2018-04-12 09:03:32,2018-04-12 09:03:47,15,3000,200,0.677624,0.751486,0.000000,1.000000,Barely acceptable,
ECG_CH1,3434,2018-04-12 09:03:47,2018-04-12 09:04:02,15,3000,200,0.630090,0.781243,0.000000,1.000000,Barely acceptable,
ECG_CH1,3435,2018-04-12 09:04:02,2018-04-12 09:04:17,15,3000,200,0.746191,0.887552,0.000000,1.000000,Barely acceptable,
ECG_CH1,3436,2018-04-12 09:04:17,2018-04-12 09:04:32,15,3000,200,0.703533,0.815531,0.000000,1.000000,Barely acceptable,
ECG_CH1,3437,2018-04-12 09:04:32,2018-04-12 09:04:47,15,3000,200,0.745604,0.843168,0.000000,1.000000,Barely acceptable,
ECG_CH1,3438,2018-04-12 09:04:47,2018-04-12 09:05:02,15,3000,200,0.579330,0.650441,0.000000,1.000000,Barely acceptable,
ECG_CH1,3439,2018-04-12 09:05:02,2018-04-12 09:05:17,15,3000,200,0.568256,0.615438,0.000000,1.000000,Barely acceptable,
ECG_CH1,3440,2018-04-12 09:05:17,2018-04-12 09:05:32,15,3000,200,0.538657,0.568509,0.000000,1.000000,Barely acceptable,
ECG_CH1,3441,2018-04-12 09:05:32,2018-04-12 09:05:47,15,3000,200,0.665672,0.754380,0.000000,1.000000,Barely acceptable,
ECG_CH1,3442,2018-04-12 09:05:47,2018-04-12 09:06:02,15,3000,200,0.816212,0.917925,0.000000,1.000000,Barely acceptable,
ECG_CH1,3443,2018-04-12 09:06:02,2018-04-12 09:06:17,15,3000,200,0.722466,0.832189,0.000000,1.000000,Barely acceptable,
ECG_CH1,3444,2018-04-12 09:06:17,2018-04-12 09:06:32,15,3000,200,0.837439,0.967502,0.000000,1.000000,Barely acceptable,
ECG_CH1,3445,2018-04-12 09:06:32,2018-04-12 09:06:47,15,3000,200,0.757683,0.862599,0.000000,1.000000,Barely acceptable,
ECG_CH1,3446,2018-04-12 09:06:47,2018-04-12 09:07:02,15,3000,200,0.491207,0.579654,0.000000,1.000000,Barely acceptable,
ECG_CH1,3447,2018-04-12 09:07:02,2018-04-12 09:07:17,15,3000,200,0.519069,0.448338,0.000000,1.000000,Barely acceptable,
ECG_CH1,3448,2018-04-12 09:07:17,2018-04-12 09:07:32,15,3000,200,0.670276,0.753789,0.000000,1.000000,Barely acceptable,
ECG_CH1,3449,2018-04-12 09:07:32,2018-04-12 09:07:47,15,3000,200,0.803827,0.890247,0.000000,1.000000,Barely acceptable,
ECG_CH1,3450,2018-04-12 09:07:47,2018-04-12 09:08:02,15,3000,200,0.798722,0.968605,0.000000,1.000000,Barely acceptable,
ECG_CH1,3451,2018-04-12 09:08:02,2018-04-12 09:08:17,15,3000,200,0.652613,0.705467,0.000000,1.000000,Barely acceptable,
ECG_CH1,3452,2018-04-12 09:08:17,2018-04-12 09:08:32,15,3000,200,0.728416,0.783379,0.000000,1.000000,Barely acceptable,
ECG_CH1,3453,2018-04-12 09:08:32,2018-04-12 09:08:47,15,3000,200,0.584146,0.621950,0.000000,1.000000,Barely acceptable,
ECG_CH1,3454,2018-04-12 09:08:47,2018-04-12 09:09:02,15,3000,200,0.797397,0.883107,0.000000,1.000000,Barely acceptable,
ECG_CH1,3455,2018-04-12 09:09:02,2018-04-12 09:09:17,15,3000,200,0.599866,0.722643,0.000000,1.000000,Barely acceptable,
ECG_CH1,3456,2018-04-12 09:09:17,2018-04-12 09:09:32,15,3000,200,0.763649,0.908718,0.000000,1.000000,Barely acceptable,
ECG_CH1,3457,2018-04-12 09:09:32,2018-04-12 09:09:47,15,3000,200,0.732713,0.907979,0.000000,1.000000,Barely acceptable,
ECG_CH1,3458,2018-04-12 09:09:47,2018-04-12 09:10:02,15,3000,200,0.783725,0.852681,0.000000,1.000000,Barely acceptable,
ECG_CH1,3459,2018-04-12 09:10:02,2018-04-12 09:10:17,15,3000,200,0.674157,0.743473,0.000000,1.000000,Barely acceptable,
ECG_CH1,3460,2018-04-12 09:10:17,2018-04-12 09:10:32,15,3000,200,0.831028,0.941548,0.000000,1.000000,Barely acceptable,
ECG_CH1,3461,2018-04-12 09:10:32,2018-04-12 09:10:47,15,3000,200,0.757467,0.747312,0.000000,1.000000,Barely acceptable,
ECG_CH1,3462,2018-04-12 09:10:47,2018-04-12 09:11:02,15,3000,200,0.655749,0.635350,0.000000,1.000000,Barely acceptable,
ECG_CH1,3463,2018-04-12 09:11:02,2018-04-12 09:11:17,15,3000,200,0.580463,0.653117,0.000000,1.000000,Barely acceptable,
ECG_CH1,3464,2018-04-12 09:11:17,2018-04-12 09:11:32,15,3000,200,0.767673,0.847484,0.000000,1.000000,Barely acceptable,
ECG_CH1,3465,2018-04-12 09:11:32,2018-04-12 09:11:47,15,3000,200,0.652514,0.745749,0.000000,1.000000,Barely acceptable,
ECG_CH1,3466,2018-04-12 09:11:47,2018-04-12 09:12:02,15,3000,200,0.694438,0.822737,0.000000,1.000000,Barely acceptable,
ECG_CH1,3467,2018-04-12 09:12:02,2018-04-12 09:12:17,15,3000,200,0.694029,0.755895,0.000000,1.000000,Barely acceptable,
ECG_CH1,3468,2018-04-12 09:12:17,2018-04-12 09:12:32,15,3000,200,0.736268,0.778961,0.000000,1.000000,Barely acceptable,
ECG_CH1,3469,2018-04-12 09:12:32,2018-04-12 09:12:47,15,3000,200,0.751071,0.903640,0.000000,1.000000,Barely acceptable,
ECG_CH1,3470,2018-04-12 09:12:47,2018-04-12 09:13:02,15,3000,200,0.737355,0.824982,0.000000,1.000000,Barely acceptable,
ECG_CH1,3471,2018-04-12 09:13:02,2018-04-12 09:13:17,15,3000,200,0.729034,0.825406,0.000000,1.000000,Barely acceptable,
ECG_CH1,3472,2018-04-12 09:13:17,2018-04-12 09:13:32,15,3000,200,0.861552,0.955165,0.000000,1.000000,Barely acceptable,
ECG_CH1,3473,2018-04-12 09:13:32,2018-04-12 09:13:47,15,3000,200,0.729794,0.821178,0.000000,1.000000,Barely acceptable,
ECG_CH1,3474,2018-04-12 09:13:47,2018-04-12 09:14:02,15,3000,200,0.768997,0.863687,0.000000,1.000000,Barely acceptable,
ECG_CH1,3475,2018-04-12 09:14:02,2018-04-12 09:14:17,15,3000,200,0.466251,0.509671,0.000000,1.000000,Barely acceptable,
ECG_CH1,3476,2018-04-12 09:14:17,2018-04-12 09:14:32,15,3000,200,0.688423,0.777492,0.000000,1.000000,Barely acceptable,
ECG_CH1,3477,2018-04-12 09:14:32,2018-04-12 09:14:47,15,3000,200,0.561041,0.616869,0.000000,1.000000,Barely acceptable,
ECG_CH1,3478,2018-04-12 09:14:47,2018-04-12 09:15:02,15,3000,200,0.623342,0.683974,0.000000,1.000000,Barely acceptable,
ECG_CH1,3479,2018-04-12 09:15:02,2018-04-12 09:15:17,15,3000,200,0.766656,0.912482,0.000000,1.000000,Barely acceptable,
ECG_CH1,3480,2018-04-12 09:15:17,2018-04-12 09:15:32,15,3000,200,0.574312,0.706168,0.000000,1.000000,Barely acceptable,
ECG_CH1,3481,2018-04-12 09:15:32,2018-04-12 09:15:47,15,3000,200,0.873580,0.938090,0.000000,1.000000,Barely acceptable,
ECG_CH1,3482,2018-04-12 09:15:47,2018-04-12 09:16:02,15,3000,200,0.674303,0.803277,0.000000,1.000000,Barely acceptable,
ECG_CH1,3483,2018-04-12 09:16:02,2018-04-12 09:16:17,15,3000,200,0.784556,0.853988,0.000000,1.000000,Barely acceptable,
ECG_CH1,3484,2018-04-12 09:16:17,2018-04-12 09:16:32,15,3000,200,0.752441,0.827532,0.000000,1.000000,Barely acceptable,
ECG_CH1,3485,2018-04-12 09:16:32,2018-04-12 09:16:47,15,3000,200,0.571129,0.695625,0.000000,1.000000,Barely acceptable,
ECG_CH1,3486,2018-04-12 09:16:47,2018-04-12 09:17:02,15,3000,200,0.663484,0.764604,0.000000,1.000000,Barely acceptable,
ECG_CH1,3487,2018-04-12 09:17:02,2018-04-12 09:17:17,15,3000,200,0.569655,0.610731,0.000000,1.000000,Barely acceptable,
ECG_CH1,3488,2018-04-12 09:17:17,2018-04-12 09:17:32,15,3000,200,0.663260,0.820971,0.000000,1.000000,Barely acceptable,
ECG_CH1,3489,2018-04-12 09:17:32,2018-04-12 09:17:47,15,3000,200,0.713743,0.858473,0.000000,1.000000,Barely acceptable,
ECG_CH1,3490,2018-04-12 09:17:47,2018-04-12 09:18:02,15,3000,200,0.779773,0.878512,0.000000,1.000000,Barely acceptable,
ECG_CH1,3491,2018-04-12 09:18:02,2018-04-12 09:18:17,15,3000,200,0.813518,0.874101,0.000000,1.000000,Barely acceptable,
ECG_CH1,3492,2018-04-12 09:18:17,2018-04-12 09:18:32,15,3000,200,0.811427,0.916732,0.000000,1.000000,Barely acceptable,
ECG_CH1,3493,2018-04-12 09:18:32,2018-04-12 09:18:47,15,3000,200,0.727688,0.833433,0.000000,1.000000,Barely acceptable,
ECG_CH1,3494,2018-04-12 09:18:47,2018-04-12 09:19:02,15,3000,200,0.608575,0.617098,0.000000,1.000000,Barely acceptable,
ECG_CH1,3495,2018-04-12 09:19:02,2018-04-12 09:19:17,15,3000,200,0.851859,0.934758,0.000000,1.000000,Unacceptable,
ECG_CH1,3496,2018-04-12 09:19:17,2018-04-12 09:19:32,15,3000,200,0.626210,0.699045,0.000000,1.000000,Barely acceptable,
ECG_CH1,3497,2018-04-12 09:19:32,2018-04-12 09:19:47,15,3000,200,0.835620,0.902828,0.000000,1.000000,Barely acceptable,
ECG_CH1,3498,2018-04-12 09:19:47,2018-04-12 09:20:02,15,3000,200,0.770059,0.874314,0.000000,1.000000,Barely acceptable,
ECG_CH1,3499,2018-04-12 09:20:02,2018-04-12 09:20:17,15,3000,200,0.809971,0.890083,0.000000,1.000000,Unacceptable,
ECG_CH1,3500,2018-04-12 09:20:17,2018-04-12 09:20:32,15,3000,200,0.741240,0.873156,0.000000,1.000000,Barely acceptable,
ECG_CH1,3501,2018-04-12 09:20:32,2018-04-12 09:20:47,15,3000,200,0.729135,0.877921,0.000000,1.000000,Barely acceptable,
ECG_CH1,3502,2018-04-12 09:20:47,2018-04-12 09:21:02,15,3000,200,0.617667,0.696613,0.000000,1.000000,Barely acceptable,
ECG_CH1,3503,2018-04-12 09:21:02,2018-04-12 09:21:17,15,3000,200,0.630051,0.754541,0.000000,1.000000,Barely acceptable,
ECG_CH1,3504,2018-04-12 09:21:17,2018-04-12 09:21:32,15,3000,200,0.653705,0.687541,0.000000,1.000000,Barely acceptable,
ECG_CH1,3505,2018-04-12 09:21:32,2018-04-12 09:21:47,15,3000,200,0.687377,0.733040,0.000000,1.000000,Barely acceptable,
ECG_CH1,3506,2018-04-12 09:21:47,2018-04-12 09:22:02,15,3000,200,0.746574,0.867091,0.000000,1.000000,Unacceptable,
ECG_CH1,3507,2018-04-12 09:22:02,2018-04-12 09:22:17,15,3000,200,0.621651,0.789030,0.000000,1.000000,Unacceptable,
ECG_CH1,3508,2018-04-12 09:22:17,2018-04-12 09:22:32,15,3000,200,0.825148,0.920403,0.000000,1.000000,Unacceptable,
ECG_CH1,3509,2018-04-12 09:22:32,2018-04-12 09:22:47,15,3000,200,0.564250,0.675366,0.000000,1.000000,Barely acceptable,
ECG_CH1,3510,2018-04-12 09:22:47,2018-04-12 09:23:02,15,3000,200,0.776537,0.794962,0.000000,1.000000,Barely acceptable,
ECG_CH1,3511,2018-04-12 09:23:02,2018-04-12 09:23:17,15,3000,200,0.531263,0.575475,0.000000,1.000000,Barely acceptable,
ECG_CH1,3512,2018-04-12 09:23:17,2018-04-12 09:23:32,15,3000,200,0.667045,0.722116,0.000000,1.000000,Barely acceptable,
ECG_CH1,3513,2018-04-12 09:23:32,2018-04-12 09:23:47,15,3000,200,0.770216,0.895945,0.000000,1.000000,Barely acceptable,
ECG_CH1,3514,2018-04-12 09:23:47,2018-04-12 09:24:02,15,3000,200,0.725946,0.852194,0.000000,1.000000,Barely acceptable,
ECG_CH1,3515,2018-04-12 09:24:02,2018-04-12 09:24:17,15,3000,200,0.726758,0.835977,0.000000,1.000000,Barely acceptable,
ECG_CH1,3516,2018-04-12 09:24:17,2018-04-12 09:24:32,15,3000,200,0.674901,0.771350,0.000000,1.000000,Barely acceptable,
ECG_CH1,3517,2018-04-12 09:24:32,2018-04-12 09:24:47,15,3000,200,0.723138,0.763074,0.000000,1.000000,Unacceptable,
ECG_CH1,3518,2018-04-12 09:24:47,2018-04-12 09:25:02,15,3000,200,0.834892,0.931496,0.000000,1.000000,Barely acceptable,
ECG_CH1,3519,2018-04-12 09:25:02,2018-04-12 09:25:17,15,3000,200,0.849154,0.917484,0.000000,1.000000,Barely acceptable,
ECG_CH1,3520,2018-04-12 09:25:17,2018-04-12 09:25:32,15,3000,200,0.752917,0.834477,0.000000,1.000000,Barely acceptable,
ECG_CH1,3521,2018-04-12 09:25:32,2018-04-12 09:25:47,15,3000,200,0.721346,0.841432,0.000000,1.000000,Barely acceptable,
ECG_CH1,3522,2018-04-12 09:25:47,2018-04-12 09:26:02,15,3000,200,0.813063,0.918461,0.000000,1.000000,Barely acceptable,
ECG_CH1,3523,2018-04-12 09:26:02,2018-04-12 09:26:17,15,3000,200,0.637306,0.634162,0.000000,1.000000,Barely acceptable,
ECG_CH1,3524,2018-04-12 09:26:17,2018-04-12 09:26:32,15,3000,200,0.630834,0.665795,0.000000,1.000000,Barely acceptable,
ECG_CH1,3525,2018-04-12 09:26:32,2018-04-12 09:26:47,15,3000,200,0.726785,0.812181,0.000000,1.000000,Barely acceptable,
ECG_CH1,3526,2018-04-12 09:26:47,2018-04-12 09:27:02,15,3000,200,0.731294,0.891250,0.000000,1.000000,Unacceptable,
ECG_CH1,3527,2018-04-12 09:27:02,2018-04-12 09:27:17,15,3000,200,0.793295,0.912716,0.000000,1.000000,Barely acceptable,
ECG_CH1,3528,2018-04-12 09:27:17,2018-04-12 09:27:32,15,3000,200,0.713633,0.750478,0.000000,1.000000,Barely acceptable,
ECG_CH1,3529,2018-04-12 09:27:32,2018-04-12 09:27:47,15,3000,200,0.696239,0.811362,0.000000,1.000000,Barely acceptable,
ECG_CH1,3530,2018-04-12 09:27:47,2018-04-12 09:28:02,15,3000,200,0.787630,0.934129,0.000000,1.000000,Barely acceptable,
ECG_CH1,3531,2018-04-12 09:28:02,2018-04-12 09:28:17,15,3000,200,0.765540,0.840425,0.000000,1.000000,Barely acceptable,
ECG_CH1,3532,2018-04-12 09:28:17,2018-04-12 09:28:32,15,3000,200,0.764281,0.895339,0.000000,1.000000,Barely acceptable,
ECG_CH1,3533,2018-04-12 09:28:32,2018-04-12 09:28:47,15,3000,200,0.752657,0.898596,0.000000,1.000000,Barely acceptable,
ECG_CH1,3534,2018-04-12 09:28:47,2018-04-12 09:29:02,15,3000,200,0.743628,0.868340,0.000000,1.000000,Barely acceptable,
ECG_CH1,3535,2018-04-12 09:29:02,2018-04-12 09:29:17,15,3000,200,0.818653,0.896842,0.000000,1.000000,Barely acceptable,
ECG_CH1,3536,2018-04-12 09:29:17,2018-04-12 09:29:32,15,3000,200,0.732496,0.878713,0.000000,1.000000,Barely acceptable,
ECG_CH1,3537,2018-04-12 09:29:32,2018-04-12 09:29:47,15,3000,200,0.571789,0.708585,0.000000,1.000000,Barely acceptable,
ECG_CH1,3538,2018-04-12 09:29:47,2018-04-12 09:30:02,15,3000,200,0.796610,0.880653,0.000000,1.000000,Unacceptable,
ECG_CH1,3539,2018-04-12 09:30:02,2018-04-12 09:30:17,15,3000,200,0.559456,0.655641,0.000000,1.000000,Unacceptable,
