lead,window_index,window_start,window_end,duration_seconds,samples,sampling_rate_hz,quality_mean,quality_median,quality_min,quality_max,zhao2018,error
ECG_CH2,0,2022-12-12 15:34:13,2022-12-12 15:34:28,15,3000,200,0.581972,0.738832,0.000000,1.000000,Barely acceptable,
ECG_CH2,1,2022-12-12 15:34:28,2022-12-12 15:34:43,15,3000,200,0.667032,0.672717,0.000000,1.000000,Barely acceptable,
ECG_CH2,2,2022-12-12 15:34:43,2022-12-12 15:34:58,15,3000,200,0.770334,0.869775,0.000000,1.000000,Unacceptable,
ECG_CH2,3,2022-12-12 15:34:58,2022-12-12 15:35:13,15,3000,200,0.651212,0.743856,0.000000,1.000000,Unacceptable,
ECG_CH2,4,2022-12-12 15:35:13,2022-12-12 15:35:28,15,3000,200,0.622362,0.718636,0.000000,1.000000,Barely acceptable,
ECG_CH2,5,2022-12-12 15:35:28,2022-12-12 15:35:43,15,3000,200,0.650873,0.710879,0.000000,1.000000,Barely acceptable,
ECG_CH2,6,2022-12-12 15:35:43,2022-12-12 15:35:58,15,3000,200,0.657773,0.697552,0.000000,1.000000,Barely acceptable,
ECG_CH2,7,2022-12-12 15:35:58,2022-12-12 15:36:13,15,3000,200,0.687487,0.855307,0.000000,1.000000,Barely acceptable,
ECG_CH2,8,2022-12-12 15:36:13,2022-12-12 15:36:28,15,3000,200,0.694607,0.857524,0.000000,1.000000,Barely acceptable,
ECG_CH2,9,2022-12-12 15:36:28,2022-12-12 15:36:43,15,3000,200,0.780406,0.923566,0.000000,1.000000,Barely acceptable,
ECG_CH2,10,2022-12-12 15:36:43,2022-12-12 15:36:58,15,3000,200,0.787216,0.864342,0.000000,1.000000,Barely acceptable,
ECG_CH2,11,2022-12-12 15:36:58,2022-12-12 15:37:13,15,3000,200,0.691270,0.763939,0.000000,1.000000,Unacceptable,
ECG_CH2,12,2022-12-12 15:37:13,2022-12-12 15:37:28,15,3000,200,0.654562,0.766228,0.000000,1.000000,Barely acceptable,
ECG_CH2,13,2022-12-12 15:37:28,2022-12-12 15:37:43,15,3000,200,0.587446,0.636399,0.000000,1.000000,Barely acceptable,
ECG_CH2,14,2022-12-12 15:37:43,2022-12-12 15:37:58,15,3000,200,0.672684,0.672400,0.000000,1.000000,Unacceptable,
ECG_CH2,15,2022-12-12 15:37:58,2022-12-12 15:38:13,15,3000,200,0.750497,0.795962,0.000000,1.000000,Barely acceptable,
ECG_CH2,16,2022-12-12 15:38:13,2022-12-12 15:38:28,15,3000,200,0.656496,0.702979,0.000000,1.000000,Excellent,
ECG_CH2,17,2022-12-12 15:38:28,2022-12-12 15:38:43,15,3000,200,0.628777,0.691086,0.000000,1.000000,Barely acceptable,
ECG_CH2,18,2022-12-12 15:38:43,2022-12-12 15:38:58,15,3000,200,0.677272,0.756710,0.000000,1.000000,Excellent,
ECG_CH2,19,2022-12-12 15:38:58,2022-12-12 15:39:13,15,3000,200,0.796369,0.915856,0.000000,1.000000,Barely acceptable,
ECG_CH2,20,2022-12-12 15:39:13,2022-12-12 15:39:28,15,3000,200,0.645460,0.729591,0.000000,1.000000,Barely acceptable,
ECG_CH2,21,2022-12-12 15:39:28,2022-12-12 15:39:43,15,3000,200,0.662916,0.802137,0.000000,1.000000,Excellent,
ECG_CH2,22,2022-12-12 15:39:43,2022-12-12 15:39:58,15,3000,200,0.773376,0.862929,0.000000,1.000000,Barely acceptable,
ECG_CH2,23,2022-12-12 15:39:58,2022-12-12 15:40:13,15,3000,200,0.805299,0.903621,0.000000,1.000000,Barely acceptable,
ECG_CH2,24,2022-12-12 15:40:13,2022-12-12 15:40:28,15,3000,200,0.771669,0.893939,0.000000,1.000000,Excellent,
ECG_CH2,25,2022-12-12 15:40:28,2022-12-12 15:40:43,15,3000,200,0.409542,0.372490,0.000000,1.000000,Barely acceptable,
ECG_CH2,26,2022-12-12 15:40:43,2022-12-12 15:40:58,15,3000,200,0.762764,0.877202,0.000000,1.000000,Barely acceptable,
ECG_CH2,27,2022-12-12 15:40:58,2022-12-12 15:41:13,15,3000,200,0.619287,0.622629,0.000000,1.000000,Excellent,
ECG_CH2,28,2022-12-12 15:41:13,2022-12-12 15:41:28,15,3000,200,0.651677,0.677615,0.000000,1.000000,Excellent,
ECG_CH2,29,2022-12-12 15:41:28,2022-12-12 15:41:43,15,3000,200,0.696712,0.818821,0.000000,1.000000,Barely acceptable,
ECG_CH2,30,2022-12-12 15:41:43,2022-12-12 15:41:58,15,3000,200,0.763797,0.849729,0.000000,1.000000,Excellent,
ECG_CH2,31,2022-12-12 15:41:58,2022-12-12 15:42:13,15,3000,200,0.778916,0.936886,0.000000,1.000000,Excellent,
ECG_CH2,32,2022-12-12 15:42:13,2022-12-12 15:42:28,15,3000,200,0.633204,0.691748,0.000000,1.000000,Excellent,
ECG_CH2,33,2022-12-12 15:42:28,2022-12-12 15:42:43,15,3000,200,0.636140,0.750077,0.000000,1.000000,Excellent,
ECG_CH2,34,2022-12-12 15:42:43,2022-12-12 15:42:58,15,3000,200,0.694009,0.739963,0.000000,1.000000,Excellent,
ECG_CH2,35,2022-12-12 15:42:58,2022-12-12 15:43:13,15,3000,200,0.664460,0.691461,0.000000,1.000000,Excellent,
ECG_CH2,36,2022-12-12 15:43:13,2022-12-12 15:43:28,15,3000,200,0.681653,0.736900,0.000000,1.000000,Excellent,
ECG_CH2,37,2022-12-12 15:43:28,2022-12-12 15:43:43,15,3000,200,0.714671,0.817150,0.000000,1.000000,Excellent,
ECG_CH2,38,2022-12-12 15:43:43,2022-12-12 15:43:58,15,3000,200,0.806773,0.897394,0.000000,1.000000,Excellent,
ECG_CH2,39,2022-12-12 15:43:58,2022-12-12 15:44:13,15,3000,200,0.676587,0.831466,0.000000,1.000000,Barely acceptable,
ECG_CH2,40,2022-12-12 15:44:13,2022-12-12 15:44:28,15,3000,200,0.666115,0.832021,0.000000,1.000000,Excellent,
ECG_CH2,41,2022-12-12 15:44:28,2022-12-12 15:44:43,15,3000,200,0.772326,0.912518,0.000000,1.000000,Barely acceptable,
ECG_CH2,42,2022-12-12 15:44:43,2022-12-12 15:44:58,15,3000,200,0.644533,0.658655,0.000000,1.000000,Barely acceptable,
ECG_CH2,43,2022-12-12 15:44:58,2022-12-12 15:45:13,15,3000,200,0.687722,0.807626,0.000000,1.000000,Barely acceptable,
ECG_CH2,44,2022-12-12 15:45:13,2022-12-12 15:45:28,15,3000,200,0.746706,0.811090,0.000000,1.000000,Barely acceptable,
ECG_CH2,45,2022-12-12 15:45:28,2022-12-12 15:45:43,15,3000,200,0.743404,0.864186,0.000000,1.000000,Barely acceptable,
ECG_CH2,46,2022-12-12 15:45:43,2022-12-12 15:45:58,15,3000,200,0.700724,0.812470,0.000000,1.000000,Barely acceptable,
ECG_CH2,47,2022-12-12 15:45:58,2022-12-12 15:46:13,15,3000,200,0.659854,0.833132,0.000000,1.000000,Barely acceptable,
ECG_CH2,48,2022-12-12 15:46:13,2022-12-12 15:46:28,15,3000,200,0.686437,0.856352,0.000000,1.000000,Barely acceptable,
ECG_CH2,49,2022-12-12 15:46:28,2022-12-12 15:46:43,15,3000,200,0.653776,0.689635,0.000000,1.000000,Excellent,
ECG_CH2,50,2022-12-12 15:46:43,2022-12-12 15:46:58,15,3000,200,0.772080,0.846963,0.000000,1.000000,Barely acceptable,
ECG_CH2,51,2022-12-12 15:46:58,2022-12-12 15:47:13,15,3000,200,0.844738,0.965784,0.000000,1.000000,Barely acceptable,
ECG_CH2,52,2022-12-12 15:47:13,2022-12-12 15:47:28,15,3000,200,0.709550,0.776973,0.000000,1.000000,Unacceptable,
ECG_CH2,53,2022-12-12 15:47:28,2022-12-12 15:47:43,15,3000,200,0.808278,0.884536,0.000000,1.000000,Barely acceptable,
ECG_CH2,54,2022-12-12 15:47:43,2022-12-12 15:47:58,15,3000,200,0.776761,0.881441,0.000000,1.000000,Barely acceptable,
ECG_CH2,55,2022-12-12 15:47:58,2022-12-12 15:48:13,15,3000,200,0.546930,0.719599,0.000000,1.000000,Barely acceptable,
ECG_CH2,56,2022-12-12 15:48:13,2022-12-12 15:48:28,15,3000,200,0.689525,0.781164,0.000000,1.000000,Barely acceptable,
ECG_CH2,57,2022-12-12 15:48:28,2022-12-12 15:48:43,15,3000,200,0.766251,0.864214,0.000000,1.000000,Excellent,
ECG_CH2,58,2022-12-12 15:48:43,2022-12-12 15:48:58,15,3000,200,0.753826,0.857573,0.000000,1.000000,Barely acceptable,
ECG_CH2,59,2022-12-12 15:48:58,2022-12-12 15:49:13,15,3000,200,0.729073,0.851619,0.000000,1.000000,Barely acceptable,
ECG_CH2,60,2022-12-12 15:49:13,2022-12-12 15:49:28,15,3000,200,0.754408,0.892514,0.000000,1.000000,Barely acceptable,
ECG_CH2,61,2022-12-12 15:49:28,2022-12-12 15:49:43,15,3000,200,0.802265,0.914486,0.000000,1.000000,Unacceptable,
ECG_CH2,62,2022-12-12 15:49:43,2022-12-12 15:49:58,15,3000,200,0.603684,0.663559,0.000000,1.000000,Barely acceptable,
ECG_CH2,63,2022-12-12 15:49:58,2022-12-12 15:50:13,15,3000,200,0.791224,0.949694,0.000000,1.000000,Barely acceptable,
ECG_CH2,64,2022-12-12 15:50:13,2022-12-12 15:50:28,15,3000,200,0.614062,0.790157,0.000000,1.000000,Unacceptable,
ECG_CH2,65,2022-12-12 15:50:28,2022-12-12 15:50:43,15,3000,200,0.744374,0.836655,0.000000,1.000000,Barely acceptable,
ECG_CH2,66,2022-12-12 15:50:43,2022-12-12 15:50:58,15,3000,200,0.680531,0.845539,0.000000,1.000000,Barely acceptable,
ECG_CH2,67,2022-12-12 15:50:58,2022-12-12 15:51:13,15,3000,200,0.716464,0.825441,0.000000,1.000000,Barely acceptable,
ECG_CH2,68,2022-12-12 15:51:13,2022-12-12 15:51:28,15,3000,200,0.807761,0.898507,0.000000,1.000000,Barely acceptable,
ECG_CH2,69,2022-12-12 15:51:28,2022-12-12 15:51:43,15,3000,200,0.730048,0.761808,0.000000,1.000000,Barely acceptable,
ECG_CH2,70,2022-12-12 15:51:43,2022-12-12 15:51:58,15,3000,200,0.618471,0.750943,0.000000,1.000000,Excellent,
ECG_CH2,71,2022-12-12 15:51:58,2022-12-12 15:52:13,15,3000,200,0.774137,0.819553,0.000000,1.000000,Barely acceptable,
ECG_CH2,72,2022-12-12 15:52:13,2022-12-12 15:52:28,15,3000,200,0.681140,0.777707,0.000000,1.000000,Excellent,
ECG_CH2,73,2022-12-12 15:52:28,2022-12-12 15:52:43,15,3000,200,0.787563,0.894816,0.000000,1.000000,Barely acceptable,
ECG_CH2,74,2022-12-12 15:52:43,2022-12-12 15:52:58,15,3000,200,0.746078,0.912344,0.000000,1.000000,Barely acceptable,
ECG_CH2,75,2022-12-12 15:52:58,2022-12-12 15:53:13,15,3000,200,0.715454,0.792123,0.000000,1.000000,Barely acceptable,
ECG_CH2,76,2022-12-12 15:53:13,2022-12-12 15:53:28,15,3000,200,0.757149,0.890623,0.000000,1.000000,Barely acceptable,
ECG_CH2,77,2022-12-12 15:53:28,2022-12-12 15:53:43,15,3000,200,0.763220,0.906120,0.000000,1.000000,Excellent,
ECG_CH2,78,2022-12-12 15:53:43,2022-12-12 15:53:58,15,3000,200,0.706391,0.849676,0.000000,1.000000,Excellent,
ECG_CH2,79,2022-12-12 15:53:58,2022-12-12 15:54:13,15,3000,200,0.721739,0.782450,0.000000,1.000000,Barely acceptable,
ECG_CH2,80,2022-12-12 15:54:13,2022-12-12 15:54:28,15,3000,200,0.536828,0.550993,0.000000,1.000000,Excellent,
ECG_CH2,81,2022-12-12 15:54:28,2022-12-12 15:54:43,15,3000,200,0.817518,0.932510,0.000000,1.000000,Barely acceptable,
ECG_CH2,82,2022-12-12 15:54:43,2022-12-12 15:54:58,15,3000,200,0.738007,0.823904,0.000000,1.000000,Excellent,
ECG_CH2,83,2022-12-12 15:54:58,2022-12-12 15:55:13,15,3000,200,0.680409,0.771367,0.000000,1.000000,Barely acceptable,
ECG_CH2,84,2022-12-12 15:55:13,2022-12-12 15:55:28,15,3000,200,0.718418,0.816636,0.000000,1.000000,Barely acceptable,
ECG_CH2,85,2022-12-12 15:55:28,2022-12-12 15:55:43,15,3000,200,0.733022,0.788153,0.000000,1.000000,Barely acceptable,
ECG_CH2,86,2022-12-12 15:55:43,2022-12-12 15:55:58,15,3000,200,0.625983,0.775031,0.000000,1.000000,Excellent,
ECG_CH2,87,2022-12-12 15:55:58,2022-12-12 15:56:13,15,3000,200,0.748470,0.837515,0.000000,1.000000,Barely acceptable,
ECG_CH2,88,2022-12-12 15:56:13,2022-12-12 15:56:28,15,3000,200,0.647971,0.687942,0.000000,1.000000,Barely acceptable,
ECG_CH2,89,2022-12-12 15:56:28,2022-12-12 15:56:43,15,3000,200,0.772859,0.861400,0.000000,1.000000,Barely acceptable,
ECG_CH2,90,2022-12-12 15:56:43,2022-12-12 15:56:58,15,3000,200,0.752404,0.915082,0.000000,1.000000,Excellent,
ECG_CH2,91,2022-12-12 15:56:58,2022-12-12 15:57:13,15,3000,200,0.563730,0.675342,0.000000,1.000000,Excellent,
ECG_CH2,92,2022-12-12 15:57:13,2022-12-12 15:57:28,15,3000,200,0.626640,0.769503,0.000000,1.000000,Barely acceptable,
ECG_CH2,93,2022-12-12 15:57:28,2022-12-12 15:57:43,15,3000,200,0.792950,0.925928,0.000000,1.000000,Barely acceptable,
ECG_CH2,94,2022-12-12 15:57:43,2022-12-12 15:57:58,15,3000,200,0.803034,0.863997,0.000000,1.000000,Barely acceptable,
ECG_CH2,95,2022-12-12 15:57:58,2022-12-12 15:58:13,15,3000,200,0.815179,0.921939,0.000000,1.000000,Barely acceptable,
ECG_CH2,96,2022-12-12 15:58:13,2022-12-12 15:58:28,15,3000,200,0.807046,0.907252,0.000000,1.000000,Barely acceptable,
ECG_CH2,97,2022-12-12 15:58:28,2022-12-12 15:58:43,15,3000,200,0.788607,0.926386,0.000000,1.000000,Barely acceptable,
ECG_CH2,98,2022-12-12 15:58:43,2022-12-12 15:58:58,15,3000,200,0.778984,0.955845,0.000000,1.000000,Barely acceptable,
ECG_CH2,99,2022-12-12 15:58:58,2022-12-12 15:59:13,15,3000,200,0.797298,0.947250,0.000000,1.000000,Barely acceptable,
ECG_CH2,100,2022-12-12 15:59:13,2022-12-12 15:59:28,15,3000,200,0.745263,0.801616,0.000000,1.000000,Excellent,
ECG_CH2,101,2022-12-12 15:59:28,2022-12-12 15:59:43,15,3000,200,0.667423,0.823160,0.000000,1.000000,Excellent,
ECG_CH2,102,2022-12-12 15:59:43,2022-12-12 15:59:58,15,3000,200,0.712499,0.821449,0.000000,1.000000,Excellent,
ECG_CH2,103,2022-12-12 15:59:58,2022-12-12 16:00:13,15,3000,200,0.646058,0.740540,0.000000,1.000000,Excellent,
ECG_CH2,104,2022-12-12 16:00:13,2022-12-12 16:00:28,15,3000,200,0.737106,0.839540,0.000000,1.000000,Excellent,
ECG_CH2,105,2022-12-12 16:00:28,2022-12-12 16:00:43,15,3000,200,0.639873,0.652708,0.000000,1.000000,Barely acceptable,
ECG_CH2,106,2022-12-12 16:00:43,2022-12-12 16:00:58,15,3000,200,0.646923,0.593557,0.000000,1.000000,Barely acceptable,
ECG_CH2,107,2022-12-12 16:00:58,2022-12-12 16:01:13,15,3000,200,0.748699,0.920531,0.000000,1.000000,Barely acceptable,
ECG_CH2,108,2022-12-12 16:01:13,2022-12-12 16:01:28,15,3000,200,0.629738,0.777563,0.000000,1.000000,Excellent,
ECG_CH2,109,2022-12-12 16:01:28,2022-12-12 16:01:43,15,3000,200,0.497813,0.404752,0.000000,1.000000,Barely acceptable,
ECG_CH2,110,2022-12-12 16:01:43,2022-12-12 16:01:58,15,3000,200,0.708327,0.839707,0.000000,1.000000,Barely acceptable,
ECG_CH2,111,2022-12-12 16:01:58,2022-12-12 16:02:13,15,3000,200,0.679316,0.818383,0.000000,1.000000,Barely acceptable,
ECG_CH2,112,2022-12-12 16:02:13,2022-12-12 16:02:28,15,3000,200,0.647695,0.715936,0.000000,1.000000,Barely acceptable,
ECG_CH2,113,2022-12-12 16:02:28,2022-12-12 16:02:43,15,3000,200,0.729044,0.881054,0.000000,1.000000,Barely acceptable,
ECG_CH2,114,2022-12-12 16:02:43,2022-12-12 16:02:58,15,3000,200,0.737390,0.899380,0.000000,1.000000,Barely acceptable,
ECG_CH2,115,2022-12-12 16:02:58,2022-12-12 16:03:13,15,3000,200,0.674027,0.752127,0.000000,1.000000,Excellent,
ECG_CH2,116,2022-12-12 16:03:13,2022-12-12 16:03:28,15,3000,200,0.603085,0.595878,0.000000,1.000000,Excellent,
ECG_CH2,117,2022-12-12 16:03:28,2022-12-12 16:03:43,15,3000,200,0.720126,0.815117,0.000000,1.000000,Barely acceptable,
ECG_CH2,118,2022-12-12 16:03:43,2022-12-12 16:03:58,15,3000,200,0.705860,0.753869,0.000000,1.000000,Barely acceptable,
ECG_CH2,119,2022-12-12 16:03:58,2022-12-12 16:04:13,15,3000,200,0.624159,0.611703,0.000000,1.000000,Barely acceptable,
ECG_CH2,120,2022-12-12 16:04:13,2022-12-12 16:04:28,15,3000,200,0.654732,0.718113,0.000000,1.000000,Barely acceptable,
ECG_CH2,121,2022-12-12 16:04:28,2022-12-12 16:04:43,15,3000,200,0.701268,0.740103,0.000000,1.000000,Barely acceptable,
ECG_CH2,122,2022-12-12 16:04:43,2022-12-12 16:04:58,15,3000,200,0.640137,0.714738,0.000000,1.000000,Unacceptable,
ECG_CH2,123,2022-12-12 16:04:58,2022-12-12 16:05:13,15,3000,200,0.774626,0.885092,0.000000,1.000000,Excellent,
ECG_CH2,124,2022-12-12 16:05:13,2022-12-12 16:05:28,15,3000,200,0.691932,0.763039,0.000000,1.000000,Barely acceptable,
ECG_CH2,125,2022-12-12 16:05:28,2022-12-12 16:05:43,15,3000,200,0.740721,0.879339,0.000000,1.000000,Barely acceptable,
ECG_CH2,126,2022-12-12 16:05:43,2022-12-12 16:05:58,15,3000,200,0.708770,0.845905,0.000000,1.000000,Barely acceptable,
ECG_CH2,127,2022-12-12 16:05:58,2022-12-12 16:06:13,15,3000,200,0.634086,0.716980,0.000000,1.000000,Barely acceptable,
ECG_CH2,128,2022-12-12 16:06:13,2022-12-12 16:06:28,15,3000,200,0.470680,0.348288,0.000000,1.000000,Excellent,
ECG_CH2,129,2022-12-12 16:06:28,2022-12-12 16:06:43,15,3000,200,0.681743,0.807248,0.000000,1.000000,Excellent,
ECG_CH2,130,2022-12-12 16:06:43,2022-12-12 16:06:58,15,3000,200,0.746864,0.850586,0.000000,1.000000,Barely acceptable,
ECG_CH2,131,2022-12-12 16:06:58,2022-12-12 16:07:13,15,3000,200,0.687971,0.731165,0.000000,1.000000,Excellent,
ECG_CH2,132,2022-12-12 16:07:13,2022-12-12 16:07:28,15,3000,200,0.819956,0.944891,0.000000,1.000000,Excellent,
ECG_CH2,133,2022-12-12 16:07:28,2022-12-12 16:07:43,15,3000,200,0.764741,0.903843,0.000000,1.000000,Excellent,
ECG_CH2,134,2022-12-12 16:07:43,2022-12-12 16:07:58,15,3000,200,0.624773,0.661015,0.000000,1.000000,Excellent,
ECG_CH2,135,2022-12-12 16:07:58,2022-12-12 16:08:13,15,3000,200,0.758250,0.844712,0.000000,1.000000,Barely acceptable,
ECG_CH2,136,2022-12-12 16:08:13,2022-12-12 16:08:28,15,3000,200,0.574380,0.533579,0.000000,1.000000,Excellent,
ECG_CH2,137,2022-12-12 16:08:28,2022-12-12 16:08:43,15,3000,200,0.648740,0.751504,0.000000,1.000000,Excellent,
ECG_CH2,138,2022-12-12 16:08:43,2022-12-12 16:08:58,15,3000,200,0.660254,0.723028,0.000000,1.000000,Excellent,
ECG_CH2,139,2022-12-12 16:08:58,2022-12-12 16:09:13,15,3000,200,0.564066,0.604522,0.000000,1.000000,Excellent,
ECG_CH2,140,2022-12-12 16:09:13,2022-12-12 16:09:28,15,3000,200,0.710094,0.818941,0.000000,1.000000,Excellent,
ECG_CH2,141,2022-12-12 16:09:28,2022-12-12 16:09:43,15,3000,200,0.629878,0.602072,0.000000,1.000000,Excellent,
ECG_CH2,142,2022-12-12 16:09:43,2022-12-12 16:09:58,15,3000,200,0.575265,0.626463,0.000000,1.000000,Excellent,
ECG_CH2,143,2022-12-12 16:09:58,2022-12-12 16:10:13,15,3000,200,0.719243,0.839435,0.000000,1.000000,Excellent,
ECG_CH2,144,2022-12-12 16:10:13,2022-12-12 16:10:28,15,3000,200,0.690539,0.729610,0.000000,1.000000,Excellent,
ECG_CH2,145,2022-12-12 16:10:28,2022-12-12 16:10:43,15,3000,200,0.703250,0.752711,0.000000,1.000000,Excellent,
ECG_CH2,146,2022-12-12 16:10:43,2022-12-12 16:10:58,15,3000,200,0.589318,0.638584,0.000000,1.000000,Excellent,
ECG_CH2,147,2022-12-12 16:10:58,2022-12-12 16:11:13,15,3000,200,0.702923,0.784315,0.000000,1.000000,Excellent,
ECG_CH2,148,2022-12-12 16:11:13,2022-12-12 16:11:28,15,3000,200,0.627795,0.733440,0.000000,1.000000,Excellent,
ECG_CH2,149,2022-12-12 16:11:28,2022-12-12 16:11:43,15,3000,200,0.576470,0.667709,0.000000,1.000000,Excellent,
ECG_CH2,150,2022-12-12 16:11:43,2022-12-12 16:11:58,15,3000,200,0.591127,0.626053,0.000000,1.000000,Excellent,
ECG_CH2,151,2022-12-12 16:11:58,2022-12-12 16:12:13,15,3000,200,0.700497,0.776625,0.000000,1.000000,Excellent,
ECG_CH2,152,2022-12-12 16:12:13,2022-12-12 16:12:28,15,3000,200,0.583724,0.605427,0.000000,1.000000,Excellent,
ECG_CH2,153,2022-12-12 16:12:28,2022-12-12 16:12:43,15,3000,200,0.621705,0.712324,0.000000,1.000000,Excellent,
ECG_CH2,154,2022-12-12 16:12:43,2022-12-12 16:12:58,15,3000,200,0.539280,0.566997,0.000000,1.000000,Excellent,
ECG_CH2,155,2022-12-12 16:12:58,2022-12-12 16:13:13,15,3000,200,0.672755,0.765830,0.000000,1.000000,Excellent,
ECG_CH2,156,2022-12-12 16:13:13,2022-12-12 16:13:28,15,3000,200,0.603270,0.670544,0.000000,1.000000,Excellent,
ECG_CH2,157,2022-12-12 16:13:28,2022-12-12 16:13:43,15,3000,200,0.515368,0.509239,0.000000,1.000000,Excellent,
ECG_CH2,158,2022-12-12 16:13:43,2022-12-12 16:13:58,15,3000,200,0.633591,0.783361,0.000000,1.000000,Excellent,
ECG_CH2,159,2022-12-12 16:13:58,2022-12-12 16:14:13,15,3000,200,0.622205,0.612557,0.000000,1.000000,Excellent,
ECG_CH2,160,2022-12-12 16:14:13,2022-12-12 16:14:28,15,3000,200,0.610583,0.754031,0.000000,1.000000,Excellent,
ECG_CH2,161,2022-12-12 16:14:28,2022-12-12 16:14:43,15,3000,200,0.794486,0.895008,0.000000,1.000000,Barely acceptable,
ECG_CH2,162,2022-12-12 16:14:43,2022-12-12 16:14:58,15,3000,200,0.762420,0.863592,0.000000,1.000000,Barely acceptable,
ECG_CH2,163,2022-12-12 16:14:58,2022-12-12 16:15:13,15,3000,200,0.642477,0.705136,0.000000,1.000000,Excellent,
ECG_CH2,164,2022-12-12 16:15:13,2022-12-12 16:15:28,15,3000,200,0.725850,0.770279,0.000000,1.000000,Barely acceptable,
ECG_CH2,165,2022-12-12 16:15:28,2022-12-12 16:15:43,15,3000,200,0.615144,0.657252,0.000000,1.000000,Excellent,
ECG_CH2,166,2022-12-12 16:15:43,2022-12-12 16:15:58,15,3000,200,0.668251,0.720278,0.000000,1.000000,Excellent,
ECG_CH2,167,2022-12-12 16:15:58,2022-12-12 16:16:13,15,3000,200,0.677833,0.811590,0.000000,1.000000,Excellent,
ECG_CH2,168,2022-12-12 16:16:13,2022-12-12 16:16:28,15,3000,200,0.529688,0.447293,0.000000,1.000000,Excellent,
ECG_CH2,169,2022-12-12 16:16:28,2022-12-12 16:16:43,15,3000,200,0.713007,0.738815,0.000000,1.000000,Excellent,
ECG_CH2,170,2022-12-12 16:16:43,2022-12-12 16:16:58,15,3000,200,0.722243,0.788890,0.000000,1.000000,Excellent,
ECG_CH2,171,2022-12-12 16:16:58,2022-12-12 16:17:13,15,3000,200,0.525485,0.445501,0.000000,1.000000,Excellent,
ECG_CH2,172,2022-12-12 16:17:13,2022-12-12 16:17:28,15,3000,200,0.759854,0.840639,0.000000,1.000000,Excellent,
ECG_CH2,173,2022-12-12 16:17:28,2022-12-12 16:17:43,15,3000,200,0.834493,0.918364,0.000000,1.000000,Excellent,
ECG_CH2,174,2022-12-12 16:17:43,2022-12-12 16:17:58,15,3000,200,0.630528,0.663734,0.000000,1.000000,Excellent,
ECG_CH2,175,2022-12-12 16:17:58,2022-12-12 16:18:13,15,3000,200,0.387921,0.343226,0.000000,1.000000,Excellent,
ECG_CH2,176,2022-12-12 16:18:13,2022-12-12 16:18:28,15,3000,200,0.686742,0.772634,0.000000,1.000000,Excellent,
ECG_CH2,177,2022-12-12 16:18:28,2022-12-12 16:18:43,15,3000,200,0.633532,0.681718,0.000000,1.000000,Excellent,
ECG_CH2,178,2022-12-12 16:18:43,2022-12-12 16:18:58,15,3000,200,0.672439,0.785450,0.000000,1.000000,Excellent,
ECG_CH2,179,2022-12-12 16:18:58,2022-12-12 16:19:13,15,3000,200,0.713583,0.810732,0.000000,1.000000,Excellent,
ECG_CH2,180,2022-12-12 16:19:13,2022-12-12 16:19:28,15,3000,200,0.724622,0.782982,0.000000,1.000000,Excellent,
ECG_CH2,181,2022-12-12 16:19:28,2022-12-12 16:19:43,15,3000,200,0.522143,0.583419,0.000000,1.000000,Excellent,
ECG_CH2,182,2022-12-12 16:19:43,2022-12-12 16:19:58,15,3000,200,0.586995,0.662439,0.000000,1.000000,Excellent,
ECG_CH2,183,2022-12-12 16:19:58,2022-12-12 16:20:13,15,3000,200,0.701783,0.824114,0.000000,1.000000,Excellent,
ECG_CH2,184,2022-12-12 16:20:13,2022-12-12 16:20:28,15,3000,200,0.639127,0.666292,0.000000,1.000000,Excellent,
ECG_CH2,185,2022-12-12 16:20:28,2022-12-12 16:20:43,15,3000,200,0.590402,0.620857,0.000000,1.000000,Excellent,
ECG_CH2,186,2022-12-12 16:20:43,2022-12-12 16:20:58,15,3000,200,0.520476,0.591424,0.000000,1.000000,Excellent,
ECG_CH2,187,2022-12-12 16:20:58,2022-12-12 16:21:13,15,3000,200,0.695528,0.658917,0.000000,1.000000,Excellent,
ECG_CH2,188,2022-12-12 16:21:13,2022-12-12 16:21:28,15,3000,200,0.627631,0.713768,0.000000,1.000000,Excellent,
ECG_CH2,189,2022-12-12 16:21:28,2022-12-12 16:21:43,15,3000,200,0.788856,0.848570,0.000000,1.000000,Excellent,
ECG_CH2,190,2022-12-12 16:21:43,2022-12-12 16:21:58,15,3000,200,0.725557,0.770772,0.000000,1.000000,Excellent,
ECG_CH2,191,2022-12-12 16:21:58,2022-12-12 16:22:13,15,3000,200,0.655807,0.688670,0.000000,1.000000,Excellent,
ECG_CH2,192,2022-12-12 16:22:13,2022-12-12 16:22:28,15,3000,200,0.759894,0.846144,0.000000,1.000000,Excellent,
ECG_CH2,193,2022-12-12 16:22:28,2022-12-12 16:22:43,15,3000,200,0.623692,0.730661,0.000000,1.000000,Excellent,
ECG_CH2,194,2022-12-12 16:22:43,2022-12-12 16:22:58,15,3000,200,0.797914,0.846919,0.000000,1.000000,Excellent,
ECG_CH2,195,2022-12-12 16:22:58,2022-12-12 16:23:13,15,3000,200,0.755402,0.817733,0.000000,1.000000,Excellent,
ECG_CH2,196,2022-12-12 16:23:13,2022-12-12 16:23:28,15,3000,200,0.762786,0.857393,0.000000,1.000000,Excellent,
ECG_CH2,197,2022-12-12 16:23:28,2022-12-12 16:23:43,15,3000,200,0.850992,0.974431,0.000000,1.000000,Excellent,
ECG_CH2,198,2022-12-12 16:23:43,2022-12-12 16:23:58,15,3000,200,0.800548,0.922643,0.000000,1.000000,Excellent,
ECG_CH2,199,2022-12-12 16:23:58,2022-12-12 16:24:13,15,3000,200,0.500395,0.381628,0.000000,1.000000,Excellent,
ECG_CH2,200,2022-12-12 16:24:13,2022-12-12 16:24:28,15,3000,200,0.760810,0.782689,0.000000,1.000000,Excellent,
ECG_CH2,201,2022-12-12 16:24:28,2022-12-12 16:24:43,15,3000,200,0.621380,0.638865,0.000000,1.000000,Excellent,
ECG_CH2,202,2022-12-12 16:24:43,2022-12-12 16:24:58,15,3000,200,0.531427,0.590130,0.000000,1.000000,Excellent,
ECG_CH2,203,2022-12-12 16:24:58,2022-12-12 16:25:13,15,3000,200,0.508887,0.594195,0.000000,1.000000,Excellent,
ECG_CH2,204,2022-12-12 16:25:13,2022-12-12 16:25:28,15,3000,200,0.608082,0.692497,0.000000,1.000000,Excellent,
ECG_CH2,205,2022-12-12 16:25:28,2022-12-12 16:25:43,15,3000,200,0.794148,0.892894,0.000000,1.000000,Excellent,
ECG_CH2,206,2022-12-12 16:25:43,2022-12-12 16:25:58,15,3000,200,0.719390,0.822845,0.000000,1.000000,Excellent,
ECG_CH2,207,2022-12-12 16:25:58,2022-12-12 16:26:13,15,3000,200,0.682639,0.744617,0.000000,1.000000,Excellent,
ECG_CH2,208,2022-12-12 16:26:13,2022-12-12 16:26:28,15,3000,200,0.587809,0.653759,0.000000,1.000000,Excellent,
ECG_CH2,209,2022-12-12 16:26:28,2022-12-12 16:26:43,15,3000,200,0.645626,0.698549,0.000000,1.000000,Excellent,
ECG_CH2,210,2022-12-12 16:26:43,2022-12-12 16:26:58,15,3000,200,0.584908,0.642545,0.000000,1.000000,Excellent,
ECG_CH2,211,2022-12-12 16:26:58,2022-12-12 16:27:13,15,3000,200,0.677898,0.773860,0.000000,1.000000,Excellent,
ECG_CH2,212,2022-12-12 16:27:13,2022-12-12 16:27:28,15,3000,200,0.678257,0.800488,0.000000,1.000000,Excellent,
ECG_CH2,213,2022-12-12 16:27:28,2022-12-12 16:27:43,15,3000,200,0.661302,0.744975,0.000000,1.000000,Excellent,
ECG_CH2,214,2022-12-12 16:27:43,2022-12-12 16:27:58,15,3000,200,0.708424,0.754207,0.000000,1.000000,Excellent,
ECG_CH2,215,2022-12-12 16:27:58,2022-12-12 16:28:13,15,3000,200,0.589414,0.616211,0.000000,1.000000,Excellent,
ECG_CH2,216,2022-12-12 16:28:13,2022-12-12 16:28:28,15,3000,200,0.621102,0.541546,0.000000,1.000000,Excellent,
ECG_CH2,217,2022-12-12 16:28:28,2022-12-12 16:28:43,15,3000,200,0.564552,0.689106,0.000000,1.000000,Excellent,
ECG_CH2,218,2022-12-12 16:28:43,2022-12-12 16:28:58,15,3000,200,0.701060,0.895752,0.000000,1.000000,Excellent,
ECG_CH2,219,2022-12-12 16:28:58,2022-12-12 16:29:13,15,3000,200,0.755637,0.855713,0.000000,1.000000,Excellent,
ECG_CH2,220,2022-12-12 16:29:13,2022-12-12 16:29:28,15,3000,200,0.699325,0.795379,0.000000,1.000000,Excellent,
ECG_CH2,221,2022-12-12 16:29:28,2022-12-12 16:29:43,15,3000,200,0.655573,0.755463,0.000000,1.000000,Excellent,
ECG_CH2,222,2022-12-12 16:29:43,2022-12-12 16:29:58,15,3000,200,0.576353,0.624237,0.000000,1.000000,Excellent,
ECG_CH2,223,2022-12-12 16:29:58,2022-12-12 16:30:13,15,3000,200,0.643134,0.689225,0.000000,1.000000,Excellent,
ECG_CH2,224,2022-12-12 16:30:13,2022-12-12 16:30:28,15,3000,200,0.674622,0.797494,0.000000,1.000000,Excellent,
ECG_CH2,225,2022-12-12 16:30:28,2022-12-12 16:30:43,15,3000,200,0.546452,0.533955,0.000000,1.000000,Excellent,
ECG_CH2,226,2022-12-12 16:30:43,2022-12-12 16:30:58,15,3000,200,0.794925,0.875657,0.000000,1.000000,Excellent,
ECG_CH2,227,2022-12-12 16:30:58,2022-12-12 16:31:13,15,3000,200,0.776758,0.860029,0.000000,1.000000,Excellent,
ECG_CH2,228,2022-12-12 16:31:13,2022-12-12 16:31:28,15,3000,200,0.677127,0.762272,0.000000,1.000000,Excellent,
ECG_CH2,229,2022-12-12 16:31:28,2022-12-12 16:31:43,15,3000,200,0.594129,0.714710,0.000000,1.000000,Excellent,
ECG_CH2,230,2022-12-12 16:31:43,2022-12-12 16:31:58,15,3000,200,0.659634,0.794138,0.000000,1.000000,Excellent,
ECG_CH2,231,2022-12-12 16:31:58,2022-12-12 16:32:13,15,3000,200,0.596281,0.553993,0.000000,1.000000,Excellent,
ECG_CH2,232,2022-12-12 16:32:13,2022-12-12 16:32:28,15,3000,200,0.729759,0.817963,0.000000,1.000000,Excellent,
ECG_CH2,233,2022-12-12 16:32:28,2022-12-12 16:32:43,15,3000,200,0.721078,0.874789,0.000000,1.000000,Excellent,
ECG_CH2,234,2022-12-12 16:32:43,2022-12-12 16:32:58,15,3000,200,0.589464,0.649334,0.000000,1.000000,Excellent,
ECG_CH2,235,2022-12-12 16:32:58,2022-12-12 16:33:13,15,3000,200,0.777958,0.848133,0.000000,1.000000,Excellent,
ECG_CH2,236,2022-12-12 16:33:13,2022-12-12 16:33:28,15,3000,200,0.754058,0.838284,0.000000,1.000000,Excellent,
ECG_CH2,237,2022-12-12 16:33:28,2022-12-12 16:33:43,15,3000,200,0.773134,0.895845,0.000000,1.000000,Excellent,
ECG_CH2,238,2022-12-12 16:33:43,2022-12-12 16:33:58,15,3000,200,0.809935,0.900344,0.000000,1.000000,Excellent,
ECG_CH2,239,2022-12-12 16:33:58,2022-12-12 16:34:13,15,3000,200,0.640782,0.744198,0.000000,1.000000,Excellent,
ECG_CH2,240,2022-12-12 16:34:13,2022-12-12 16:34:28,15,3000,200,0.680900,0.661290,0.000000,1.000000,Excellent,
ECG_CH2,241,2022-12-12 16:34:28,2022-12-12 16:34:43,15,3000,200,0.841301,0.919560,0.000000,1.000000,Excellent,
ECG_CH2,242,2022-12-12 16:34:43,2022-12-12 16:34:58,15,3000,200,0.758873,0.923483,0.000000,1.000000,Excellent,
ECG_CH2,243,2022-12-12 16:34:58,2022-12-12 16:35:13,15,3000,200,0.535687,0.553842,0.000000,1.000000,Excellent,
ECG_CH2,244,2022-12-12 16:35:13,2022-12-12 16:35:28,15,3000,200,0.655757,0.750360,0.000000,1.000000,Excellent,
ECG_CH2,245,2022-12-12 16:35:28,2022-12-12 16:35:43,15,3000,200,0.651758,0.815864,0.000000,1.000000,Excellent,
ECG_CH2,246,2022-12-12 16:35:43,2022-12-12 16:35:58,15,3000,200,0.638361,0.691651,0.000000,1.000000,Excellent,
ECG_CH2,247,2022-12-12 16:35:58,2022-12-12 16:36:13,15,3000,200,0.762626,0.822061,0.000000,1.000000,Excellent,
ECG_CH2,248,2022-12-12 16:36:13,2022-12-12 16:36:28,15,3000,200,0.732186,0.827109,0.000000,1.000000,Excellent,
ECG_CH2,249,2022-12-12 16:36:28,2022-12-12 16:36:43,15,3000,200,0.540371,0.495707,0.000000,1.000000,Excellent,
ECG_CH2,250,2022-12-12 16:36:43,2022-12-12 16:36:58,15,3000,200,0.815097,0.883841,0.000000,1.000000,Excellent,
ECG_CH2,251,2022-12-12 16:36:58,2022-12-12 16:37:13,15,3000,200,0.722169,0.815421,0.000000,1.000000,Excellent,
ECG_CH2,252,2022-12-12 16:37:13,2022-12-12 16:37:28,15,3000,200,0.704786,0.816162,0.000000,1.000000,Excellent,
ECG_CH2,253,2022-12-12 16:37:28,2022-12-12 16:37:43,15,3000,200,0.628991,0.668474,0.000000,1.000000,Excellent,
ECG_CH2,254,2022-12-12 16:37:43,2022-12-12 16:37:58,15,3000,200,0.617651,0.634663,0.000000,1.000000,Excellent,
ECG_CH2,255,2022-12-12 16:37:58,2022-12-12 16:38:13,15,3000,200,0.614750,0.768676,0.000000,1.000000,Excellent,
ECG_CH2,256,2022-12-12 16:38:13,2022-12-12 16:38:28,15,3000,200,0.723908,0.750363,0.000000,1.000000,Excellent,
ECG_CH2,257,2022-12-12 16:38:28,2022-12-12 16:38:43,15,3000,200,0.801708,0.898187,0.000000,1.000000,Excellent,
ECG_CH2,258,2022-12-12 16:38:43,2022-12-12 16:38:58,15,3000,200,0.847069,0.947841,0.000000,1.000000,Excellent,
ECG_CH2,259,2022-12-12 16:38:58,2022-12-12 16:39:13,15,3000,200,0.696039,0.844164,0.000000,1.000000,Barely acceptable,
ECG_CH2,260,2022-12-12 16:39:13,2022-12-12 16:39:28,15,3000,200,0.571850,0.605487,0.000000,1.000000,Excellent,
ECG_CH2,261,2022-12-12 16:39:28,2022-12-12 16:39:43,15,3000,200,0.619052,0.754431,0.000000,1.000000,Excellent,
ECG_CH2,262,2022-12-12 16:39:43,2022-12-12 16:39:58,15,3000,200,0.574402,0.628511,0.000000,1.000000,Excellent,
ECG_CH2,263,2022-12-12 16:39:58,2022-12-12 16:40:13,15,3000,200,0.685514,0.658368,0.000000,1.000000,Excellent,
ECG_CH2,264,2022-12-12 16:40:13,2022-12-12 16:40:28,15,3000,200,0.642152,0.640181,0.000000,1.000000,Excellent,
ECG_CH2,265,2022-12-12 16:40:28,2022-12-12 16:40:43,15,3000,200,0.773245,0.853489,0.000000,1.000000,Excellent,
ECG_CH2,266,2022-12-12 16:40:43,2022-12-12 16:40:58,15,3000,200,0.450699,0.394622,0.000000,1.000000,Excellent,
ECG_CH2,267,2022-12-12 16:40:58,2022-12-12 16:41:13,15,3000,200,0.657735,0.724788,0.000000,1.000000,Excellent,
ECG_CH2,268,2022-12-12 16:41:13,2022-12-12 16:41:28,15,3000,200,0.513142,0.522231,0.000000,1.000000,Excellent,
ECG_CH2,269,2022-12-12 16:41:28,2022-12-12 16:41:43,15,3000,200,0.469076,0.359047,0.000000,1.000000,Excellent,
ECG_CH2,270,2022-12-12 16:41:43,2022-12-12 16:41:58,15,3000,200,0.661057,0.776747,0.000000,1.000000,Excellent,
ECG_CH2,271,2022-12-12 16:41:58,2022-12-12 16:42:13,15,3000,200,0.754030,0.829626,0.000000,1.000000,Excellent,
ECG_CH2,272,2022-12-12 16:42:13,2022-12-12 16:42:28,15,3000,200,0.637633,0.639838,0.000000,1.000000,Excellent,
ECG_CH2,273,2022-12-12 16:42:28,2022-12-12 16:42:43,15,3000,200,0.557693,0.524509,0.000000,1.000000,Excellent,
ECG_CH2,274,2022-12-12 16:42:43,2022-12-12 16:42:58,15,3000,200,0.675525,0.785125,0.000000,1.000000,Excellent,
ECG_CH2,275,2022-12-12 16:42:58,2022-12-12 16:43:13,15,3000,200,0.560002,0.684474,0.000000,1.000000,Excellent,
ECG_CH2,276,2022-12-12 16:43:13,2022-12-12 16:43:28,15,3000,200,0.656285,0.739041,0.000000,1.000000,Excellent,
ECG_CH2,277,2022-12-12 16:43:28,2022-12-12 16:43:43,15,3000,200,0.666325,0.704290,0.000000,1.000000,Excellent,
ECG_CH2,278,2022-12-12 16:43:43,2022-12-12 16:43:58,15,3000,200,0.666916,0.726168,0.000000,1.000000,Barely acceptable,
ECG_CH2,279,2022-12-12 16:43:58,2022-12-12 16:44:13,15,3000,200,0.668329,0.748358,0.000000,1.000000,Excellent,
ECG_CH2,280,2022-12-12 16:44:13,2022-12-12 16:44:28,15,3000,200,0.676922,0.770222,0.000000,1.000000,Excellent,
ECG_CH2,281,2022-12-12 16:44:28,2022-12-12 16:44:43,15,3000,200,0.674847,0.771540,0.000000,1.000000,Excellent,
ECG_CH2,282,2022-12-12 16:44:43,2022-12-12 16:44:58,15,3000,200,0.804662,0.930390,0.000000,1.000000,Excellent,
ECG_CH2,283,2022-12-12 16:44:58,2022-12-12 16:45:13,15,3000,200,0.667146,0.702213,0.000000,1.000000,Excellent,
ECG_CH2,284,2022-12-12 16:45:13,2022-12-12 16:45:28,15,3000,200,0.622193,0.694445,0.000000,1.000000,Excellent,
ECG_CH2,285,2022-12-12 16:45:28,2022-12-12 16:45:43,15,3000,200,0.627747,0.620937,0.000000,1.000000,Excellent,
ECG_CH2,286,2022-12-12 16:45:43,2022-12-12 16:45:58,15,3000,200,0.687282,0.770148,0.000000,1.000000,Excellent,
ECG_CH2,287,2022-12-12 16:45:58,2022-12-12 16:46:13,15,3000,200,0.758690,0.850359,0.000000,1.000000,Excellent,
ECG_CH2,288,2022-12-12 16:46:13,2022-12-12 16:46:28,15,3000,200,0.528154,0.465942,0.000000,1.000000,Excellent,
ECG_CH2,289,2022-12-12 16:46:28,2022-12-12 16:46:43,15,3000,200,0.594123,0.597691,0.000000,1.000000,Excellent,
ECG_CH2,290,2022-12-12 16:46:43,2022-12-12 16:46:58,15,3000,200,0.636828,0.725352,0.000000,1.000000,Excellent,
ECG_CH2,291,2022-12-12 16:46:58,2022-12-12 16:47:13,15,3000,200,0.629433,0.698385,0.000000,1.000000,Excellent,
ECG_CH2,292,2022-12-12 16:47:13,2022-12-12 16:47:28,15,3000,200,0.711785,0.818764,0.000000,1.000000,Excellent,
ECG_CH2,293,2022-12-12 16:47:28,2022-12-12 16:47:43,15,3000,200,0.631908,0.732091,0.000000,1.000000,Excellent,
ECG_CH2,294,2022-12-12 16:47:43,2022-12-12 16:47:58,15,3000,200,0.640802,0.667707,0.000000,1.000000,Excellent,
ECG_CH2,295,2022-12-12 16:47:58,2022-12-12 16:48:13,15,3000,200,0.549193,0.654100,0.000000,1.000000,Excellent,
ECG_CH2,296,2022-12-12 16:48:13,2022-12-12 16:48:28,15,3000,200,0.598401,0.643497,0.000000,1.000000,Excellent,
ECG_CH2,297,2022-12-12 16:48:28,2022-12-12 16:48:43,15,3000,200,0.606029,0.622973,0.000000,1.000000,Barely acceptable,
ECG_CH2,298,2022-12-12 16:48:43,2022-12-12 16:48:58,15,3000,200,0.605571,0.636842,0.000000,1.000000,Excellent,
ECG_CH2,299,2022-12-12 16:48:58,2022-12-12 16:49:13,15,3000,200,0.715996,0.782990,0.000000,1.000000,Excellent,
ECG_CH2,300,2022-12-12 16:49:13,2022-12-12 16:49:28,15,3000,200,0.643378,0.663912,0.000000,1.000000,Excellent,
ECG_CH2,301,2022-12-12 16:49:28,2022-12-12 16:49:43,15,3000,200,0.692414,0.768634,0.000000,1.000000,Excellent,
ECG_CH2,302,2022-12-12 16:49:43,2022-12-12 16:49:58,15,3000,200,0.784356,0.906117,0.000000,1.000000,Excellent,
ECG_CH2,303,2022-12-12 16:49:58,2022-12-12 16:50:13,15,3000,200,0.824203,0.914438,0.000000,1.000000,Excellent,
ECG_CH2,304,2022-12-12 16:50:13,2022-12-12 16:50:28,15,3000,200,0.631804,0.745260,0.000000,1.000000,Excellent,
ECG_CH2,305,2022-12-12 16:50:28,2022-12-12 16:50:43,15,3000,200,0.627795,0.703069,0.000000,1.000000,Excellent,
ECG_CH2,306,2022-12-12 16:50:43,2022-12-12 16:50:58,15,3000,200,0.693966,0.882016,0.000000,1.000000,Excellent,
ECG_CH2,307,2022-12-12 16:50:58,2022-12-12 16:51:13,15,3000,200,0.561359,0.678543,0.000000,1.000000,Excellent,
ECG_CH2,308,2022-12-12 16:51:13,2022-12-12 16:51:28,15,3000,200,0.742193,0.839579,0.000000,1.000000,Excellent,
ECG_CH2,309,2022-12-12 16:51:28,2022-12-12 16:51:43,15,3000,200,0.670670,0.749635,0.000000,1.000000,Excellent,
ECG_CH2,310,2022-12-12 16:51:43,2022-12-12 16:51:58,15,3000,200,0.487874,0.445756,0.000000,1.000000,Excellent,
ECG_CH2,311,2022-12-12 16:51:58,2022-12-12 16:52:13,15,3000,200,0.459647,0.527683,0.000000,1.000000,Excellent,
ECG_CH2,312,2022-12-12 16:52:13,2022-12-12 16:52:28,15,3000,200,0.688949,0.782581,0.000000,1.000000,Excellent,
ECG_CH2,313,2022-12-12 16:52:28,2022-12-12 16:52:43,15,3000,200,0.821461,0.930269,0.000000,1.000000,Excellent,
ECG_CH2,314,2022-12-12 16:52:43,2022-12-12 16:52:58,15,3000,200,0.635304,0.761690,0.000000,1.000000,Excellent,
ECG_CH2,315,2022-12-12 16:52:58,2022-12-12 16:53:13,15,3000,200,0.622457,0.769609,0.000000,1.000000,Excellent,
ECG_CH2,316,2022-12-12 16:53:13,2022-12-12 16:53:28,15,3000,200,0.539165,0.575397,0.000000,1.000000,Excellent,
ECG_CH2,317,2022-12-12 16:53:28,2022-12-12 16:53:43,15,3000,200,0.577190,0.575132,0.000000,1.000000,Excellent,
ECG_CH2,318,2022-12-12 16:53:43,2022-12-12 16:53:58,15,3000,200,0.761257,0.889872,0.000000,1.000000,Excellent,
ECG_CH2,319,2022-12-12 16:53:58,2022-12-12 16:54:13,15,3000,200,0.670895,0.717016,0.000000,1.000000,Excellent,
ECG_CH2,320,2022-12-12 16:54:13,2022-12-12 16:54:28,15,3000,200,0.812672,0.846286,0.000000,1.000000,Barely acceptable,
ECG_CH2,321,2022-12-12 16:54:28,2022-12-12 16:54:43,15,3000,200,0.605497,0.657532,0.000000,1.000000,Excellent,
ECG_CH2,322,2022-12-12 16:54:43,2022-12-12 16:54:58,15,3000,200,0.746895,0.821699,0.000000,1.000000,Excellent,
ECG_CH2,323,2022-12-12 16:54:58,2022-12-12 16:55:13,15,3000,200,0.648923,0.782681,0.000000,1.000000,Excellent,
ECG_CH2,324,2022-12-12 16:55:13,2022-12-12 16:55:28,15,3000,200,0.691965,0.692513,0.000000,1.000000,Excellent,
ECG_CH2,325,2022-12-12 16:55:28,2022-12-12 16:55:43,15,3000,200,0.663313,0.687820,0.000000,1.000000,Excellent,
ECG_CH2,326,2022-12-12 16:55:43,2022-12-12 16:55:58,15,3000,200,0.641534,0.778429,0.000000,1.000000,Excellent,
ECG_CH2,327,2022-12-12 16:55:58,2022-12-12 16:56:13,15,3000,200,0.777063,0.887567,0.000000,1.000000,Excellent,
ECG_CH2,328,2022-12-12 16:56:13,2022-12-12 16:56:28,15,3000,200,0.633916,0.593495,0.000000,1.000000,Barely acceptable,
ECG_CH2,329,2022-12-12 16:56:28,2022-12-12 16:56:43,15,3000,200,0.637947,0.743438,0.000000,1.000000,Excellent,
ECG_CH2,330,2022-12-12 16:56:43,2022-12-12 16:56:58,15,3000,200,0.506738,0.504241,0.000000,1.000000,Barely acceptable,
ECG_CH2,331,2022-12-12 16:56:58,2022-12-12 16:57:13,15,3000,200,0.590656,0.763423,0.000000,1.000000,Excellent,
ECG_CH2,332,2022-12-12 16:57:13,2022-12-12 16:57:28,15,3000,200,0.659154,0.774877,0.000000,1.000000,Excellent,
ECG_CH2,333,2022-12-12 16:57:28,2022-12-12 16:57:43,15,3000,200,0.611067,0.717878,0.000000,1.000000,Excellent,
ECG_CH2,334,2022-12-12 16:57:43,2022-12-12 16:57:58,15,3000,200,0.605365,0.651180,0.000000,1.000000,Excellent,
ECG_CH2,335,2022-12-12 16:57:58,2022-12-12 16:58:13,15,3000,200,0.666870,0.716639,0.000000,1.000000,Excellent,
ECG_CH2,336,2022-12-12 16:58:13,2022-12-12 16:58:28,15,3000,200,0.592388,0.617783,0.000000,1.000000,Excellent,
ECG_CH2,337,2022-12-12 16:58:28,2022-12-12 16:58:43,15,3000,200,0.609568,0.624048,0.000000,1.000000,Excellent,
ECG_CH2,338,2022-12-12 16:58:43,2022-12-12 16:58:58,15,3000,200,0.589953,0.660488,0.000000,1.000000,Excellent,
ECG_CH2,339,2022-12-12 16:58:58,2022-12-12 16:59:13,15,3000,200,0.557570,0.579033,0.000000,1.000000,Excellent,
ECG_CH2,340,2022-12-12 16:59:13,2022-12-12 16:59:28,15,3000,200,0.642247,0.776460,0.000000,1.000000,Excellent,
ECG_CH2,341,2022-12-12 16:59:28,2022-12-12 16:59:43,15,3000,200,0.691269,0.715490,0.000000,1.000000,Excellent,
ECG_CH2,342,2022-12-12 16:59:43,2022-12-12 16:59:58,15,3000,200,0.615854,0.737780,0.000000,1.000000,Excellent,
ECG_CH2,343,2022-12-12 16:59:58,2022-12-12 17:00:13,15,3000,200,0.637307,0.736982,0.000000,1.000000,Excellent,
ECG_CH2,344,2022-12-12 17:00:13,2022-12-12 17:00:28,15,3000,200,0.647348,0.704564,0.000000,1.000000,Excellent,
ECG_CH2,345,2022-12-12 17:00:28,2022-12-12 17:00:43,15,3000,200,0.743726,0.788895,0.000000,1.000000,Excellent,
ECG_CH2,346,2022-12-12 17:00:43,2022-12-12 17:00:58,15,3000,200,0.581359,0.675370,0.000000,1.000000,Excellent,
ECG_CH2,347,2022-12-12 17:00:58,2022-12-12 17:01:13,15,3000,200,0.613678,0.685676,0.000000,1.000000,Excellent,
ECG_CH2,348,2022-12-12 17:01:13,2022-12-12 17:01:28,15,3000,200,0.575051,0.685460,0.000000,1.000000,Excellent,
ECG_CH2,349,2022-12-12 17:01:28,2022-12-12 17:01:43,15,3000,200,0.553323,0.585067,0.000000,1.000000,Excellent,
ECG_CH2,350,2022-12-12 17:01:43,2022-12-12 17:01:58,15,3000,200,0.561690,0.639505,0.000000,1.000000,Excellent,
ECG_CH2,351,2022-12-12 17:01:58,2022-12-12 17:02:13,15,3000,200,0.711848,0.762263,0.000000,1.000000,Excellent,
ECG_CH2,352,2022-12-12 17:02:13,2022-12-12 17:02:28,15,3000,200,0.635923,0.797233,0.000000,1.000000,Excellent,
ECG_CH2,353,2022-12-12 17:02:28,2022-12-12 17:02:43,15,3000,200,0.615389,0.717326,0.000000,1.000000,Excellent,
ECG_CH2,354,2022-12-12 17:02:43,2022-12-12 17:02:58,15,3000,200,0.601546,0.514195,0.000000,1.000000,Excellent,
ECG_CH2,355,2022-12-12 17:02:58,2022-12-12 17:03:13,15,3000,200,0.586910,0.673809,0.000000,1.000000,Excellent,
ECG_CH2,356,2022-12-12 17:03:13,2022-12-12 17:03:28,15,3000,200,0.639624,0.726894,0.000000,1.000000,Excellent,
ECG_CH2,357,2022-12-12 17:03:28,2022-12-12 17:03:43,15,3000,200,0.550969,0.539458,0.000000,1.000000,Excellent,
ECG_CH2,358,2022-12-12 17:03:43,2022-12-12 17:03:58,15,3000,200,0.620965,0.694433,0.000000,1.000000,Excellent,
ECG_CH2,359,2022-12-12 17:03:58,2022-12-12 17:04:13,15,3000,200,0.739020,0.830577,0.000000,1.000000,Excellent,
ECG_CH2,360,2022-12-12 17:04:13,2022-12-12 17:04:28,15,3000,200,0.643849,0.635384,0.000000,1.000000,Excellent,
ECG_CH2,361,2022-12-12 17:04:28,2022-12-12 17:04:43,15,3000,200,0.596760,0.622871,0.000000,1.000000,Excellent,
ECG_CH2,362,2022-12-12 17:04:43,2022-12-12 17:04:58,15,3000,200,0.658917,0.731775,0.000000,1.000000,Excellent,
ECG_CH2,363,2022-12-12 17:04:58,2022-12-12 17:05:13,15,3000,200,0.562986,0.542055,0.000000,1.000000,Excellent,
ECG_CH2,364,2022-12-12 17:05:13,2022-12-12 17:05:28,15,3000,200,0.722451,0.856502,0.000000,1.000000,Excellent,
ECG_CH2,365,2022-12-12 17:05:28,2022-12-12 17:05:43,15,3000,200,0.475897,0.498802,0.000000,1.000000,Excellent,
ECG_CH2,366,2022-12-12 17:05:43,2022-12-12 17:05:58,15,3000,200,0.723842,0.907578,0.000000,1.000000,Excellent,
ECG_CH2,367,2022-12-12 17:05:58,2022-12-12 17:06:13,15,3000,200,0.681355,0.768169,0.000000,1.000000,Excellent,
ECG_CH2,368,2022-12-12 17:06:13,2022-12-12 17:06:28,15,3000,200,0.528686,0.558389,0.000000,1.000000,Excellent,
ECG_CH2,369,2022-12-12 17:06:28,2022-12-12 17:06:43,15,3000,200,0.565189,0.559137,0.000000,1.000000,Excellent,
ECG_CH2,370,2022-12-12 17:06:43,2022-12-12 17:06:58,15,3000,200,0.660098,0.705250,0.000000,1.000000,Excellent,
ECG_CH2,371,2022-12-12 17:06:58,2022-12-12 17:07:13,15,3000,200,0.518293,0.522659,0.000000,1.000000,Excellent,
ECG_CH2,372,2022-12-12 17:07:13,2022-12-12 17:07:28,15,3000,200,0.761662,0.863602,0.000000,1.000000,Excellent,
ECG_CH2,373,2022-12-12 17:07:28,2022-12-12 17:07:43,15,3000,200,0.785125,0.884658,0.000000,1.000000,Excellent,
ECG_CH2,374,2022-12-12 17:07:43,2022-12-12 17:07:58,15,3000,200,0.628850,0.746991,0.000000,1.000000,Excellent,
ECG_CH2,375,2022-12-12 17:07:58,2022-12-12 17:08:13,15,3000,200,0.786429,0.881479,0.000000,1.000000,Excellent,
ECG_CH2,376,2022-12-12 17:08:13,2022-12-12 17:08:28,15,3000,200,0.689289,0.761881,0.000000,1.000000,Excellent,
ECG_CH2,377,2022-12-12 17:08:28,2022-12-12 17:08:43,15,3000,200,0.664719,0.733197,0.000000,1.000000,Excellent,
ECG_CH2,378,2022-12-12 17:08:43,2022-12-12 17:08:58,15,3000,200,0.698371,0.769901,0.000000,1.000000,Barely acceptable,
ECG_CH2,379,2022-12-12 17:08:58,2022-12-12 17:09:13,15,3000,200,0.764895,0.858011,0.000000,1.000000,Excellent,
ECG_CH2,380,2022-12-12 17:09:13,2022-12-12 17:09:28,15,3000,200,0.616743,0.722536,0.000000,1.000000,Excellent,
ECG_CH2,381,2022-12-12 17:09:28,2022-12-12 17:09:43,15,3000,200,0.739955,0.848275,0.000000,1.000000,Excellent,
ECG_CH2,382,2022-12-12 17:09:43,2022-12-12 17:09:58,15,3000,200,0.676667,0.809121,0.000000,1.000000,Excellent,
ECG_CH2,383,2022-12-12 17:09:58,2022-12-12 17:10:13,15,3000,200,0.556188,0.596798,0.000000,1.000000,Excellent,
ECG_CH2,384,2022-12-12 17:10:13,2022-12-12 17:10:28,15,3000,200,0.639450,0.709008,0.000000,1.000000,Excellent,
ECG_CH2,385,2022-12-12 17:10:28,2022-12-12 17:10:43,15,3000,200,0.698543,0.881630,0.000000,1.000000,Excellent,
ECG_CH2,386,2022-12-12 17:10:43,2022-12-12 17:10:58,15,3000,200,0.681345,0.816612,0.000000,1.000000,Excellent,
ECG_CH2,387,2022-12-12 17:10:58,2022-12-12 17:11:13,15,3000,200,0.807822,0.916036,0.000000,1.000000,Excellent,
ECG_CH2,388,2022-12-12 17:11:13,2022-12-12 17:11:28,15,3000,200,0.608643,0.580643,0.000000,1.000000,Excellent,
ECG_CH2,389,2022-12-12 17:11:28,2022-12-12 17:11:43,15,3000,200,0.674096,0.853377,0.000000,1.000000,Barely acceptable,
ECG_CH2,390,2022-12-12 17:11:43,2022-12-12 17:11:58,15,3000,200,0.651249,0.707205,0.000000,1.000000,Excellent,
ECG_CH2,391,2022-12-12 17:11:58,2022-12-12 17:12:13,15,3000,200,0.648598,0.735236,0.000000,1.000000,Barely acceptable,
ECG_CH2,392,2022-12-12 17:12:13,2022-12-12 17:12:28,15,3000,200,0.732512,0.842338,0.000000,1.000000,Excellent,
ECG_CH2,393,2022-12-12 17:12:28,2022-12-12 17:12:43,15,3000,200,0.636712,0.736425,0.000000,1.000000,Excellent,
ECG_CH2,394,2022-12-12 17:12:43,2022-12-12 17:12:58,15,3000,200,0.699642,0.899615,0.000000,1.000000,Excellent,
ECG_CH2,395,2022-12-12 17:12:58,2022-12-12 17:13:13,15,3000,200,0.629202,0.653536,0.000000,1.000000,Excellent,
ECG_CH2,396,2022-12-12 17:13:13,2022-12-12 17:13:28,15,3000,200,0.495328,0.509782,0.000000,1.000000,Excellent,
ECG_CH2,397,2022-12-12 17:13:28,2022-12-12 17:13:43,15,3000,200,0.756182,0.865297,0.000000,1.000000,Excellent,
ECG_CH2,398,2022-12-12 17:13:43,2022-12-12 17:13:58,15,3000,200,0.696483,0.816819,0.000000,1.000000,Barely acceptable,
ECG_CH2,399,2022-12-12 17:13:58,2022-12-12 17:14:13,15,3000,200,0.736285,0.872112,0.000000,1.000000,Excellent,
ECG_CH2,400,2022-12-12 17:14:13,2022-12-12 17:14:28,15,3000,200,0.758057,0.832260,0.000000,1.000000,Excellent,
ECG_CH2,401,2022-12-12 17:14:28,2022-12-12 17:14:43,15,3000,200,0.646647,0.605330,0.000000,1.000000,Excellent,
ECG_CH2,402,2022-12-12 17:14:43,2022-12-12 17:14:58,15,3000,200,0.722359,0.895796,0.000000,1.000000,Excellent,
ECG_CH2,403,2022-12-12 17:14:58,2022-12-12 17:15:13,15,3000,200,0.718306,0.828684,0.000000,1.000000,Excellent,
ECG_CH2,404,2022-12-12 17:15:13,2022-12-12 17:15:28,15,3000,200,0.711400,0.841071,0.000000,1.000000,Barely acceptable,
ECG_CH2,405,2022-12-12 17:15:28,2022-12-12 17:15:43,15,3000,200,0.589374,0.810474,0.000000,1.000000,Barely acceptable,
ECG_CH2,406,2022-12-12 17:15:43,2022-12-12 17:15:58,15,3000,200,0.591737,0.645311,0.000000,1.000000,Excellent,
ECG_CH2,407,2022-12-12 17:15:58,2022-12-12 17:16:13,15,3000,200,0.789039,0.865389,0.000000,1.000000,Excellent,
ECG_CH2,408,2022-12-12 17:16:13,2022-12-12 17:16:28,15,3000,200,0.642305,0.771903,0.000000,1.000000,Excellent,
ECG_CH2,409,2022-12-12 17:16:28,2022-12-12 17:16:43,15,3000,200,0.613043,0.650646,0.000000,1.000000,Excellent,
ECG_CH2,410,2022-12-12 17:16:43,2022-12-12 17:16:58,15,3000,200,0.615671,0.643930,0.000000,1.000000,Excellent,
ECG_CH2,411,2022-12-12 17:16:58,2022-12-12 17:17:13,15,3000,200,0.702845,0.832645,0.000000,1.000000,Excellent,
ECG_CH2,412,2022-12-12 17:17:13,2022-12-12 17:17:28,15,3000,200,0.724067,0.826243,0.000000,1.000000,Barely acceptable,
ECG_CH2,413,2022-12-12 17:17:28,2022-12-12 17:17:43,15,3000,200,0.624788,0.678748,0.000000,1.000000,Excellent,
ECG_CH2,414,2022-12-12 17:17:43,2022-12-12 17:17:58,15,3000,200,0.756303,0.901458,0.000000,1.000000,Excellent,
ECG_CH2,415,2022-12-12 17:17:58,2022-12-12 17:18:13,15,3000,200,0.635582,0.718658,0.000000,1.000000,Excellent,
ECG_CH2,416,2022-12-12 17:18:13,2022-12-12 17:18:28,15,3000,200,0.626478,0.701075,0.000000,1.000000,Barely acceptable,
ECG_CH2,417,2022-12-12 17:18:28,2022-12-12 17:18:43,15,3000,200,0.631960,0.663279,0.000000,1.000000,Excellent,
ECG_CH2,418,2022-12-12 17:18:43,2022-12-12 17:18:58,15,3000,200,0.559047,0.671653,0.000000,1.000000,Excellent,
ECG_CH2,419,2022-12-12 17:18:58,2022-12-12 17:19:13,15,3000,200,0.641739,0.783506,0.000000,1.000000,Excellent,
ECG_CH2,420,2022-12-12 17:19:13,2022-12-12 17:19:28,15,3000,200,0.534530,0.521887,0.000000,1.000000,Excellent,
ECG_CH2,421,2022-12-12 17:19:28,2022-12-12 17:19:43,15,3000,200,0.567791,0.546646,0.000000,1.000000,Excellent,
ECG_CH2,422,2022-12-12 17:19:43,2022-12-12 17:19:58,15,3000,200,0.619605,0.689667,0.000000,1.000000,Excellent,
ECG_CH2,423,2022-12-12 17:19:58,2022-12-12 17:20:13,15,3000,200,0.605232,0.654646,0.000000,1.000000,Excellent,
ECG_CH2,424,2022-12-12 17:20:13,2022-12-12 17:20:28,15,3000,200,0.583490,0.638840,0.000000,1.000000,Excellent,
ECG_CH2,425,2022-12-12 17:20:28,2022-12-12 17:20:43,15,3000,200,0.516876,0.555707,0.000000,1.000000,Excellent,
ECG_CH2,426,2022-12-12 17:20:43,2022-12-12 17:20:58,15,3000,200,0.672020,0.697820,0.000000,1.000000,Excellent,
ECG_CH2,427,2022-12-12 17:20:58,2022-12-12 17:21:13,15,3000,200,0.553725,0.604743,0.000000,1.000000,Excellent,
ECG_CH2,428,2022-12-12 17:21:13,2022-12-12 17:21:28,15,3000,200,0.452974,0.432929,0.000000,1.000000,Excellent,
ECG_CH2,429,2022-12-12 17:21:28,2022-12-12 17:21:43,15,3000,200,0.600493,0.645880,0.000000,1.000000,Excellent,
ECG_CH2,430,2022-12-12 17:21:43,2022-12-12 17:21:58,15,3000,200,0.611599,0.659077,0.000000,1.000000,Excellent,
ECG_CH2,431,2022-12-12 17:21:58,2022-12-12 17:22:13,15,3000,200,0.613153,0.678648,0.000000,1.000000,Excellent,
ECG_CH2,432,2022-12-12 17:22:13,2022-12-12 17:22:28,15,3000,200,0.791291,0.885208,0.000000,1.000000,Barely acceptable,
ECG_CH2,433,2022-12-12 17:22:28,2022-12-12 17:22:43,15,3000,200,0.808349,0.944186,0.000000,1.000000,Excellent,
ECG_CH2,434,2022-12-12 17:22:43,2022-12-12 17:22:58,15,3000,200,0.547641,0.551011,0.000000,1.000000,Excellent,
ECG_CH2,435,2022-12-12 17:22:58,2022-12-12 17:23:13,15,3000,200,0.625384,0.623499,0.000000,1.000000,Excellent,
ECG_CH2,436,2022-12-12 17:23:13,2022-12-12 17:23:28,15,3000,200,0.737248,0.808279,0.000000,1.000000,Excellent,
ECG_CH2,437,2022-12-12 17:23:28,2022-12-12 17:23:43,15,3000,200,0.589260,0.628962,0.000000,1.000000,Excellent,
ECG_CH2,438,2022-12-12 17:23:43,2022-12-12 17:23:58,15,3000,200,0.755497,0.825461,0.000000,1.000000,Excellent,
ECG_CH2,439,2022-12-12 17:23:58,2022-12-12 17:24:13,15,3000,200,0.786081,0.952888,0.000000,1.000000,Excellent,
ECG_CH2,440,2022-12-12 17:24:13,2022-12-12 17:24:28,15,3000,200,0.805886,0.944572,0.000000,1.000000,Excellent,
ECG_CH2,441,2022-12-12 17:24:28,2022-12-12 17:24:43,15,3000,200,0.614705,0.682940,0.000000,1.000000,Excellent,
ECG_CH2,442,2022-12-12 17:24:43,2022-12-12 17:24:58,15,3000,200,0.601152,0.665978,0.000000,1.000000,Excellent,
ECG_CH2,443,2022-12-12 17:24:58,2022-12-12 17:25:13,15,3000,200,0.624983,0.667100,0.000000,1.000000,Excellent,
ECG_CH2,444,2022-12-12 17:25:13,2022-12-12 17:25:28,15,3000,200,0.602271,0.603978,0.000000,1.000000,Excellent,
ECG_CH2,445,2022-12-12 17:25:28,2022-12-12 17:25:43,15,3000,200,0.529426,0.483926,0.000000,1.000000,Excellent,
ECG_CH2,446,2022-12-12 17:25:43,2022-12-12 17:25:58,15,3000,200,0.713224,0.769148,0.000000,1.000000,Excellent,
ECG_CH2,447,2022-12-12 17:25:58,2022-12-12 17:26:13,15,3000,200,0.597407,0.586294,0.000000,1.000000,Excellent,
ECG_CH2,448,2022-12-12 17:26:13,2022-12-12 17:26:28,15,3000,200,0.650255,0.807421,0.000000,1.000000,Excellent,
ECG_CH2,449,2022-12-12 17:26:28,2022-12-12 17:26:43,15,3000,200,0.613528,0.673421,0.000000,1.000000,Excellent,
ECG_CH2,450,2022-12-12 17:26:43,2022-12-12 17:26:58,15,3000,200,0.615841,0.644073,0.000000,1.000000,Excellent,
ECG_CH2,451,2022-12-12 17:26:58,2022-12-12 17:27:13,15,3000,200,0.518522,0.505452,0.000000,1.000000,Excellent,
ECG_CH2,452,2022-12-12 17:27:13,2022-12-12 17:27:28,15,3000,200,0.621185,0.631465,0.000000,1.000000,Excellent,
ECG_CH2,453,2022-12-12 17:27:28,2022-12-12 17:27:43,15,3000,200,0.633982,0.705275,0.000000,1.000000,Excellent,
ECG_CH2,454,2022-12-12 17:27:43,2022-12-12 17:27:58,15,3000,200,0.569184,0.608982,0.000000,1.000000,Excellent,
ECG_CH2,455,2022-12-12 17:27:58,2022-12-12 17:28:13,15,3000,200,0.635534,0.715541,0.000000,1.000000,Excellent,
ECG_CH2,456,2022-12-12 17:28:13,2022-12-12 17:28:28,15,3000,200,0.596944,0.722938,0.000000,1.000000,Excellent,
ECG_CH2,457,2022-12-12 17:28:28,2022-12-12 17:28:43,15,3000,200,0.702123,0.828575,0.000000,1.000000,Excellent,
ECG_CH2,458,2022-12-12 17:28:43,2022-12-12 17:28:58,15,3000,200,0.641293,0.630946,0.000000,1.000000,Excellent,
ECG_CH2,459,2022-12-12 17:28:58,2022-12-12 17:29:13,15,3000,200,0.647734,0.647130,0.000000,1.000000,Barely acceptable,
ECG_CH2,460,2022-12-12 17:29:13,2022-12-12 17:29:28,15,3000,200,0.646888,0.758695,0.000000,1.000000,Barely acceptable,
ECG_CH2,461,2022-12-12 17:29:28,2022-12-12 17:29:43,15,3000,200,0.664554,0.769477,0.000000,1.000000,Barely acceptable,
ECG_CH2,462,2022-12-12 17:29:43,2022-12-12 17:29:58,15,3000,200,0.744394,0.873544,0.000000,1.000000,Excellent,
ECG_CH2,463,2022-12-12 17:29:58,2022-12-12 17:30:13,15,3000,200,0.637701,0.744124,0.000000,1.000000,Excellent,
ECG_CH2,464,2022-12-12 17:30:13,2022-12-12 17:30:28,15,3000,200,0.667471,0.754146,0.000000,1.000000,Barely acceptable,
ECG_CH2,465,2022-12-12 17:30:28,2022-12-12 17:30:43,15,3000,200,0.746268,0.855727,0.000000,1.000000,Unacceptable,
ECG_CH2,466,2022-12-12 17:30:43,2022-12-12 17:30:58,15,3000,200,0.746094,0.859804,0.000000,1.000000,Excellent,
ECG_CH2,467,2022-12-12 17:30:58,2022-12-12 17:31:13,15,3000,200,0.668274,0.800007,0.000000,1.000000,Barely acceptable,
ECG_CH2,468,2022-12-12 17:31:13,2022-12-12 17:31:28,15,3000,200,0.623750,0.658782,0.000000,1.000000,Excellent,
ECG_CH2,469,2022-12-12 17:31:28,2022-12-12 17:31:43,15,3000,200,0.732119,0.853562,0.000000,1.000000,Excellent,
ECG_CH2,470,2022-12-12 17:31:43,2022-12-12 17:31:58,15,3000,200,0.598472,0.538059,0.000000,1.000000,Excellent,
ECG_CH2,471,2022-12-12 17:31:58,2022-12-12 17:32:13,15,3000,200,0.732776,0.858766,0.000000,1.000000,Excellent,
ECG_CH2,472,2022-12-12 17:32:13,2022-12-12 17:32:28,15,3000,200,0.769674,0.861260,0.000000,1.000000,Unacceptable,
ECG_CH2,473,2022-12-12 17:32:28,2022-12-12 17:32:43,15,3000,200,0.643837,0.639578,0.000000,1.000000,Excellent,
ECG_CH2,474,2022-12-12 17:32:43,2022-12-12 17:32:58,15,3000,200,0.762058,0.921114,0.000000,1.000000,Barely acceptable,
ECG_CH2,475,2022-12-12 17:32:58,2022-12-12 17:33:13,15,3000,200,0.743292,0.866198,0.000000,1.000000,Barely acceptable,
ECG_CH2,476,2022-12-12 17:33:13,2022-12-12 17:33:28,15,3000,200,0.654389,0.695397,0.000000,1.000000,Excellent,
ECG_CH2,477,2022-12-12 17:33:28,2022-12-12 17:33:43,15,3000,200,0.793039,0.879180,0.000000,1.000000,Barely acceptable,
ECG_CH2,478,2022-12-12 17:33:43,2022-12-12 17:33:58,15,3000,200,0.769140,0.917259,0.000000,1.000000,Excellent,
ECG_CH2,479,2022-12-12 17:33:58,2022-12-12 17:34:13,15,3000,200,0.798037,0.922896,0.000000,1.000000,Excellent,
ECG_CH2,480,2022-12-12 17:34:13,2022-12-12 17:34:28,15,3000,200,0.780192,0.916948,0.000000,1.000000,Excellent,
ECG_CH2,481,2022-12-12 17:34:28,2022-12-12 17:34:43,15,3000,200,0.641305,0.763392,0.000000,1.000000,Barely acceptable,
ECG_CH2,482,2022-12-12 17:34:43,2022-12-12 17:34:58,15,3000,200,0.728947,0.857492,0.000000,1.000000,Barely acceptable,
ECG_CH2,483,2022-12-12 17:34:58,2022-12-12 17:35:13,15,3000,200,0.760282,0.889643,0.000000,1.000000,Barely acceptable,
ECG_CH2,484,2022-12-12 17:35:13,2022-12-12 17:35:28,15,3000,200,0.601062,0.589576,0.000000,1.000000,Excellent,
ECG_CH2,485,2022-12-12 17:35:28,2022-12-12 17:35:43,15,3000,200,0.706175,0.834688,0.000000,1.000000,Excellent,
ECG_CH2,486,2022-12-12 17:35:43,2022-12-12 17:35:58,15,3000,200,0.644283,0.806989,0.000000,1.000000,Barely acceptable,
ECG_CH2,487,2022-12-12 17:35:58,2022-12-12 17:36:13,15,3000,200,0.643145,0.674522,0.000000,1.000000,Barely acceptable,
ECG_CH2,488,2022-12-12 17:36:13,2022-12-12 17:36:28,15,3000,200,0.540374,0.630260,0.000000,1.000000,Excellent,
ECG_CH2,489,2022-12-12 17:36:28,2022-12-12 17:36:43,15,3000,200,0.739094,0.848396,0.000000,1.000000,Barely acceptable,
ECG_CH2,490,2022-12-12 17:36:43,2022-12-12 17:36:58,15,3000,200,0.679145,0.836499,0.000000,1.000000,Barely acceptable,
ECG_CH2,491,2022-12-12 17:36:58,2022-12-12 17:37:13,15,3000,200,0.682947,0.783783,0.000000,1.000000,Barely acceptable,
ECG_CH2,492,2022-12-12 17:37:13,2022-12-12 17:37:28,15,3000,200,0.635142,0.750974,0.000000,1.000000,Barely acceptable,
ECG_CH2,493,2022-12-12 17:37:28,2022-12-12 17:37:43,15,3000,200,0.681885,0.813983,0.000000,1.000000,Barely acceptable,
ECG_CH2,494,2022-12-12 17:37:43,2022-12-12 17:37:58,15,3000,200,0.612153,0.557569,0.000000,1.000000,Barely acceptable,
ECG_CH2,495,2022-12-12 17:37:58,2022-12-12 17:38:13,15,3000,200,0.714365,0.886688,0.000000,1.000000,Barely acceptable,
ECG_CH2,496,2022-12-12 17:38:13,2022-12-12 17:38:28,15,3000,200,0.603780,0.803997,0.000000,1.000000,Barely acceptable,
ECG_CH2,497,2022-12-12 17:38:28,2022-12-12 17:38:43,15,3000,200,0.571196,0.650804,0.000000,1.000000,Excellent,
ECG_CH2,498,2022-12-12 17:38:43,2022-12-12 17:38:58,15,3000,200,0.682638,0.757258,0.000000,1.000000,Excellent,
ECG_CH2,499,2022-12-12 17:38:58,2022-12-12 17:39:13,15,3000,200,0.805267,0.918633,0.000000,1.000000,Barely acceptable,
ECG_CH2,500,2022-12-12 17:39:13,2022-12-12 17:39:28,15,3000,200,0.722650,0.836272,0.000000,1.000000,Barely acceptable,
ECG_CH2,501,2022-12-12 17:39:28,2022-12-12 17:39:43,15,3000,200,0.607682,0.580685,0.000000,1.000000,Barely acceptable,
ECG_CH2,502,2022-12-12 17:39:43,2022-12-12 17:39:58,15,3000,200,0.635649,0.642060,0.000000,1.000000,Barely acceptable,
ECG_CH2,503,2022-12-12 17:39:58,2022-12-12 17:40:13,15,3000,200,0.736557,0.836476,0.000000,1.000000,Barely acceptable,
ECG_CH2,504,2022-12-12 17:40:13,2022-12-12 17:40:28,15,3000,200,0.685016,0.682956,0.000000,1.000000,Excellent,
ECG_CH2,505,2022-12-12 17:40:28,2022-12-12 17:40:43,15,3000,200,0.607638,0.628717,0.000000,1.000000,Excellent,
ECG_CH2,506,2022-12-12 17:40:43,2022-12-12 17:40:58,15,3000,200,0.765901,0.964141,0.000000,1.000000,Barely acceptable,
ECG_CH2,507,2022-12-12 17:40:58,2022-12-12 17:41:13,15,3000,200,0.747395,0.886220,0.000000,1.000000,Barely acceptable,
ECG_CH2,508,2022-12-12 17:41:13,2022-12-12 17:41:28,15,3000,200,0.736067,0.893220,0.000000,1.000000,Excellent,
ECG_CH2,509,2022-12-12 17:41:28,2022-12-12 17:41:43,15,3000,200,0.682520,0.769649,0.000000,1.000000,Excellent,
ECG_CH2,510,2022-12-12 17:41:43,2022-12-12 17:41:58,15,3000,200,0.653059,0.708520,0.000000,1.000000,Excellent,
ECG_CH2,511,2022-12-12 17:41:58,2022-12-12 17:42:13,15,3000,200,0.706423,0.749808,0.000000,1.000000,Excellent,
ECG_CH2,512,2022-12-12 17:42:13,2022-12-12 17:42:28,15,3000,200,0.590345,0.667748,0.000000,1.000000,Excellent,
ECG_CH2,513,2022-12-12 17:42:28,2022-12-12 17:42:43,15,3000,200,0.606953,0.730058,0.000000,1.000000,Excellent,
ECG_CH2,514,2022-12-12 17:42:43,2022-12-12 17:42:58,15,3000,200,0.614868,0.667410,0.000000,1.000000,Excellent,
ECG_CH2,515,2022-12-12 17:42:58,2022-12-12 17:43:13,15,3000,200,0.655532,0.835465,0.000000,1.000000,Excellent,
ECG_CH2,516,2022-12-12 17:43:13,2022-12-12 17:43:28,15,3000,200,0.602156,0.715447,0.000000,1.000000,Barely acceptable,
ECG_CH2,517,2022-12-12 17:43:28,2022-12-12 17:43:43,15,3000,200,0.565017,0.666508,0.000000,1.000000,Excellent,
ECG_CH2,518,2022-12-12 17:43:43,2022-12-12 17:43:58,15,3000,200,0.767266,0.942585,0.000000,1.000000,Barely acceptable,
ECG_CH2,519,2022-12-12 17:43:58,2022-12-12 17:44:13,15,3000,200,0.653113,0.671458,0.000000,1.000000,Excellent,
ECG_CH2,520,2022-12-12 17:44:13,2022-12-12 17:44:28,15,3000,200,0.695559,0.855184,0.000000,1.000000,Barely acceptable,
ECG_CH2,521,2022-12-12 17:44:28,2022-12-12 17:44:43,15,3000,200,0.640033,0.728387,0.000000,1.000000,Barely acceptable,
ECG_CH2,522,2022-12-12 17:44:43,2022-12-12 17:44:58,15,3000,200,0.662626,0.750698,0.000000,1.000000,Excellent,
ECG_CH2,523,2022-12-12 17:44:58,2022-12-12 17:45:13,15,3000,200,0.688715,0.731812,0.000000,1.000000,Barely acceptable,
ECG_CH2,524,2022-12-12 17:45:13,2022-12-12 17:45:28,15,3000,200,0.583495,0.568245,0.000000,1.000000,Excellent,
ECG_CH2,525,2022-12-12 17:45:28,2022-12-12 17:45:43,15,3000,200,0.663078,0.775078,0.000000,1.000000,Barely acceptable,
ECG_CH2,526,2022-12-12 17:45:43,2022-12-12 17:45:58,15,3000,200,0.708135,0.830378,0.000000,1.000000,Excellent,
ECG_CH2,527,2022-12-12 17:45:58,2022-12-12 17:46:13,15,3000,200,0.693889,0.784736,0.000000,1.000000,Barely acceptable,
ECG_CH2,528,2022-12-12 17:46:13,2022-12-12 17:46:28,15,3000,200,0.663723,0.785855,0.000000,1.000000,Excellent,
ECG_CH2,529,2022-12-12 17:46:28,2022-12-12 17:46:43,15,3000,200,0.688628,0.765434,0.000000,1.000000,Excellent,
ECG_CH2,530,2022-12-12 17:46:43,2022-12-12 17:46:58,15,3000,200,0.659147,0.795824,0.000000,1.000000,Barely acceptable,
ECG_CH2,531,2022-12-12 17:46:58,2022-12-12 17:47:13,15,3000,200,0.729308,0.849562,0.000000,1.000000,Excellent,
ECG_CH2,532,2022-12-12 17:47:13,2022-12-12 17:47:28,15,3000,200,0.753112,0.864224,0.000000,1.000000,Excellent,
ECG_CH2,533,2022-12-12 17:47:28,2022-12-12 17:47:43,15,3000,200,0.595268,0.741038,0.000000,1.000000,Excellent,
ECG_CH2,534,2022-12-12 17:47:43,2022-12-12 17:47:58,15,3000,200,0.597620,0.653752,0.000000,1.000000,Excellent,
ECG_CH2,535,2022-12-12 17:47:58,2022-12-12 17:48:13,15,3000,200,0.732055,0.762024,0.000000,1.000000,Excellent,
ECG_CH2,536,2022-12-12 17:48:13,2022-12-12 17:48:28,15,3000,200,0.544459,0.628073,0.000000,1.000000,Barely acceptable,
ECG_CH2,537,2022-12-12 17:48:28,2022-12-12 17:48:43,15,3000,200,0.672952,0.710686,0.000000,1.000000,Excellent,
ECG_CH2,538,2022-12-12 17:48:43,2022-12-12 17:48:58,15,3000,200,0.604337,0.662629,0.000000,1.000000,Excellent,
ECG_CH2,539,2022-12-12 17:48:58,2022-12-12 17:49:13,15,3000,200,0.744568,0.891895,0.000000,1.000000,Excellent,
ECG_CH2,540,2022-12-12 17:49:13,2022-12-12 17:49:28,15,3000,200,0.431207,0.365857,0.000000,1.000000,Excellent,
ECG_CH2,541,2022-12-12 17:49:28,2022-12-12 17:49:43,15,3000,200,0.644513,0.728125,0.000000,1.000000,Excellent,
ECG_CH2,542,2022-12-12 17:49:43,2022-12-12 17:49:58,15,3000,200,0.720532,0.821177,0.000000,1.000000,Excellent,
ECG_CH2,543,2022-12-12 17:49:58,2022-12-12 17:50:13,15,3000,200,0.536088,0.629430,0.000000,1.000000,Excellent,
ECG_CH2,544,2022-12-12 17:50:13,2022-12-12 17:50:28,15,3000,200,0.600074,0.727639,0.000000,1.000000,Excellent,
ECG_CH2,545,2022-12-12 17:50:28,2022-12-12 17:50:43,15,3000,200,0.673041,0.663283,0.000000,1.000000,Excellent,
ECG_CH2,546,2022-12-12 17:50:43,2022-12-12 17:50:58,15,3000,200,0.670036,0.768676,0.000000,1.000000,Excellent,
ECG_CH2,547,2022-12-12 17:50:58,2022-12-12 17:51:13,15,3000,200,0.519887,0.420097,0.000000,1.000000,Excellent,
ECG_CH2,548,2022-12-12 17:51:13,2022-12-12 17:51:28,15,3000,200,0.802562,0.919411,0.000000,1.000000,Excellent,
ECG_CH2,549,2022-12-12 17:51:28,2022-12-12 17:51:43,15,3000,200,0.694497,0.787464,0.000000,1.000000,Excellent,
ECG_CH2,550,2022-12-12 17:51:43,2022-12-12 17:51:58,15,3000,200,0.726587,0.849638,0.000000,1.000000,Excellent,
ECG_CH2,551,2022-12-12 17:51:58,2022-12-12 17:52:13,15,3000,200,0.752546,0.920962,0.000000,1.000000,Excellent,
ECG_CH2,552,2022-12-12 17:52:13,2022-12-12 17:52:28,15,3000,200,0.701073,0.752935,0.000000,1.000000,Excellent,
ECG_CH2,553,2022-12-12 17:52:28,2022-12-12 17:52:43,15,3000,200,0.642030,0.757473,0.000000,1.000000,Excellent,
ECG_CH2,554,2022-12-12 17:52:43,2022-12-12 17:52:58,15,3000,200,0.619575,0.672081,0.000000,1.000000,Excellent,
ECG_CH2,555,2022-12-12 17:52:58,2022-12-12 17:53:13,15,3000,200,0.642600,0.644500,0.000000,1.000000,Excellent,
ECG_CH2,556,2022-12-12 17:53:13,2022-12-12 17:53:28,15,3000,200,0.599723,0.667378,0.000000,1.000000,Excellent,
ECG_CH2,557,2022-12-12 17:53:28,2022-12-12 17:53:43,15,3000,200,0.581289,0.639000,0.000000,1.000000,Excellent,
ECG_CH2,558,2022-12-12 17:53:43,2022-12-12 17:53:58,15,3000,200,0.579240,0.815398,0.000000,1.000000,Excellent,
ECG_CH2,559,2022-12-12 17:53:58,2022-12-12 17:54:13,15,3000,200,0.631838,0.728740,0.000000,1.000000,Excellent,
ECG_CH2,560,2022-12-12 17:54:13,2022-12-12 17:54:28,15,3000,200,0.630079,0.726527,0.000000,1.000000,Excellent,
ECG_CH2,561,2022-12-12 17:54:28,2022-12-12 17:54:43,15,3000,200,0.565928,0.566535,0.000000,1.000000,Excellent,
ECG_CH2,562,2022-12-12 17:54:43,2022-12-12 17:54:58,15,3000,200,0.482702,0.456712,0.000000,1.000000,Excellent,
ECG_CH2,563,2022-12-12 17:54:58,2022-12-12 17:55:13,15,3000,200,0.744514,0.820066,0.000000,1.000000,Excellent,
ECG_CH2,564,2022-12-12 17:55:13,2022-12-12 17:55:28,15,3000,200,0.735608,0.874937,0.000000,1.000000,Excellent,
ECG_CH2,565,2022-12-12 17:55:28,2022-12-12 17:55:43,15,3000,200,0.721294,0.808839,0.000000,1.000000,Excellent,
ECG_CH2,566,2022-12-12 17:55:43,2022-12-12 17:55:58,15,3000,200,0.656849,0.783407,0.000000,1.000000,Barely acceptable,
ECG_CH2,567,2022-12-12 17:55:58,2022-12-12 17:56:13,15,3000,200,0.730732,0.849696,0.000000,1.000000,Barely acceptable,
ECG_CH2,568,2022-12-12 17:56:13,2022-12-12 17:56:28,15,3000,200,0.538414,0.485020,0.000000,1.000000,Excellent,
ECG_CH2,569,2022-12-12 17:56:28,2022-12-12 17:56:43,15,3000,200,0.635468,0.616602,0.000000,1.000000,Excellent,
ECG_CH2,570,2022-12-12 17:56:43,2022-12-12 17:56:58,15,3000,200,0.593324,0.610478,0.000000,1.000000,Excellent,
ECG_CH2,571,2022-12-12 17:56:58,2022-12-12 17:57:13,15,3000,200,0.579299,0.715506,0.000000,1.000000,Excellent,
ECG_CH2,572,2022-12-12 17:57:13,2022-12-12 17:57:28,15,3000,200,0.603944,0.751688,0.000000,1.000000,Excellent,
ECG_CH2,573,2022-12-12 17:57:28,2022-12-12 17:57:43,15,3000,200,0.660080,0.820058,0.000000,1.000000,Excellent,
ECG_CH2,574,2022-12-12 17:57:43,2022-12-12 17:57:58,15,3000,200,0.575323,0.587599,0.000000,1.000000,Excellent,
ECG_CH2,575,2022-12-12 17:57:58,2022-12-12 17:58:13,15,3000,200,0.706743,0.813727,0.000000,1.000000,Excellent,
ECG_CH2,576,2022-12-12 17:58:13,2022-12-12 17:58:28,15,3000,200,0.792274,0.884549,0.000000,1.000000,Excellent,
ECG_CH2,577,2022-12-12 17:58:28,2022-12-12 17:58:43,15,3000,200,0.601821,0.560308,0.000000,1.000000,Barely acceptable,
ECG_CH2,578,2022-12-12 17:58:43,2022-12-12 17:58:58,15,3000,200,0.706787,0.849315,0.000000,1.000000,Excellent,
ECG_CH2,579,2022-12-12 17:58:58,2022-12-12 17:59:13,15,3000,200,0.686248,0.816148,0.000000,1.000000,Excellent,
ECG_CH2,580,2022-12-12 17:59:13,2022-12-12 17:59:28,15,3000,200,0.718707,0.869067,0.000000,1.000000,Excellent,
ECG_CH2,581,2022-12-12 17:59:28,2022-12-12 17:59:43,15,3000,200,0.595387,0.673173,0.000000,1.000000,Excellent,
ECG_CH2,582,2022-12-12 17:59:43,2022-12-12 17:59:58,15,3000,200,0.739476,0.876584,0.000000,1.000000,Barely acceptable,
ECG_CH2,583,2022-12-12 17:59:58,2022-12-12 18:00:13,15,3000,200,0.695108,0.854465,0.000000,1.000000,Excellent,
ECG_CH2,584,2022-12-12 18:00:13,2022-12-12 18:00:28,15,3000,200,0.721698,0.819239,0.000000,1.000000,Excellent,
ECG_CH2,585,2022-12-12 18:00:28,2022-12-12 18:00:43,15,3000,200,0.508320,0.514270,0.000000,1.000000,Excellent,
ECG_CH2,586,2022-12-12 18:00:43,2022-12-12 18:00:58,15,3000,200,0.680501,0.723645,0.000000,1.000000,Excellent,
ECG_CH2,587,2022-12-12 18:00:58,2022-12-12 18:01:13,15,3000,200,0.541442,0.648424,0.000000,1.000000,Excellent,
ECG_CH2,588,2022-12-12 18:01:13,2022-12-12 18:01:28,15,3000,200,0.711982,0.809430,0.000000,1.000000,Excellent,
ECG_CH2,589,2022-12-12 18:01:28,2022-12-12 18:01:43,15,3000,200,0.558929,0.597702,0.000000,1.000000,Excellent,
ECG_CH2,590,2022-12-12 18:01:43,2022-12-12 18:01:58,15,3000,200,0.681982,0.829512,0.000000,1.000000,Excellent,
ECG_CH2,591,2022-12-12 18:01:58,2022-12-12 18:02:13,15,3000,200,0.590654,0.605276,0.000000,1.000000,Barely acceptable,
ECG_CH2,592,2022-12-12 18:02:13,2022-12-12 18:02:28,15,3000,200,0.574462,0.633116,0.000000,1.000000,Excellent,
ECG_CH2,593,2022-12-12 18:02:28,2022-12-12 18:02:43,15,3000,200,0.727306,0.825071,0.000000,1.000000,Barely acceptable,
ECG_CH2,594,2022-12-12 18:02:43,2022-12-12 18:02:58,15,3000,200,0.680710,0.837468,0.000000,1.000000,Barely acceptable,
ECG_CH2,595,2022-12-12 18:02:58,2022-12-12 18:03:13,15,3000,200,0.720020,0.876349,0.000000,1.000000,Barely acceptable,
ECG_CH2,596,2022-12-12 18:03:13,2022-12-12 18:03:28,15,3000,200,0.437349,0.459253,0.000000,1.000000,Excellent,
ECG_CH2,597,2022-12-12 18:03:28,2022-12-12 18:03:43,15,3000,200,0.613377,0.699260,0.000000,1.000000,Excellent,
ECG_CH2,598,2022-12-12 18:03:43,2022-12-12 18:03:58,15,3000,200,0.703399,0.807720,0.000000,1.000000,Excellent,
ECG_CH2,599,2022-12-12 18:03:58,2022-12-12 18:04:13,15,3000,200,0.724461,0.963396,0.000000,1.000000,Barely acceptable,
ECG_CH2,600,2022-12-12 18:04:13,2022-12-12 18:04:28,15,3000,200,0.749085,0.837907,0.000000,1.000000,Barely acceptable,
ECG_CH2,601,2022-12-12 18:04:28,2022-12-12 18:04:43,15,3000,200,0.553678,0.524530,0.000000,1.000000,Excellent,
ECG_CH2,602,2022-12-12 18:04:43,2022-12-12 18:04:58,15,3000,200,0.679996,0.831598,0.000000,1.000000,Barely acceptable,
ECG_CH2,603,2022-12-12 18:04:58,2022-12-12 18:05:13,15,3000,200,0.630422,0.654965,0.000000,1.000000,Barely acceptable,
ECG_CH2,604,2022-12-12 18:05:13,2022-12-12 18:05:28,15,3000,200,0.541085,0.604400,0.000000,1.000000,Barely acceptable,
ECG_CH2,605,2022-12-12 18:05:28,2022-12-12 18:05:43,15,3000,200,0.549061,0.556703,0.000000,1.000000,Barely acceptable,
ECG_CH2,606,2022-12-12 18:05:43,2022-12-12 18:05:58,15,3000,200,0.643421,0.669164,0.000000,1.000000,Barely acceptable,
ECG_CH2,607,2022-12-12 18:05:58,2022-12-12 18:06:13,15,3000,200,0.695795,0.848581,0.000000,1.000000,Barely acceptable,
ECG_CH2,608,2022-12-12 18:06:13,2022-12-12 18:06:28,15,3000,200,0.577225,0.619453,0.000000,1.000000,Excellent,
ECG_CH2,609,2022-12-12 18:06:28,2022-12-12 18:06:43,15,3000,200,0.612516,0.727661,0.000000,1.000000,Barely acceptable,
ECG_CH2,610,2022-12-12 18:06:43,2022-12-12 18:06:58,15,3000,200,0.500008,0.503257,0.000000,1.000000,Excellent,
ECG_CH2,611,2022-12-12 18:06:58,2022-12-12 18:07:13,15,3000,200,0.620723,0.622640,0.000000,1.000000,Excellent,
ECG_CH2,612,2022-12-12 18:07:13,2022-12-12 18:07:28,15,3000,200,0.630781,0.696961,0.000000,1.000000,Excellent,
ECG_CH2,613,2022-12-12 18:07:28,2022-12-12 18:07:43,15,3000,200,0.708056,0.850178,0.000000,1.000000,Excellent,
ECG_CH2,614,2022-12-12 18:07:43,2022-12-12 18:07:58,15,3000,200,0.673271,0.739024,0.000000,1.000000,Excellent,
ECG_CH2,615,2022-12-12 18:07:58,2022-12-12 18:08:13,15,3000,200,0.512592,0.509950,0.000000,1.000000,Excellent,
ECG_CH2,616,2022-12-12 18:08:13,2022-12-12 18:08:28,15,3000,200,0.733054,0.762875,0.000000,1.000000,Excellent,
ECG_CH2,617,2022-12-12 18:08:28,2022-12-12 18:08:43,15,3000,200,0.599039,0.737576,0.000000,1.000000,Excellent,
ECG_CH2,618,2022-12-12 18:08:43,2022-12-12 18:08:58,15,3000,200,0.817120,0.946056,0.000000,1.000000,Excellent,
ECG_CH2,619,2022-12-12 18:08:58,2022-12-12 18:09:13,15,3000,200,0.755431,0.813782,0.000000,1.000000,Barely acceptable,
ECG_CH2,620,2022-12-12 18:09:13,2022-12-12 18:09:28,15,3000,200,0.694606,0.877380,0.000000,1.000000,Excellent,
ECG_CH2,621,2022-12-12 18:09:28,2022-12-12 18:09:43,15,3000,200,0.644200,0.639636,0.000000,1.000000,Excellent,
ECG_CH2,622,2022-12-12 18:09:43,2022-12-12 18:09:58,15,3000,200,0.516040,0.613695,0.000000,1.000000,Excellent,
ECG_CH2,623,2022-12-12 18:09:58,2022-12-12 18:10:13,15,3000,200,0.633326,0.701680,0.000000,1.000000,Excellent,
ECG_CH2,624,2022-12-12 18:10:13,2022-12-12 18:10:28,15,3000,200,0.567916,0.664252,0.000000,1.000000,Excellent,
ECG_CH2,625,2022-12-12 18:10:28,2022-12-12 18:10:43,15,3000,200,0.727621,0.845327,0.000000,1.000000,Excellent,
ECG_CH2,626,2022-12-12 18:10:43,2022-12-12 18:10:58,15,3000,200,0.664178,0.679133,0.000000,1.000000,Excellent,
ECG_CH2,627,2022-12-12 18:10:58,2022-12-12 18:11:13,15,3000,200,0.598206,0.621898,0.000000,1.000000,Excellent,
ECG_CH2,628,2022-12-12 18:11:13,2022-12-12 18:11:28,15,3000,200,0.640660,0.631598,0.000000,1.000000,Excellent,
ECG_CH2,629,2022-12-12 18:11:28,2022-12-12 18:11:43,15,3000,200,0.713117,0.731921,0.000000,1.000000,Excellent,
ECG_CH2,630,2022-12-12 18:11:43,2022-12-12 18:11:58,15,3000,200,0.612693,0.640747,0.000000,1.000000,Excellent,
ECG_CH2,631,2022-12-12 18:11:58,2022-12-12 18:12:13,15,3000,200,0.512583,0.597292,0.000000,1.000000,Excellent,
ECG_CH2,632,2022-12-12 18:12:13,2022-12-12 18:12:28,15,3000,200,0.614770,0.587363,0.000000,1.000000,Excellent,
ECG_CH2,633,2022-12-12 18:12:28,2022-12-12 18:12:43,15,3000,200,0.591703,0.655784,0.000000,1.000000,Excellent,
ECG_CH2,634,2022-12-12 18:12:43,2022-12-12 18:12:58,15,3000,200,0.661549,0.636336,0.000000,1.000000,Excellent,
ECG_CH2,635,2022-12-12 18:12:58,2022-12-12 18:13:13,15,3000,200,0.470748,0.457976,0.000000,1.000000,Excellent,
ECG_CH2,636,2022-12-12 18:13:13,2022-12-12 18:13:28,15,3000,200,0.558854,0.590089,0.000000,1.000000,Excellent,
ECG_CH2,637,2022-12-12 18:13:28,2022-12-12 18:13:43,15,3000,200,0.716113,0.799081,0.000000,1.000000,Barely acceptable,
ECG_CH2,638,2022-12-12 18:13:43,2022-12-12 18:13:58,15,3000,200,0.579803,0.519619,0.000000,1.000000,Excellent,
ECG_CH2,639,2022-12-12 18:13:58,2022-12-12 18:14:13,15,3000,200,0.600845,0.634454,0.000000,1.000000,Excellent,
ECG_CH2,640,2022-12-12 18:14:13,2022-12-12 18:14:28,15,3000,200,0.539992,0.529088,0.000000,1.000000,Excellent,
ECG_CH2,641,2022-12-12 18:14:28,2022-12-12 18:14:43,15,3000,200,0.686328,0.824458,0.000000,1.000000,Excellent,
ECG_CH2,642,2022-12-12 18:14:43,2022-12-12 18:14:58,15,3000,200,0.435848,0.450730,0.000000,1.000000,Excellent,
ECG_CH2,643,2022-12-12 18:14:58,2022-12-12 18:15:13,15,3000,200,0.776220,0.868913,0.000000,1.000000,Excellent,
ECG_CH2,644,2022-12-12 18:15:13,2022-12-12 18:15:28,15,3000,200,0.746288,0.871648,0.000000,1.000000,Excellent,
ECG_CH2,645,2022-12-12 18:15:28,2022-12-12 18:15:43,15,3000,200,0.682843,0.716593,0.000000,1.000000,Barely acceptable,
ECG_CH2,646,2022-12-12 18:15:43,2022-12-12 18:15:58,15,3000,200,0.549349,0.595130,0.000000,1.000000,Barely acceptable,
ECG_CH2,647,2022-12-12 18:15:58,2022-12-12 18:16:13,15,3000,200,0.607102,0.676560,0.000000,1.000000,Barely acceptable,
ECG_CH2,648,2022-12-12 18:16:13,2022-12-12 18:16:28,15,3000,200,0.572229,0.584541,0.000000,1.000000,Barely acceptable,
ECG_CH2,649,2022-12-12 18:16:28,2022-12-12 18:16:43,15,3000,200,0.365970,0.378745,0.000000,1.000000,Barely acceptable,
ECG_CH2,650,2022-12-12 18:16:43,2022-12-12 18:16:58,15,3000,200,0.624802,0.649131,0.000000,1.000000,Barely acceptable,
ECG_CH2,651,2022-12-12 18:16:58,2022-12-12 18:17:13,15,3000,200,0.695964,0.756981,0.000000,1.000000,Barely acceptable,
ECG_CH2,652,2022-12-12 18:17:13,2022-12-12 18:17:28,15,3000,200,0.599365,0.573702,0.000000,1.000000,Excellent,
ECG_CH2,653,2022-12-12 18:17:28,2022-12-12 18:17:43,15,3000,200,0.569229,0.607992,0.000000,1.000000,Excellent,
ECG_CH2,654,2022-12-12 18:17:43,2022-12-12 18:17:58,15,3000,200,0.758473,0.898074,0.000000,1.000000,Barely acceptable,
ECG_CH2,655,2022-12-12 18:17:58,2022-12-12 18:18:13,15,3000,200,0.720138,0.820559,0.000000,1.000000,Barely acceptable,
ECG_CH2,656,2022-12-12 18:18:13,2022-12-12 18:18:28,15,3000,200,0.534553,0.562917,0.000000,1.000000,Excellent,
ECG_CH2,657,2022-12-12 18:18:28,2022-12-12 18:18:43,15,3000,200,0.604937,0.713681,0.000000,1.000000,Excellent,
ECG_CH2,658,2022-12-12 18:18:43,2022-12-12 18:18:58,15,3000,200,0.601621,0.617167,0.000000,1.000000,Excellent,
ECG_CH2,659,2022-12-12 18:18:58,2022-12-12 18:19:13,15,3000,200,0.522339,0.390929,0.000000,1.000000,Excellent,
ECG_CH2,660,2022-12-12 18:19:13,2022-12-12 18:19:28,15,3000,200,0.788823,0.904721,0.000000,1.000000,Excellent,
ECG_CH2,661,2022-12-12 18:19:28,2022-12-12 18:19:43,15,3000,200,0.715322,0.845660,0.000000,1.000000,Barely acceptable,
ECG_CH2,662,2022-12-12 18:19:43,2022-12-12 18:19:58,15,3000,200,0.661053,0.765441,0.000000,1.000000,Barely acceptable,
ECG_CH2,663,2022-12-12 18:19:58,2022-12-12 18:20:13,15,3000,200,0.596801,0.621526,0.000000,1.000000,Excellent,
ECG_CH2,664,2022-12-12 18:20:13,2022-12-12 18:20:28,15,3000,200,0.636453,0.745766,0.000000,1.000000,Excellent,
ECG_CH2,665,2022-12-12 18:20:28,2022-12-12 18:20:43,15,3000,200,0.643653,0.715152,0.000000,1.000000,Excellent,
ECG_CH2,666,2022-12-12 18:20:43,2022-12-12 18:20:58,15,3000,200,0.756700,0.852625,0.000000,1.000000,Barely acceptable,
ECG_CH2,667,2022-12-12 18:20:58,2022-12-12 18:21:13,15,3000,200,0.560791,0.537478,0.000000,1.000000,Barely acceptable,
ECG_CH2,668,2022-12-12 18:21:13,2022-12-12 18:21:28,15,3000,200,0.604605,0.613041,0.000000,1.000000,Barely acceptable,
ECG_CH2,669,2022-12-12 18:21:28,2022-12-12 18:21:43,15,3000,200,0.711262,0.741450,0.000000,1.000000,Barely acceptable,
ECG_CH2,670,2022-12-12 18:21:43,2022-12-12 18:21:58,15,3000,200,0.612585,0.597292,0.000000,1.000000,Excellent,
ECG_CH2,671,2022-12-12 18:21:58,2022-12-12 18:22:13,15,3000,200,0.720520,0.861538,0.000000,1.000000,Barely acceptable,
ECG_CH2,672,2022-12-12 18:22:13,2022-12-12 18:22:28,15,3000,200,0.581135,0.658030,0.000000,1.000000,Barely acceptable,
ECG_CH2,673,2022-12-12 18:22:28,2022-12-12 18:22:43,15,3000,200,0.658691,0.784299,0.000000,1.000000,Barely acceptable,
ECG_CH2,674,2022-12-12 18:22:43,2022-12-12 18:22:58,15,3000,200,0.590732,0.665585,0.000000,1.000000,Barely acceptable,
ECG_CH2,675,2022-12-12 18:22:58,2022-12-12 18:23:13,15,3000,200,0.548075,0.471764,0.000000,1.000000,Barely acceptable,
ECG_CH2,676,2022-12-12 18:23:13,2022-12-12 18:23:28,15,3000,200,0.473667,0.531210,0.000000,1.000000,Barely acceptable,
ECG_CH2,677,2022-12-12 18:23:28,2022-12-12 18:23:43,15,3000,200,0.765331,0.821525,0.000000,1.000000,Barely acceptable,
ECG_CH2,678,2022-12-12 18:23:43,2022-12-12 18:23:58,15,3000,200,0.580181,0.586412,0.000000,1.000000,Barely acceptable,
ECG_CH2,679,2022-12-12 18:23:58,2022-12-12 18:24:13,15,3000,200,0.671553,0.744568,0.000000,1.000000,Excellent,
ECG_CH2,680,2022-12-12 18:24:13,2022-12-12 18:24:28,15,3000,200,0.776522,0.888849,0.000000,1.000000,Excellent,
ECG_CH2,681,2022-12-12 18:24:28,2022-12-12 18:24:43,15,3000,200,0.594978,0.725419,0.000000,1.000000,Excellent,
ECG_CH2,682,2022-12-12 18:24:43,2022-12-12 18:24:58,15,3000,200,0.670772,0.824413,0.000000,1.000000,Barely acceptable,
ECG_CH2,683,2022-12-12 18:24:58,2022-12-12 18:25:13,15,3000,200,0.523463,0.561879,0.000000,1.000000,Barely acceptable,
ECG_CH2,684,2022-12-12 18:25:13,2022-12-12 18:25:28,15,3000,200,0.493511,0.465690,0.000000,1.000000,Barely acceptable,
ECG_CH2,685,2022-12-12 18:25:28,2022-12-12 18:25:43,15,3000,200,0.503602,0.472564,0.000000,1.000000,Barely acceptable,
ECG_CH2,686,2022-12-12 18:25:43,2022-12-12 18:25:58,15,3000,200,0.498631,0.507955,0.000000,1.000000,Barely acceptable,
ECG_CH2,687,2022-12-12 18:25:58,2022-12-12 18:26:13,15,3000,200,0.765853,0.928233,0.000000,1.000000,Excellent,
ECG_CH2,688,2022-12-12 18:26:13,2022-12-12 18:26:28,15,3000,200,0.795705,0.956726,0.000000,1.000000,Excellent,
ECG_CH2,689,2022-12-12 18:26:28,2022-12-12 18:26:43,15,3000,200,0.616832,0.737111,0.000000,1.000000,Excellent,
ECG_CH2,690,2022-12-12 18:26:43,2022-12-12 18:26:58,15,3000,200,0.541915,0.640972,0.000000,1.000000,Excellent,
ECG_CH2,691,2022-12-12 18:26:58,2022-12-12 18:27:13,15,3000,200,0.848722,0.911370,0.000000,1.000000,Excellent,
ECG_CH2,692,2022-12-12 18:27:13,2022-12-12 18:27:28,15,3000,200,0.738944,0.895226,0.000000,1.000000,Excellent,
ECG_CH2,693,2022-12-12 18:27:28,2022-12-12 18:27:43,15,3000,200,0.729793,0.884505,0.000000,1.000000,Excellent,
ECG_CH2,694,2022-12-12 18:27:43,2022-12-12 18:27:58,15,3000,200,0.703344,0.848808,0.000000,1.000000,Barely acceptable,
ECG_CH2,695,2022-12-12 18:27:58,2022-12-12 18:28:13,15,3000,200,0.651163,0.741907,0.000000,1.000000,Barely acceptable,
ECG_CH2,696,2022-12-12 18:28:13,2022-12-12 18:28:28,15,3000,200,0.454876,0.448060,0.000000,1.000000,Barely acceptable,
ECG_CH2,697,2022-12-12 18:28:28,2022-12-12 18:28:43,15,3000,200,0.767573,0.859814,0.000000,1.000000,Barely acceptable,
ECG_CH2,698,2022-12-12 18:28:43,2022-12-12 18:28:58,15,3000,200,0.655669,0.731923,0.000000,1.000000,Excellent,
ECG_CH2,699,2022-12-12 18:28:58,2022-12-12 18:29:13,15,3000,200,0.563509,0.571831,0.000000,1.000000,Barely acceptable,
ECG_CH2,700,2022-12-12 18:29:13,2022-12-12 18:29:28,15,3000,200,0.716701,0.854046,0.000000,1.000000,Excellent,
ECG_CH2,701,2022-12-12 18:29:28,2022-12-12 18:29:43,15,3000,200,0.607965,0.831217,0.000000,1.000000,Excellent,
ECG_CH2,702,2022-12-12 18:29:43,2022-12-12 18:29:58,15,3000,200,0.524950,0.632535,0.000000,1.000000,Barely acceptable,
ECG_CH2,703,2022-12-12 18:29:58,2022-12-12 18:30:13,15,3000,200,0.445308,0.460731,0.000000,1.000000,Barely acceptable,
ECG_CH2,704,2022-12-12 18:30:13,2022-12-12 18:30:28,15,3000,200,0.778098,0.894913,0.000000,1.000000,Barely acceptable,
ECG_CH2,705,2022-12-12 18:30:28,2022-12-12 18:30:43,15,3000,200,0.739621,0.781539,0.000000,1.000000,Barely acceptable,
ECG_CH2,706,2022-12-12 18:30:43,2022-12-12 18:30:58,15,3000,200,0.662782,0.689242,0.000000,1.000000,Excellent,
ECG_CH2,707,2022-12-12 18:30:58,2022-12-12 18:31:13,15,3000,200,0.704852,0.774974,0.000000,1.000000,Barely acceptable,
ECG_CH2,708,2022-12-12 18:31:13,2022-12-12 18:31:28,15,3000,200,0.802359,0.846735,0.000000,1.000000,Barely acceptable,
ECG_CH2,709,2022-12-12 18:31:28,2022-12-12 18:31:43,15,3000,200,0.539920,0.470400,0.000000,1.000000,Barely acceptable,
ECG_CH2,710,2022-12-12 18:31:43,2022-12-12 18:31:58,15,3000,200,0.644156,0.713220,0.000000,1.000000,Excellent,
ECG_CH2,711,2022-12-12 18:31:58,2022-12-12 18:32:13,15,3000,200,0.461959,0.567091,0.000000,1.000000,Excellent,
ECG_CH2,712,2022-12-12 18:32:13,2022-12-12 18:32:28,15,3000,200,0.572081,0.666480,0.000000,1.000000,Excellent,
ECG_CH2,713,2022-12-12 18:32:28,2022-12-12 18:32:43,15,3000,200,0.518040,0.685311,0.000000,1.000000,Excellent,
ECG_CH2,714,2022-12-12 18:32:43,2022-12-12 18:32:58,15,3000,200,0.770902,0.947234,0.000000,1.000000,Barely acceptable,
ECG_CH2,715,2022-12-12 18:32:58,2022-12-12 18:33:13,15,3000,200,0.661127,0.656833,0.000000,1.000000,Excellent,
ECG_CH2,716,2022-12-12 18:33:13,2022-12-12 18:33:28,15,3000,200,0.789729,0.885547,0.000000,1.000000,Excellent,
ECG_CH2,717,2022-12-12 18:33:28,2022-12-12 18:33:43,15,3000,200,0.680509,0.805450,0.000000,1.000000,Excellent,
ECG_CH2,718,2022-12-12 18:33:43,2022-12-12 18:33:58,15,3000,200,0.676709,0.766568,0.000000,1.000000,Excellent,
ECG_CH2,719,2022-12-12 18:33:58,2022-12-12 18:34:13,15,3000,200,0.609316,0.729450,0.000000,1.000000,Excellent,
ECG_CH2,720,2022-12-12 18:34:13,2022-12-12 18:34:28,15,3000,200,0.617693,0.711310,0.000000,1.000000,Excellent,
ECG_CH2,721,2022-12-12 18:34:28,2022-12-12 18:34:43,15,3000,200,0.554187,0.619847,0.000000,1.000000,Barely acceptable,
ECG_CH2,722,2022-12-12 18:34:43,2022-12-12 18:34:58,15,3000,200,0.548625,0.561684,0.000000,1.000000,Barely acceptable,
ECG_CH2,723,2022-12-12 18:34:58,2022-12-12 18:35:13,15,3000,200,0.739915,0.795300,0.000000,1.000000,Excellent,
ECG_CH2,724,2022-12-12 18:35:13,2022-12-12 18:35:28,15,3000,200,0.599273,0.771675,0.000000,1.000000,Excellent,
ECG_CH2,725,2022-12-12 18:35:28,2022-12-12 18:35:43,15,3000,200,0.696794,0.762106,0.000000,1.000000,Barely acceptable,
ECG_CH2,726,2022-12-12 18:35:43,2022-12-12 18:35:58,15,3000,200,0.651623,0.785535,0.000000,1.000000,Barely acceptable,
ECG_CH2,727,2022-12-12 18:35:58,2022-12-12 18:36:13,15,3000,200,0.628166,0.812233,0.000000,1.000000,Excellent,
ECG_CH2,728,2022-12-12 18:36:13,2022-12-12 18:36:28,15,3000,200,0.589951,0.676723,0.000000,1.000000,Barely acceptable,
ECG_CH2,729,2022-12-12 18:36:28,2022-12-12 18:36:43,15,3000,200,0.571075,0.602615,0.000000,1.000000,Barely acceptable,
ECG_CH2,730,2022-12-12 18:36:43,2022-12-12 18:36:58,15,3000,200,0.665308,0.790641,0.000000,1.000000,Excellent,
ECG_CH2,731,2022-12-12 18:36:58,2022-12-12 18:37:13,15,3000,200,0.767323,0.837666,0.000000,1.000000,Excellent,
ECG_CH2,732,2022-12-12 18:37:13,2022-12-12 18:37:28,15,3000,200,0.675249,0.712447,0.000000,1.000000,Barely acceptable,
ECG_CH2,733,2022-12-12 18:37:28,2022-12-12 18:37:43,15,3000,200,0.596660,0.696223,0.000000,1.000000,Barely acceptable,
ECG_CH2,734,2022-12-12 18:37:43,2022-12-12 18:37:58,15,3000,200,0.674554,0.870147,0.000000,1.000000,Barely acceptable,
ECG_CH2,735,2022-12-12 18:37:58,2022-12-12 18:38:13,15,3000,200,0.636353,0.652443,0.000000,1.000000,Barely acceptable,
ECG_CH2,736,2022-12-12 18:38:13,2022-12-12 18:38:28,15,3000,200,0.665952,0.819875,0.000000,1.000000,Barely acceptable,
ECG_CH2,737,2022-12-12 18:38:28,2022-12-12 18:38:43,15,3000,200,0.576623,0.656018,0.000000,1.000000,Excellent,
ECG_CH2,738,2022-12-12 18:38:43,2022-12-12 18:38:58,15,3000,200,0.770296,0.904223,0.000000,1.000000,Barely acceptable,
ECG_CH2,739,2022-12-12 18:38:58,2022-12-12 18:39:13,15,3000,200,0.618508,0.730156,0.000000,1.000000,Excellent,
ECG_CH2,740,2022-12-12 18:39:13,2022-12-12 18:39:28,15,3000,200,0.584157,0.664758,0.000000,1.000000,Excellent,
ECG_CH2,741,2022-12-12 18:39:28,2022-12-12 18:39:43,15,3000,200,0.759109,0.848775,0.000000,1.000000,Excellent,
ECG_CH2,742,2022-12-12 18:39:43,2022-12-12 18:39:58,15,3000,200,0.763884,0.819628,0.000000,1.000000,Excellent,
ECG_CH2,743,2022-12-12 18:39:58,2022-12-12 18:40:13,15,3000,200,0.745988,0.844230,0.000000,1.000000,Excellent,
ECG_CH2,744,2022-12-12 18:40:13,2022-12-12 18:40:28,15,3000,200,0.665115,0.673340,0.000000,1.000000,Excellent,
ECG_CH2,745,2022-12-12 18:40:28,2022-12-12 18:40:43,15,3000,200,0.750952,0.825048,0.000000,1.000000,Excellent,
ECG_CH2,746,2022-12-12 18:40:43,2022-12-12 18:40:58,15,3000,200,0.685994,0.678057,0.000000,1.000000,Excellent,
ECG_CH2,747,2022-12-12 18:40:58,2022-12-12 18:41:13,15,3000,200,0.523637,0.491969,0.000000,1.000000,Excellent,
ECG_CH2,748,2022-12-12 18:41:13,2022-12-12 18:41:28,15,3000,200,0.873816,0.940188,0.000000,1.000000,Barely acceptable,
ECG_CH2,749,2022-12-12 18:41:28,2022-12-12 18:41:43,15,3000,200,0.674370,0.740546,0.000000,1.000000,Excellent,
ECG_CH2,750,2022-12-12 18:41:43,2022-12-12 18:41:58,15,3000,200,0.685724,0.795966,0.000000,1.000000,Excellent,
ECG_CH2,751,2022-12-12 18:41:58,2022-12-12 18:42:13,15,3000,200,0.724737,0.822869,0.000000,1.000000,Excellent,
ECG_CH2,752,2022-12-12 18:42:13,2022-12-12 18:42:28,15,3000,200,0.653040,0.738184,0.000000,1.000000,Excellent,
ECG_CH2,753,2022-12-12 18:42:28,2022-12-12 18:42:43,15,3000,200,0.724494,0.853582,0.000000,1.000000,Barely acceptable,
ECG_CH2,754,2022-12-12 18:42:43,2022-12-12 18:42:58,15,3000,200,0.814171,0.941107,0.000000,1.000000,Unacceptable,
ECG_CH2,755,2022-12-12 18:42:58,2022-12-12 18:43:13,15,3000,200,0.726886,0.850039,0.000000,1.000000,Excellent,
ECG_CH2,756,2022-12-12 18:43:13,2022-12-12 18:43:28,15,3000,200,0.507974,0.435027,0.000000,1.000000,Excellent,
ECG_CH2,757,2022-12-12 18:43:28,2022-12-12 18:43:43,15,3000,200,0.693509,0.692476,0.000000,1.000000,Unacceptable,
ECG_CH2,758,2022-12-12 18:43:43,2022-12-12 18:43:58,15,3000,200,0.584100,0.570689,0.000000,1.000000,Excellent,
ECG_CH2,759,2022-12-12 18:43:58,2022-12-12 18:44:13,15,3000,200,0.710836,0.777372,0.000000,1.000000,Excellent,
ECG_CH2,760,2022-12-12 18:44:13,2022-12-12 18:44:28,15,3000,200,0.703180,0.715709,0.000000,1.000000,Excellent,
ECG_CH2,761,2022-12-12 18:44:28,2022-12-12 18:44:43,15,3000,200,0.714502,0.829538,0.000000,1.000000,Barely acceptable,
ECG_CH2,762,2022-12-12 18:44:43,2022-12-12 18:44:58,15,3000,200,0.557042,0.586983,0.000000,1.000000,Excellent,
ECG_CH2,763,2022-12-12 18:44:58,2022-12-12 18:45:13,15,3000,200,0.619094,0.657493,0.000000,1.000000,Excellent,
ECG_CH2,764,2022-12-12 18:45:13,2022-12-12 18:45:28,15,3000,200,0.724571,0.876731,0.000000,1.000000,Excellent,
ECG_CH2,765,2022-12-12 18:45:28,2022-12-12 18:45:43,15,3000,200,0.604563,0.674475,0.000000,1.000000,Excellent,
ECG_CH2,766,2022-12-12 18:45:43,2022-12-12 18:45:58,15,3000,200,0.731426,0.887747,0.000000,1.000000,Excellent,
ECG_CH2,767,2022-12-12 18:45:58,2022-12-12 18:46:13,15,3000,200,0.661182,0.710323,0.000000,1.000000,Excellent,
ECG_CH2,768,2022-12-12 18:46:13,2022-12-12 18:46:28,15,3000,200,0.795699,0.938121,0.000000,1.000000,Excellent,
ECG_CH2,769,2022-12-12 18:46:28,2022-12-12 18:46:43,15,3000,200,0.781972,0.878982,0.000000,1.000000,Excellent,
ECG_CH2,770,2022-12-12 18:46:43,2022-12-12 18:46:58,15,3000,200,0.776115,0.862871,0.000000,1.000000,Excellent,
ECG_CH2,771,2022-12-12 18:46:58,2022-12-12 18:47:13,15,3000,200,0.695747,0.800396,0.000000,1.000000,Excellent,
ECG_CH2,772,2022-12-12 18:47:13,2022-12-12 18:47:28,15,3000,200,0.556287,0.605704,0.000000,1.000000,Excellent,
ECG_CH2,773,2022-12-12 18:47:28,2022-12-12 18:47:43,15,3000,200,0.730271,0.728548,0.000000,1.000000,Excellent,
ECG_CH2,774,2022-12-12 18:47:43,2022-12-12 18:47:58,15,3000,200,0.718482,0.788616,0.000000,1.000000,Barely acceptable,
ECG_CH2,775,2022-12-12 18:47:58,2022-12-12 18:48:13,15,3000,200,0.521337,0.484762,0.000000,1.000000,Excellent,
ECG_CH2,776,2022-12-12 18:48:13,2022-12-12 18:48:28,15,3000,200,0.527001,0.573473,0.000000,1.000000,Excellent,
ECG_CH2,777,2022-12-12 18:48:28,2022-12-12 18:48:43,15,3000,200,0.603510,0.665844,0.000000,1.000000,Excellent,
ECG_CH2,778,2022-12-12 18:48:43,2022-12-12 18:48:58,15,3000,200,0.653275,0.751643,0.000000,1.000000,Excellent,
ECG_CH2,779,2022-12-12 18:48:58,2022-12-12 18:49:13,15,3000,200,0.672542,0.709817,0.000000,1.000000,Excellent,
ECG_CH2,780,2022-12-12 18:49:13,2022-12-12 18:49:28,15,3000,200,0.712812,0.813708,0.000000,1.000000,Excellent,
ECG_CH2,781,2022-12-12 18:49:28,2022-12-12 18:49:43,15,3000,200,0.650796,0.640851,0.000000,1.000000,Excellent,
ECG_CH2,782,2022-12-12 18:49:43,2022-12-12 18:49:58,15,3000,200,0.644651,0.770644,0.000000,1.000000,Excellent,
ECG_CH2,783,2022-12-12 18:49:58,2022-12-12 18:50:13,15,3000,200,0.668118,0.767359,0.000000,1.000000,Excellent,
ECG_CH2,784,2022-12-12 18:50:13,2022-12-12 18:50:28,15,3000,200,0.588100,0.557305,0.000000,1.000000,Excellent,
ECG_CH2,785,2022-12-12 18:50:28,2022-12-12 18:50:43,15,3000,200,0.564618,0.565618,0.000000,1.000000,Excellent,
ECG_CH2,786,2022-12-12 18:50:43,2022-12-12 18:50:58,15,3000,200,0.635251,0.669623,0.000000,1.000000,Barely acceptable,
ECG_CH2,787,2022-12-12 18:50:58,2022-12-12 18:51:13,15,3000,200,0.788097,0.894763,0.000000,1.000000,Excellent,
ECG_CH2,788,2022-12-12 18:51:13,2022-12-12 18:51:28,15,3000,200,0.713797,0.839827,0.000000,1.000000,Excellent,
ECG_CH2,789,2022-12-12 18:51:28,2022-12-12 18:51:43,15,3000,200,0.654728,0.712760,0.000000,1.000000,Excellent,
ECG_CH2,790,2022-12-12 18:51:43,2022-12-12 18:51:58,15,3000,200,0.558158,0.522310,0.000000,1.000000,Excellent,
ECG_CH2,791,2022-12-12 18:51:58,2022-12-12 18:52:13,15,3000,200,0.539410,0.434267,0.000000,1.000000,Excellent,
ECG_CH2,792,2022-12-12 18:52:13,2022-12-12 18:52:28,15,3000,200,0.706559,0.821401,0.000000,1.000000,Excellent,
ECG_CH2,793,2022-12-12 18:52:28,2022-12-12 18:52:43,15,3000,200,0.529034,0.470133,0.000000,1.000000,Excellent,
ECG_CH2,794,2022-12-12 18:52:43,2022-12-12 18:52:58,15,3000,200,0.655348,0.716863,0.000000,1.000000,Excellent,
ECG_CH2,795,2022-12-12 18:52:58,2022-12-12 18:53:13,15,3000,200,0.535476,0.598985,0.000000,1.000000,Excellent,
ECG_CH2,796,2022-12-12 18:53:13,2022-12-12 18:53:28,15,3000,200,0.739014,0.837429,0.000000,1.000000,Excellent,
ECG_CH2,797,2022-12-12 18:53:28,2022-12-12 18:53:43,15,3000,200,0.743336,0.815278,0.000000,1.000000,Barely acceptable,
ECG_CH2,798,2022-12-12 18:53:43,2022-12-12 18:53:58,15,3000,200,0.758347,0.920525,0.000000,1.000000,Excellent,
ECG_CH2,799,2022-12-12 18:53:58,2022-12-12 18:54:13,15,3000,200,0.662568,0.662320,0.000000,1.000000,Barely acceptable,
ECG_CH2,800,2022-12-12 18:54:13,2022-12-12 18:54:28,15,3000,200,0.664237,0.705018,0.000000,1.000000,Excellent,
ECG_CH2,801,2022-12-12 18:54:28,2022-12-12 18:54:43,15,3000,200,0.721439,0.741124,0.000000,1.000000,Barely acceptable,
ECG_CH2,802,2022-12-12 18:54:43,2022-12-12 18:54:58,15,3000,200,0.676133,0.715401,0.000000,1.000000,Barely acceptable,
ECG_CH2,803,2022-12-12 18:54:58,2022-12-12 18:55:13,15,3000,200,0.595355,0.708400,0.000000,1.000000,Excellent,
ECG_CH2,804,2022-12-12 18:55:13,2022-12-12 18:55:28,15,3000,200,0.571326,0.588875,0.000000,1.000000,Excellent,
ECG_CH2,805,2022-12-12 18:55:28,2022-12-12 18:55:43,15,3000,200,0.808552,0.850773,0.000000,1.000000,Barely acceptable,
ECG_CH2,806,2022-12-12 18:55:43,2022-12-12 18:55:58,15,3000,200,0.536777,0.602111,0.000000,1.000000,Barely acceptable,
ECG_CH2,807,2022-12-12 18:55:58,2022-12-12 18:56:13,15,3000,200,0.707408,0.797564,0.000000,1.000000,Excellent,
ECG_CH2,808,2022-12-12 18:56:13,2022-12-12 18:56:28,15,3000,200,0.704903,0.723538,0.000000,1.000000,Excellent,
ECG_CH2,809,2022-12-12 18:56:28,2022-12-12 18:56:43,15,3000,200,0.710339,0.808673,0.000000,1.000000,Excellent,
ECG_CH2,810,2022-12-12 18:56:43,2022-12-12 18:56:58,15,3000,200,0.664448,0.743642,0.000000,1.000000,Excellent,
ECG_CH2,811,2022-12-12 18:56:58,2022-12-12 18:57:13,15,3000,200,0.515547,0.549339,0.000000,1.000000,Excellent,
ECG_CH2,812,2022-12-12 18:57:13,2022-12-12 18:57:28,15,3000,200,0.696970,0.782477,0.000000,1.000000,Excellent,
ECG_CH2,813,2022-12-12 18:57:28,2022-12-12 18:57:43,15,3000,200,0.654605,0.755357,0.000000,1.000000,Barely acceptable,
ECG_CH2,814,2022-12-12 18:57:43,2022-12-12 18:57:58,15,3000,200,0.760252,0.906385,0.000000,1.000000,Barely acceptable,
ECG_CH2,815,2022-12-12 18:57:58,2022-12-12 18:58:13,15,3000,200,0.583245,0.593986,0.000000,1.000000,Barely acceptable,
ECG_CH2,816,2022-12-12 18:58:13,2022-12-12 18:58:28,15,3000,200,0.611662,0.652929,0.000000,1.000000,Barely acceptable,
ECG_CH2,817,2022-12-12 18:58:28,2022-12-12 18:58:43,15,3000,200,0.684875,0.781082,0.000000,1.000000,Barely acceptable,
ECG_CH2,818,2022-12-12 18:58:43,2022-12-12 18:58:58,15,3000,200,0.807685,0.901053,0.000000,1.000000,Barely acceptable,
ECG_CH2,819,2022-12-12 18:58:58,2022-12-12 18:59:13,15,3000,200,0.614586,0.717208,0.000000,1.000000,Barely acceptable,
ECG_CH2,820,2022-12-12 18:59:13,2022-12-12 18:59:28,15,3000,200,0.668912,0.665196,0.000000,1.000000,Barely acceptable,
ECG_CH2,821,2022-12-12 18:59:28,2022-12-12 18:59:43,15,3000,200,0.688823,0.843480,0.000000,1.000000,Excellent,
ECG_CH2,822,2022-12-12 18:59:43,2022-12-12 18:59:58,15,3000,200,0.723136,0.786457,0.000000,1.000000,Excellent,
ECG_CH2,823,2022-12-12 18:59:58,2022-12-12 19:00:13,15,3000,200,0.598981,0.735774,0.000000,1.000000,Excellent,
ECG_CH2,824,2022-12-12 19:00:13,2022-12-12 19:00:28,15,3000,200,0.568364,0.750390,0.000000,1.000000,Barely acceptable,
ECG_CH2,825,2022-12-12 19:00:28,2022-12-12 19:00:43,15,3000,200,0.620531,0.797170,0.000000,1.000000,Barely acceptable,
ECG_CH2,826,2022-12-12 19:00:43,2022-12-12 19:00:58,15,3000,200,0.666422,0.806524,0.000000,1.000000,Barely acceptable,
ECG_CH2,827,2022-12-12 19:00:58,2022-12-12 19:01:13,15,3000,200,0.661088,0.676128,0.000000,1.000000,Barely acceptable,
ECG_CH2,828,2022-12-12 19:01:13,2022-12-12 19:01:28,15,3000,200,0.791768,0.947386,0.000000,1.000000,Excellent,
ECG_CH2,829,2022-12-12 19:01:28,2022-12-12 19:01:43,15,3000,200,0.663197,0.735611,0.000000,1.000000,Excellent,
ECG_CH2,830,2022-12-12 19:01:43,2022-12-12 19:01:58,15,3000,200,0.832488,0.937883,0.000000,1.000000,Barely acceptable,
ECG_CH2,831,2022-12-12 19:01:58,2022-12-12 19:02:13,15,3000,200,0.654891,0.812947,0.000000,1.000000,Excellent,
ECG_CH2,832,2022-12-12 19:02:13,2022-12-12 19:02:28,15,3000,200,0.705747,0.775154,0.000000,1.000000,Excellent,
ECG_CH2,833,2022-12-12 19:02:28,2022-12-12 19:02:43,15,3000,200,0.737439,0.810003,0.000000,1.000000,Excellent,
ECG_CH2,834,2022-12-12 19:02:43,2022-12-12 19:02:58,15,3000,200,0.501048,0.473535,0.000000,1.000000,Excellent,
ECG_CH2,835,2022-12-12 19:02:58,2022-12-12 19:03:13,15,3000,200,0.568744,0.683691,0.000000,1.000000,Excellent,
ECG_CH2,836,2022-12-12 19:03:13,2022-12-12 19:03:28,15,3000,200,0.614947,0.624515,0.000000,1.000000,Excellent,
ECG_CH2,837,2022-12-12 19:03:28,2022-12-12 19:03:43,15,3000,200,0.641479,0.656174,0.000000,1.000000,Excellent,
ECG_CH2,838,2022-12-12 19:03:43,2022-12-12 19:03:58,15,3000,200,0.515976,0.578599,0.000000,1.000000,Barely acceptable,
ECG_CH2,839,2022-12-12 19:03:58,2022-12-12 19:04:13,15,3000,200,0.673394,0.751574,0.000000,1.000000,Excellent,
ECG_CH2,840,2022-12-12 19:04:13,2022-12-12 19:04:28,15,3000,200,0.776823,0.933059,0.000000,1.000000,Excellent,
ECG_CH2,841,2022-12-12 19:04:28,2022-12-12 19:04:43,15,3000,200,0.716948,0.811609,0.000000,1.000000,Excellent,
ECG_CH2,842,2022-12-12 19:04:43,2022-12-12 19:04:58,15,3000,200,0.715669,0.878346,0.000000,1.000000,Excellent,
ECG_CH2,843,2022-12-12 19:04:58,2022-12-12 19:05:13,15,3000,200,0.562083,0.637564,0.000000,1.000000,Excellent,
ECG_CH2,844,2022-12-12 19:05:13,2022-12-12 19:05:28,15,3000,200,0.612141,0.751204,0.000000,1.000000,Excellent,
ECG_CH2,845,2022-12-12 19:05:28,2022-12-12 19:05:43,15,3000,200,0.717930,0.774506,0.000000,1.000000,Excellent,
ECG_CH2,846,2022-12-12 19:05:43,2022-12-12 19:05:58,15,3000,200,0.727757,0.849379,0.000000,1.000000,Excellent,
ECG_CH2,847,2022-12-12 19:05:58,2022-12-12 19:06:13,15,3000,200,0.629335,0.601401,0.000000,1.000000,Excellent,
ECG_CH2,848,2022-12-12 19:06:13,2022-12-12 19:06:28,15,3000,200,0.692334,0.809572,0.000000,1.000000,Excellent,
ECG_CH2,849,2022-12-12 19:06:28,2022-12-12 19:06:43,15,3000,200,0.716886,0.779265,0.000000,1.000000,Excellent,
ECG_CH2,850,2022-12-12 19:06:43,2022-12-12 19:06:58,15,3000,200,0.770332,0.862602,0.000000,1.000000,Excellent,
ECG_CH2,851,2022-12-12 19:06:58,2022-12-12 19:07:13,15,3000,200,0.793917,0.800503,0.000000,1.000000,Barely acceptable,
ECG_CH2,852,2022-12-12 19:07:13,2022-12-12 19:07:28,15,3000,200,0.686878,0.892305,0.000000,1.000000,Barely acceptable,
ECG_CH2,853,2022-12-12 19:07:28,2022-12-12 19:07:43,15,3000,200,0.822491,0.964407,0.000000,1.000000,Excellent,
ECG_CH2,854,2022-12-12 19:07:43,2022-12-12 19:07:58,15,3000,200,0.627299,0.557629,0.000000,1.000000,Excellent,
ECG_CH2,855,2022-12-12 19:07:58,2022-12-12 19:08:13,15,3000,200,0.563298,0.519408,0.000000,1.000000,Excellent,
ECG_CH2,856,2022-12-12 19:08:13,2022-12-12 19:08:28,15,3000,200,0.457415,0.467515,0.000000,1.000000,Excellent,
ECG_CH2,857,2022-12-12 19:08:28,2022-12-12 19:08:43,15,3000,200,0.695451,0.718869,0.000000,1.000000,Excellent,
ECG_CH2,858,2022-12-12 19:08:43,2022-12-12 19:08:58,15,3000,200,0.648235,0.779328,0.000000,1.000000,Barely acceptable,
ECG_CH2,859,2022-12-12 19:08:58,2022-12-12 19:09:13,15,3000,200,0.689757,0.811817,0.000000,1.000000,Excellent,
ECG_CH2,860,2022-12-12 19:09:13,2022-12-12 19:09:28,15,3000,200,0.724932,0.854449,0.000000,1.000000,Excellent,
ECG_CH2,861,2022-12-12 19:09:28,2022-12-12 19:09:43,15,3000,200,0.678320,0.744487,0.000000,1.000000,Excellent,
ECG_CH2,862,2022-12-12 19:09:43,2022-12-12 19:09:58,15,3000,200,0.722545,0.752654,0.000000,1.000000,Excellent,
ECG_CH2,863,2022-12-12 19:09:58,2022-12-12 19:10:13,15,3000,200,0.699340,0.909177,0.000000,1.000000,Excellent,
ECG_CH2,864,2022-12-12 19:10:13,2022-12-12 19:10:28,15,3000,200,0.800049,0.920103,0.000000,1.000000,Excellent,
ECG_CH2,865,2022-12-12 19:10:28,2022-12-12 19:10:43,15,3000,200,0.742755,0.810730,0.000000,1.000000,Barely acceptable,
ECG_CH2,866,2022-12-12 19:10:43,2022-12-12 19:10:58,15,3000,200,0.440620,0.486941,0.000000,1.000000,Barely acceptable,
ECG_CH2,867,2022-12-12 19:10:58,2022-12-12 19:11:13,15,3000,200,0.689195,0.806204,0.000000,1.000000,Excellent,
ECG_CH2,868,2022-12-12 19:11:13,2022-12-12 19:11:28,15,3000,200,0.796582,0.940049,0.000000,1.000000,Excellent,
ECG_CH2,869,2022-12-12 19:11:28,2022-12-12 19:11:43,15,3000,200,0.756210,0.824124,0.000000,1.000000,Barely acceptable,
ECG_CH2,870,2022-12-12 19:11:43,2022-12-12 19:11:58,15,3000,200,0.816235,0.968540,0.000000,1.000000,Excellent,
ECG_CH2,871,2022-12-12 19:11:58,2022-12-12 19:12:13,15,3000,200,0.805600,0.868845,0.000000,1.000000,Excellent,
ECG_CH2,872,2022-12-12 19:12:13,2022-12-12 19:12:28,15,3000,200,0.602668,0.716520,0.000000,1.000000,Excellent,
ECG_CH2,873,2022-12-12 19:12:28,2022-12-12 19:12:43,15,3000,200,0.645085,0.714256,0.000000,1.000000,Barely acceptable,
ECG_CH2,874,2022-12-12 19:12:43,2022-12-12 19:12:58,15,3000,200,0.665840,0.768598,0.000000,1.000000,Barely acceptable,
ECG_CH2,875,2022-12-12 19:12:58,2022-12-12 19:13:13,15,3000,200,0.660237,0.786909,0.000000,1.000000,Excellent,
ECG_CH2,876,2022-12-12 19:13:13,2022-12-12 19:13:28,15,3000,200,0.640679,0.735891,0.000000,1.000000,Excellent,
ECG_CH2,877,2022-12-12 19:13:28,2022-12-12 19:13:43,15,3000,200,0.721141,0.902784,0.000000,1.000000,Excellent,
ECG_CH2,878,2022-12-12 19:13:43,2022-12-12 19:13:58,15,3000,200,0.713601,0.846058,0.000000,1.000000,Excellent,
ECG_CH2,879,2022-12-12 19:13:58,2022-12-12 19:14:13,15,3000,200,0.736573,0.764765,0.000000,1.000000,Barely acceptable,
ECG_CH2,880,2022-12-12 19:14:13,2022-12-12 19:14:28,15,3000,200,0.790654,0.927990,0.000000,1.000000,Excellent,
ECG_CH2,881,2022-12-12 19:14:28,2022-12-12 19:14:43,15,3000,200,0.571489,0.529933,0.000000,1.000000,Excellent,
ECG_CH2,882,2022-12-12 19:14:43,2022-12-12 19:14:58,15,3000,200,0.695017,0.840108,0.000000,1.000000,Excellent,
ECG_CH2,883,2022-12-12 19:14:58,2022-12-12 19:15:13,15,3000,200,0.621331,0.566332,0.000000,1.000000,Excellent,
ECG_CH2,884,2022-12-12 19:15:13,2022-12-12 19:15:28,15,3000,200,0.753589,0.825165,0.000000,1.000000,Barely acceptable,
ECG_CH2,885,2022-12-12 19:15:28,2022-12-12 19:15:43,15,3000,200,0.716781,0.863046,0.000000,1.000000,Barely acceptable,
ECG_CH2,886,2022-12-12 19:15:43,2022-12-12 19:15:58,15,3000,200,0.643637,0.640460,0.000000,1.000000,Barely acceptable,
ECG_CH2,887,2022-12-12 19:15:58,2022-12-12 19:16:13,15,3000,200,0.414336,0.444949,0.000000,1.000000,Barely acceptable,
ECG_CH2,888,2022-12-12 19:16:13,2022-12-12 19:16:28,15,3000,200,0.470552,0.479490,0.000000,1.000000,Barely acceptable,
ECG_CH2,889,2022-12-12 19:16:28,2022-12-12 19:16:43,15,3000,200,0.739759,0.875437,0.000000,1.000000,Barely acceptable,
ECG_CH2,890,2022-12-12 19:16:43,2022-12-12 19:16:58,15,3000,200,0.508757,0.516900,0.000000,1.000000,Excellent,
ECG_CH2,891,2022-12-12 19:16:58,2022-12-12 19:17:13,15,3000,200,0.724046,0.781825,0.000000,1.000000,Excellent,
ECG_CH2,892,2022-12-12 19:17:13,2022-12-12 19:17:28,15,3000,200,0.803441,0.939175,0.000000,1.000000,Barely acceptable,
ECG_CH2,893,2022-12-12 19:17:28,2022-12-12 19:17:43,15,3000,200,0.595081,0.713118,0.000000,1.000000,Excellent,
ECG_CH2,894,2022-12-12 19:17:43,2022-12-12 19:17:58,15,3000,200,0.693890,0.835739,0.000000,1.000000,Excellent,
ECG_CH2,895,2022-12-12 19:17:58,2022-12-12 19:18:13,15,3000,200,0.504013,0.504262,0.000000,1.000000,Excellent,
ECG_CH2,896,2022-12-12 19:18:13,2022-12-12 19:18:28,15,3000,200,0.737522,0.834655,0.000000,1.000000,Excellent,
ECG_CH2,897,2022-12-12 19:18:28,2022-12-12 19:18:43,15,3000,200,0.699819,0.753731,0.000000,1.000000,Excellent,
ECG_CH2,898,2022-12-12 19:18:43,2022-12-12 19:18:58,15,3000,200,0.583116,0.468655,0.000000,1.000000,Excellent,
ECG_CH2,899,2022-12-12 19:18:58,2022-12-12 19:19:13,15,3000,200,0.715235,0.861822,0.000000,1.000000,Excellent,
ECG_CH2,900,2022-12-12 19:19:13,2022-12-12 19:19:28,15,3000,200,0.732529,0.826531,0.000000,1.000000,Excellent,
ECG_CH2,901,2022-12-12 19:19:28,2022-12-12 19:19:43,15,3000,200,0.683272,0.729591,0.000000,1.000000,Excellent,
ECG_CH2,902,2022-12-12 19:19:43,2022-12-12 19:19:58,15,3000,200,0.622456,0.728441,0.000000,1.000000,Excellent,
ECG_CH2,903,2022-12-12 19:19:58,2022-12-12 19:20:13,15,3000,200,0.639471,0.755254,0.000000,1.000000,Excellent,
ECG_CH2,904,2022-12-12 19:20:13,2022-12-12 19:20:28,15,3000,200,0.643702,0.725654,0.000000,1.000000,Excellent,
ECG_CH2,905,2022-12-12 19:20:28,2022-12-12 19:20:43,15,3000,200,0.745018,0.878930,0.000000,1.000000,Excellent,
ECG_CH2,906,2022-12-12 19:20:43,2022-12-12 19:20:58,15,3000,200,0.833106,0.963355,0.000000,1.000000,Excellent,
ECG_CH2,907,2022-12-12 19:20:58,2022-12-12 19:21:13,15,3000,200,0.627864,0.711934,0.000000,1.000000,Excellent,
ECG_CH2,908,2022-12-12 19:21:13,2022-12-12 19:21:28,15,3000,200,0.646589,0.745400,0.000000,1.000000,Excellent,
ECG_CH2,909,2022-12-12 19:21:28,2022-12-12 19:21:43,15,3000,200,0.429605,0.373919,0.000000,1.000000,Excellent,
ECG_CH2,910,2022-12-12 19:21:43,2022-12-12 19:21:58,15,3000,200,0.606143,0.669595,0.000000,1.000000,Excellent,
ECG_CH2,911,2022-12-12 19:21:58,2022-12-12 19:22:13,15,3000,200,0.486855,0.489118,0.000000,1.000000,Excellent,
ECG_CH2,912,2022-12-12 19:22:13,2022-12-12 19:22:28,15,3000,200,0.665008,0.819626,0.000000,1.000000,Barely acceptable,
ECG_CH2,913,2022-12-12 19:22:28,2022-12-12 19:22:43,15,3000,200,0.647004,0.693555,0.000000,1.000000,Excellent,
ECG_CH2,914,2022-12-12 19:22:43,2022-12-12 19:22:58,15,3000,200,0.593854,0.650731,0.000000,1.000000,Excellent,
ECG_CH2,915,2022-12-12 19:22:58,2022-12-12 19:23:13,15,3000,200,0.628349,0.699358,0.000000,1.000000,Excellent,
ECG_CH2,916,2022-12-12 19:23:13,2022-12-12 19:23:28,15,3000,200,0.600279,0.708497,0.000000,1.000000,Excellent,
ECG_CH2,917,2022-12-12 19:23:28,2022-12-12 19:23:43,15,3000,200,0.648742,0.693847,0.000000,1.000000,Excellent,
ECG_CH2,918,2022-12-12 19:23:43,2022-12-12 19:23:58,15,3000,200,0.687566,0.852275,0.000000,1.000000,Excellent,
ECG_CH2,919,2022-12-12 19:23:58,2022-12-12 19:24:13,15,3000,200,0.702050,0.794288,0.000000,1.000000,Excellent,
ECG_CH2,920,2022-12-12 19:24:13,2022-12-12 19:24:28,15,3000,200,0.635347,0.816181,0.000000,1.000000,Excellent,
ECG_CH2,921,2022-12-12 19:24:28,2022-12-12 19:24:43,15,3000,200,0.678319,0.826484,0.000000,1.000000,Excellent,
ECG_CH2,922,2022-12-12 19:24:43,2022-12-12 19:24:58,15,3000,200,0.697554,0.821453,0.000000,1.000000,Barely acceptable,
ECG_CH2,923,2022-12-12 19:24:58,2022-12-12 19:25:13,15,3000,200,0.607971,0.711819,0.000000,1.000000,Excellent,
ECG_CH2,924,2022-12-12 19:25:13,2022-12-12 19:25:28,15,3000,200,0.625801,0.649268,0.000000,1.000000,Excellent,
ECG_CH2,925,2022-12-12 19:25:28,2022-12-12 19:25:43,15,3000,200,0.761402,0.808643,0.000000,1.000000,Excellent,
ECG_CH2,926,2022-12-12 19:25:43,2022-12-12 19:25:58,15,3000,200,0.614330,0.672383,0.000000,1.000000,Excellent,
ECG_CH2,927,2022-12-12 19:25:58,2022-12-12 19:26:13,15,3000,200,0.592221,0.665100,0.000000,1.000000,Excellent,
ECG_CH2,928,2022-12-12 19:26:13,2022-12-12 19:26:28,15,3000,200,0.760549,0.848032,0.000000,1.000000,Excellent,
ECG_CH2,929,2022-12-12 19:26:28,2022-12-12 19:26:43,15,3000,200,0.691890,0.821803,0.000000,1.000000,Excellent,
ECG_CH2,930,2022-12-12 19:26:43,2022-12-12 19:26:58,15,3000,200,0.750486,0.862231,0.000000,1.000000,Excellent,
ECG_CH2,931,2022-12-12 19:26:58,2022-12-12 19:27:13,15,3000,200,0.728583,0.845025,0.000000,1.000000,Excellent,
ECG_CH2,932,2022-12-12 19:27:13,2022-12-12 19:27:28,15,3000,200,0.660007,0.776106,0.000000,1.000000,Excellent,
ECG_CH2,933,2022-12-12 19:27:28,2022-12-12 19:27:43,15,3000,200,0.625390,0.680833,0.000000,1.000000,Excellent,
ECG_CH2,934,2022-12-12 19:27:43,2022-12-12 19:27:58,15,3000,200,0.728468,0.815347,0.000000,1.000000,Excellent,
ECG_CH2,935,2022-12-12 19:27:58,2022-12-12 19:28:13,15,3000,200,0.489628,0.412846,0.000000,1.000000,Excellent,
ECG_CH2,936,2022-12-12 19:28:13,2022-12-12 19:28:28,15,3000,200,0.678838,0.821206,0.000000,1.000000,Excellent,
ECG_CH2,937,2022-12-12 19:28:28,2022-12-12 19:28:43,15,3000,200,0.833206,0.947651,0.000000,1.000000,Excellent,
ECG_CH2,938,2022-12-12 19:28:43,2022-12-12 19:28:58,15,3000,200,0.805815,0.884544,0.000000,1.000000,Excellent,
ECG_CH2,939,2022-12-12 19:28:58,2022-12-12 19:29:13,15,3000,200,0.648040,0.788441,0.000000,1.000000,Excellent,
ECG_CH2,940,2022-12-12 19:29:13,2022-12-12 19:29:28,15,3000,200,0.649750,0.713704,0.000000,1.000000,Excellent,
ECG_CH2,941,2022-12-12 19:29:28,2022-12-12 19:29:43,15,3000,200,0.764138,0.844994,0.000000,1.000000,Excellent,
ECG_CH2,942,2022-12-12 19:29:43,2022-12-12 19:29:58,15,3000,200,0.555565,0.602946,0.000000,1.000000,Excellent,
ECG_CH2,943,2022-12-12 19:29:58,2022-12-12 19:30:13,15,3000,200,0.663123,0.760831,0.000000,1.000000,Excellent,
ECG_CH2,944,2022-12-12 19:30:13,2022-12-12 19:30:28,15,3000,200,0.804967,0.899060,0.000000,1.000000,Excellent,
ECG_CH2,945,2022-12-12 19:30:28,2022-12-12 19:30:43,15,3000,200,0.713834,0.847660,0.000000,1.000000,Excellent,
ECG_CH2,946,2022-12-12 19:30:43,2022-12-12 19:30:58,15,3000,200,0.675304,0.835638,0.000000,1.000000,Excellent,
ECG_CH2,947,2022-12-12 19:30:58,2022-12-12 19:31:13,15,3000,200,0.644637,0.708298,0.000000,1.000000,Excellent,
ECG_CH2,948,2022-12-12 19:31:13,2022-12-12 19:31:28,15,3000,200,0.699731,0.889067,0.000000,1.000000,Excellent,
ECG_CH2,949,2022-12-12 19:31:28,2022-12-12 19:31:43,15,3000,200,0.662892,0.761170,0.000000,1.000000,Excellent,
ECG_CH2,950,2022-12-12 19:31:43,2022-12-12 19:31:58,15,3000,200,0.626453,0.669012,0.000000,1.000000,Excellent,
ECG_CH2,951,2022-12-12 19:31:58,2022-12-12 19:32:13,15,3000,200,0.701159,0.769756,0.000000,1.000000,Excellent,
ECG_CH2,952,2022-12-12 19:32:13,2022-12-12 19:32:28,15,3000,200,0.455810,0.311328,0.000000,1.000000,Excellent,
ECG_CH2,953,2022-12-12 19:32:28,2022-12-12 19:32:43,15,3000,200,0.647091,0.620721,0.000000,1.000000,Excellent,
ECG_CH2,954,2022-12-12 19:32:43,2022-12-12 19:32:58,15,3000,200,0.597706,0.575009,0.000000,1.000000,Excellent,
ECG_CH2,955,2022-12-12 19:32:58,2022-12-12 19:33:13,15,3000,200,0.519721,0.538489,0.000000,1.000000,Excellent,
ECG_CH2,956,2022-12-12 19:33:13,2022-12-12 19:33:28,15,3000,200,0.736343,0.789515,0.000000,1.000000,Excellent,
ECG_CH2,957,2022-12-12 19:33:28,2022-12-12 19:33:43,15,3000,200,0.689520,0.769943,0.000000,1.000000,Excellent,
ECG_CH2,958,2022-12-12 19:33:43,2022-12-12 19:33:58,15,3000,200,0.626942,0.579607,0.000000,1.000000,Excellent,
ECG_CH2,959,2022-12-12 19:33:58,2022-12-12 19:34:13,15,3000,200,0.815206,0.910391,0.000000,1.000000,Excellent,
ECG_CH2,960,2022-12-12 19:34:13,2022-12-12 19:34:28,15,3000,200,0.605254,0.681348,0.000000,1.000000,Excellent,
ECG_CH2,961,2022-12-12 19:34:28,2022-12-12 19:34:43,15,3000,200,0.776453,0.840730,0.000000,1.000000,Excellent,
ECG_CH2,962,2022-12-12 19:34:43,2022-12-12 19:34:58,15,3000,200,0.719416,0.797403,0.000000,1.000000,Excellent,
ECG_CH2,963,2022-12-12 19:34:58,2022-12-12 19:35:13,15,3000,200,0.584342,0.634744,0.000000,1.000000,Excellent,
ECG_CH2,964,2022-12-12 19:35:13,2022-12-12 19:35:28,15,3000,200,0.633243,0.588622,0.000000,1.000000,Excellent,
ECG_CH2,965,2022-12-12 19:35:28,2022-12-12 19:35:43,15,3000,200,0.816534,0.913550,0.000000,1.000000,Excellent,
ECG_CH2,966,2022-12-12 19:35:43,2022-12-12 19:35:58,15,3000,200,0.565278,0.618303,0.000000,1.000000,Excellent,
ECG_CH2,967,2022-12-12 19:35:58,2022-12-12 19:36:13,15,3000,200,0.708014,0.856992,0.000000,1.000000,Excellent,
ECG_CH2,968,2022-12-12 19:36:13,2022-12-12 19:36:28,15,3000,200,0.804425,0.909054,0.000000,1.000000,Excellent,
ECG_CH2,969,2022-12-12 19:36:28,2022-12-12 19:36:43,15,3000,200,0.591452,0.617293,0.000000,1.000000,Excellent,
ECG_CH2,970,2022-12-12 19:36:43,2022-12-12 19:36:58,15,3000,200,0.512111,0.484214,0.000000,1.000000,Excellent,
ECG_CH2,971,2022-12-12 19:36:58,2022-12-12 19:37:13,15,3000,200,0.580407,0.617785,0.000000,1.000000,Excellent,
ECG_CH2,972,2022-12-12 19:37:13,2022-12-12 19:37:28,15,3000,200,0.597921,0.618274,0.000000,1.000000,Excellent,
ECG_CH2,973,2022-12-12 19:37:28,2022-12-12 19:37:43,15,3000,200,0.681667,0.774476,0.000000,1.000000,Excellent,
ECG_CH2,974,2022-12-12 19:37:43,2022-12-12 19:37:58,15,3000,200,0.629135,0.761182,0.000000,1.000000,Excellent,
ECG_CH2,975,2022-12-12 19:37:58,2022-12-12 19:38:13,15,3000,200,0.773348,0.830947,0.000000,1.000000,Excellent,
ECG_CH2,976,2022-12-12 19:38:13,2022-12-12 19:38:28,15,3000,200,0.634519,0.696076,0.000000,1.000000,Excellent,
ECG_CH2,977,2022-12-12 19:38:28,2022-12-12 19:38:43,15,3000,200,0.627962,0.675169,0.000000,1.000000,Barely acceptable,
ECG_CH2,978,2022-12-12 19:38:43,2022-12-12 19:38:58,15,3000,200,0.688191,0.861384,0.000000,1.000000,Excellent,
ECG_CH2,979,2022-12-12 19:38:58,2022-12-12 19:39:13,15,3000,200,0.721944,0.852714,0.000000,1.000000,Excellent,
ECG_CH2,980,2022-12-12 19:39:13,2022-12-12 19:39:28,15,3000,200,0.673447,0.791142,0.000000,1.000000,Excellent,
ECG_CH2,981,2022-12-12 19:39:28,2022-12-12 19:39:43,15,3000,200,0.794999,0.897603,0.000000,1.000000,Excellent,
ECG_CH2,982,2022-12-12 19:39:43,2022-12-12 19:39:58,15,3000,200,0.650231,0.743178,0.000000,1.000000,Excellent,
ECG_CH2,983,2022-12-12 19:39:58,2022-12-12 19:40:13,15,3000,200,0.654742,0.750276,0.000000,1.000000,Barely acceptable,
ECG_CH2,984,2022-12-12 19:40:13,2022-12-12 19:40:28,15,3000,200,0.819677,0.917191,0.000000,1.000000,Excellent,
ECG_CH2,985,2022-12-12 19:40:28,2022-12-12 19:40:43,15,3000,200,0.751600,0.849530,0.000000,1.000000,Excellent,
ECG_CH2,986,2022-12-12 19:40:43,2022-12-12 19:40:58,15,3000,200,0.634410,0.695780,0.000000,1.000000,Excellent,
ECG_CH2,987,2022-12-12 19:40:58,2022-12-12 19:41:13,15,3000,200,0.530563,0.602309,0.000000,1.000000,Excellent,
ECG_CH2,988,2022-12-12 19:41:13,2022-12-12 19:41:28,15,3000,200,0.647209,0.712765,0.000000,1.000000,Excellent,
ECG_CH2,989,2022-12-12 19:41:28,2022-12-12 19:41:43,15,3000,200,0.711030,0.810244,0.000000,1.000000,Excellent,
ECG_CH2,990,2022-12-12 19:41:43,2022-12-12 19:41:58,15,3000,200,0.799042,0.903434,0.000000,1.000000,Excellent,
ECG_CH2,991,2022-12-12 19:41:58,2022-12-12 19:42:13,15,3000,200,0.642898,0.735199,0.000000,1.000000,Excellent,
ECG_CH2,992,2022-12-12 19:42:13,2022-12-12 19:42:28,15,3000,200,0.636410,0.739066,0.000000,1.000000,Excellent,
ECG_CH2,993,2022-12-12 19:42:28,2022-12-12 19:42:43,15,3000,200,0.647676,0.729853,0.000000,1.000000,Excellent,
ECG_CH2,994,2022-12-12 19:42:43,2022-12-12 19:42:58,15,3000,200,0.648315,0.804872,0.000000,1.000000,Excellent,
ECG_CH2,995,2022-12-12 19:42:58,2022-12-12 19:43:13,15,3000,200,0.784745,0.824932,0.000000,1.000000,Excellent,
ECG_CH2,996,2022-12-12 19:43:13,2022-12-12 19:43:28,15,3000,200,0.751277,0.860712,0.000000,1.000000,Excellent,
ECG_CH2,997,2022-12-12 19:43:28,2022-12-12 19:43:43,15,3000,200,0.512325,0.603371,0.000000,1.000000,Excellent,
ECG_CH2,998,2022-12-12 19:43:43,2022-12-12 19:43:58,15,3000,200,0.761412,0.864416,0.000000,1.000000,Excellent,
ECG_CH2,999,2022-12-12 19:43:58,2022-12-12 19:44:13,15,3000,200,0.657959,0.806063,0.000000,1.000000,Excellent,
ECG_CH2,1000,2022-12-12 19:44:13,2022-12-12 19:44:28,15,3000,200,0.650798,0.699840,0.000000,1.000000,Excellent,
ECG_CH2,1001,2022-12-12 19:44:28,2022-12-12 19:44:43,15,3000,200,0.663283,0.746716,0.000000,1.000000,Excellent,
ECG_CH2,1002,2022-12-12 19:44:43,2022-12-12 19:44:58,15,3000,200,0.472069,0.469348,0.000000,1.000000,Excellent,
ECG_CH2,1003,2022-12-12 19:44:58,2022-12-12 19:45:13,15,3000,200,0.422434,0.472200,0.000000,1.000000,Excellent,
ECG_CH2,1004,2022-12-12 19:45:13,2022-12-12 19:45:28,15,3000,200,0.704144,0.759796,0.000000,1.000000,Excellent,
ECG_CH2,1005,2022-12-12 19:45:28,2022-12-12 19:45:43,15,3000,200,0.610133,0.702546,0.000000,1.000000,Excellent,
ECG_CH2,1006,2022-12-12 19:45:43,2022-12-12 19:45:58,15,3000,200,0.560525,0.599651,0.000000,1.000000,Excellent,
ECG_CH2,1007,2022-12-12 19:45:58,2022-12-12 19:46:13,15,3000,200,0.589090,0.693969,0.000000,1.000000,Excellent,
ECG_CH2,1008,2022-12-12 19:46:13,2022-12-12 19:46:28,15,3000,200,0.816031,0.914645,0.000000,1.000000,Excellent,
ECG_CH2,1009,2022-12-12 19:46:28,2022-12-12 19:46:43,15,3000,200,0.802221,0.892515,0.000000,1.000000,Excellent,
ECG_CH2,1010,2022-12-12 19:46:43,2022-12-12 19:46:58,15,3000,200,0.658753,0.766234,0.000000,1.000000,Excellent,
ECG_CH2,1011,2022-12-12 19:46:58,2022-12-12 19:47:13,15,3000,200,0.809205,0.923773,0.000000,1.000000,Excellent,
ECG_CH2,1012,2022-12-12 19:47:13,2022-12-12 19:47:28,15,3000,200,0.574673,0.630531,0.000000,1.000000,Excellent,
ECG_CH2,1013,2022-12-12 19:47:28,2022-12-12 19:47:43,15,3000,200,0.794779,0.936077,0.000000,1.000000,Excellent,
ECG_CH2,1014,2022-12-12 19:47:43,2022-12-12 19:47:58,15,3000,200,0.818177,0.928863,0.000000,1.000000,Excellent,
ECG_CH2,1015,2022-12-12 19:47:58,2022-12-12 19:48:13,15,3000,200,0.606618,0.629397,0.000000,1.000000,Excellent,
ECG_CH2,1016,2022-12-12 19:48:13,2022-12-12 19:48:28,15,3000,200,0.722342,0.826076,0.000000,1.000000,Excellent,
ECG_CH2,1017,2022-12-12 19:48:28,2022-12-12 19:48:43,15,3000,200,0.773147,0.862602,0.000000,1.000000,Excellent,
ECG_CH2,1018,2022-12-12 19:48:43,2022-12-12 19:48:58,15,3000,200,0.663184,0.767150,0.000000,1.000000,Excellent,
ECG_CH2,1019,2022-12-12 19:48:58,2022-12-12 19:49:13,15,3000,200,0.704635,0.759578,0.000000,1.000000,Excellent,
ECG_CH2,1020,2022-12-12 19:49:13,2022-12-12 19:49:28,15,3000,200,0.791293,0.934569,0.000000,1.000000,Excellent,
ECG_CH2,1021,2022-12-12 19:49:28,2022-12-12 19:49:43,15,3000,200,0.720688,0.786660,0.000000,1.000000,Excellent,
ECG_CH2,1022,2022-12-12 19:49:43,2022-12-12 19:49:58,15,3000,200,0.812442,0.892376,0.000000,1.000000,Excellent,
ECG_CH2,1023,2022-12-12 19:49:58,2022-12-12 19:50:13,15,3000,200,0.681098,0.763034,0.000000,1.000000,Excellent,
ECG_CH2,1024,2022-12-12 19:50:13,2022-12-12 19:50:28,15,3000,200,0.684146,0.786497,0.000000,1.000000,Excellent,
ECG_CH2,1025,2022-12-12 19:50:28,2022-12-12 19:50:43,15,3000,200,0.589788,0.610638,0.000000,1.000000,Excellent,
ECG_CH2,1026,2022-12-12 19:50:43,2022-12-12 19:50:58,15,3000,200,0.687238,0.702299,0.000000,1.000000,Excellent,
ECG_CH2,1027,2022-12-12 19:50:58,2022-12-12 19:51:13,15,3000,200,0.676901,0.777479,0.000000,1.000000,Excellent,
ECG_CH2,1028,2022-12-12 19:51:13,2022-12-12 19:51:28,15,3000,200,0.684162,0.700166,0.000000,1.000000,Excellent,
ECG_CH2,1029,2022-12-12 19:51:28,2022-12-12 19:51:43,15,3000,200,0.778046,0.848718,0.000000,1.000000,Excellent,
ECG_CH2,1030,2022-12-12 19:51:43,2022-12-12 19:51:58,15,3000,200,0.653368,0.701941,0.000000,1.000000,Excellent,
ECG_CH2,1031,2022-12-12 19:51:58,2022-12-12 19:52:13,15,3000,200,0.789471,0.873405,0.000000,1.000000,Excellent,
ECG_CH2,1032,2022-12-12 19:52:13,2022-12-12 19:52:28,15,3000,200,0.804432,0.910252,0.000000,1.000000,Excellent,
ECG_CH2,1033,2022-12-12 19:52:28,2022-12-12 19:52:43,15,3000,200,0.816648,0.907981,0.000000,1.000000,Excellent,
ECG_CH2,1034,2022-12-12 19:52:43,2022-12-12 19:52:58,15,3000,200,0.801303,0.884836,0.000000,1.000000,Excellent,
ECG_CH2,1035,2022-12-12 19:52:58,2022-12-12 19:53:13,15,3000,200,0.714418,0.820112,0.000000,1.000000,Excellent,
ECG_CH2,1036,2022-12-12 19:53:13,2022-12-12 19:53:28,15,3000,200,0.636438,0.730423,0.000000,1.000000,Excellent,
ECG_CH2,1037,2022-12-12 19:53:28,2022-12-12 19:53:43,15,3000,200,0.610637,0.703316,0.000000,1.000000,Excellent,
ECG_CH2,1038,2022-12-12 19:53:43,2022-12-12 19:53:58,15,3000,200,0.820338,0.881326,0.000000,1.000000,Excellent,
ECG_CH2,1039,2022-12-12 19:53:58,2022-12-12 19:54:13,15,3000,200,0.662518,0.776000,0.000000,1.000000,Excellent,
ECG_CH2,1040,2022-12-12 19:54:13,2022-12-12 19:54:28,15,3000,200,0.598591,0.675917,0.000000,1.000000,Excellent,
ECG_CH2,1041,2022-12-12 19:54:28,2022-12-12 19:54:43,15,3000,200,0.821069,0.918269,0.000000,1.000000,Excellent,
ECG_CH2,1042,2022-12-12 19:54:43,2022-12-12 19:54:58,15,3000,200,0.659695,0.716243,0.000000,1.000000,Excellent,
ECG_CH2,1043,2022-12-12 19:54:58,2022-12-12 19:55:13,15,3000,200,0.553539,0.611636,0.000000,1.000000,Excellent,
ECG_CH2,1044,2022-12-12 19:55:13,2022-12-12 19:55:28,15,3000,200,0.672454,0.736057,0.000000,1.000000,Excellent,
ECG_CH2,1045,2022-12-12 19:55:28,2022-12-12 19:55:43,15,3000,200,0.605073,0.683990,0.000000,1.000000,Excellent,
ECG_CH2,1046,2022-12-12 19:55:43,2022-12-12 19:55:58,15,3000,200,0.691782,0.781706,0.000000,1.000000,Excellent,
ECG_CH2,1047,2022-12-12 19:55:58,2022-12-12 19:56:13,15,3000,200,0.772169,0.841108,0.000000,1.000000,Excellent,
ECG_CH2,1048,2022-12-12 19:56:13,2022-12-12 19:56:28,15,3000,200,0.785363,0.930387,0.000000,1.000000,Excellent,
ECG_CH2,1049,2022-12-12 19:56:28,2022-12-12 19:56:43,15,3000,200,0.676181,0.716791,0.000000,1.000000,Excellent,
ECG_CH2,1050,2022-12-12 19:56:43,2022-12-12 19:56:58,15,3000,200,0.645542,0.647964,0.000000,1.000000,Excellent,
ECG_CH2,1051,2022-12-12 19:56:58,2022-12-12 19:57:13,15,3000,200,0.736957,0.826712,0.000000,1.000000,Excellent,
ECG_CH2,1052,2022-12-12 19:57:13,2022-12-12 19:57:28,15,3000,200,0.678681,0.770647,0.000000,1.000000,Excellent,
ECG_CH2,1053,2022-12-12 19:57:28,2022-12-12 19:57:43,15,3000,200,0.621248,0.707216,0.000000,1.000000,Excellent,
ECG_CH2,1054,2022-12-12 19:57:43,2022-12-12 19:57:58,15,3000,200,0.750095,0.810079,0.000000,1.000000,Excellent,
ECG_CH2,1055,2022-12-12 19:57:58,2022-12-12 19:58:13,15,3000,200,0.761720,0.902410,0.000000,1.000000,Excellent,
ECG_CH2,1056,2022-12-12 19:58:13,2022-12-12 19:58:28,15,3000,200,0.736549,0.875675,0.000000,1.000000,Excellent,
ECG_CH2,1057,2022-12-12 19:58:28,2022-12-12 19:58:43,15,3000,200,0.830409,0.949761,0.000000,1.000000,Excellent,
ECG_CH2,1058,2022-12-12 19:58:43,2022-12-12 19:58:58,15,3000,200,0.744059,0.762859,0.000000,1.000000,Excellent,
ECG_CH2,1059,2022-12-12 19:58:58,2022-12-12 19:59:13,15,3000,200,0.629096,0.758573,0.000000,1.000000,Excellent,
ECG_CH2,1060,2022-12-12 19:59:13,2022-12-12 19:59:28,15,3000,200,0.745451,0.835520,0.000000,1.000000,Excellent,
ECG_CH2,1061,2022-12-12 19:59:28,2022-12-12 19:59:43,15,3000,200,0.711926,0.746092,0.000000,1.000000,Excellent,
ECG_CH2,1062,2022-12-12 19:59:43,2022-12-12 19:59:58,15,3000,200,0.560186,0.480099,0.000000,1.000000,Excellent,
ECG_CH2,1063,2022-12-12 19:59:58,2022-12-12 20:00:13,15,3000,200,0.739638,0.858105,0.000000,1.000000,Excellent,
ECG_CH2,1064,2022-12-12 20:00:13,2022-12-12 20:00:28,15,3000,200,0.700310,0.764639,0.000000,1.000000,Excellent,
ECG_CH2,1065,2022-12-12 20:00:28,2022-12-12 20:00:43,15,3000,200,0.638013,0.771208,0.000000,1.000000,Excellent,
ECG_CH2,1066,2022-12-12 20:00:43,2022-12-12 20:00:58,15,3000,200,0.709669,0.821584,0.000000,1.000000,Excellent,
ECG_CH2,1067,2022-12-12 20:00:58,2022-12-12 20:01:13,15,3000,200,0.693624,0.772120,0.000000,1.000000,Excellent,
ECG_CH2,1068,2022-12-12 20:01:13,2022-12-12 20:01:28,15,3000,200,0.800214,0.928581,0.000000,1.000000,Excellent,
ECG_CH2,1069,2022-12-12 20:01:28,2022-12-12 20:01:43,15,3000,200,0.802932,0.915270,0.000000,1.000000,Excellent,
ECG_CH2,1070,2022-12-12 20:01:43,2022-12-12 20:01:58,15,3000,200,0.819622,0.899259,0.000000,1.000000,Excellent,
ECG_CH2,1071,2022-12-12 20:01:58,2022-12-12 20:02:13,15,3000,200,0.603318,0.654128,0.000000,1.000000,Excellent,
ECG_CH2,1072,2022-12-12 20:02:13,2022-12-12 20:02:28,15,3000,200,0.812012,0.910377,0.000000,1.000000,Excellent,
ECG_CH2,1073,2022-12-12 20:02:28,2022-12-12 20:02:43,15,3000,200,0.634617,0.750378,0.000000,1.000000,Excellent,
ECG_CH2,1074,2022-12-12 20:02:43,2022-12-12 20:02:58,15,3000,200,0.458892,0.349628,0.000000,1.000000,Excellent,
ECG_CH2,1075,2022-12-12 20:02:58,2022-12-12 20:03:13,15,3000,200,0.697633,0.815578,0.000000,1.000000,Excellent,
ECG_CH2,1076,2022-12-12 20:03:13,2022-12-12 20:03:28,15,3000,200,0.505990,0.513848,0.000000,1.000000,Excellent,
ECG_CH2,1077,2022-12-12 20:03:28,2022-12-12 20:03:43,15,3000,200,0.618767,0.600251,0.000000,1.000000,Excellent,
ECG_CH2,1078,2022-12-12 20:03:43,2022-12-12 20:03:58,15,3000,200,0.812990,0.864075,0.000000,1.000000,Excellent,
ECG_CH2,1079,2022-12-12 20:03:58,2022-12-12 20:04:13,15,3000,200,0.593855,0.580996,0.000000,1.000000,Excellent,
ECG_CH2,1080,2022-12-12 20:04:13,2022-12-12 20:04:28,15,3000,200,0.636653,0.821280,0.000000,1.000000,Excellent,
ECG_CH2,1081,2022-12-12 20:04:28,2022-12-12 20:04:43,15,3000,200,0.610313,0.597629,0.000000,1.000000,Excellent,
ECG_CH2,1082,2022-12-12 20:04:43,2022-12-12 20:04:58,15,3000,200,0.786053,0.865158,0.000000,1.000000,Excellent,
ECG_CH2,1083,2022-12-12 20:04:58,2022-12-12 20:05:13,15,3000,200,0.708907,0.832871,0.000000,1.000000,Excellent,
ECG_CH2,1084,2022-12-12 20:05:13,2022-12-12 20:05:28,15,3000,200,0.545061,0.582943,0.000000,1.000000,Excellent,
ECG_CH2,1085,2022-12-12 20:05:28,2022-12-12 20:05:43,15,3000,200,0.649143,0.714408,0.000000,1.000000,Excellent,
ECG_CH2,1086,2022-12-12 20:05:43,2022-12-12 20:05:58,15,3000,200,0.572232,0.632039,0.000000,1.000000,Excellent,
ECG_CH2,1087,2022-12-12 20:05:58,2022-12-12 20:06:13,15,3000,200,0.549193,0.567008,0.000000,1.000000,Excellent,
ECG_CH2,1088,2022-12-12 20:06:13,2022-12-12 20:06:28,15,3000,200,0.823305,0.966957,0.000000,1.000000,Excellent,
ECG_CH2,1089,2022-12-12 20:06:28,2022-12-12 20:06:43,15,3000,200,0.822900,0.959959,0.000000,1.000000,Excellent,
ECG_CH2,1090,2022-12-12 20:06:43,2022-12-12 20:06:58,15,3000,200,0.727940,0.776715,0.000000,1.000000,Excellent,
ECG_CH2,1091,2022-12-12 20:06:58,2022-12-12 20:07:13,15,3000,200,0.623890,0.660070,0.000000,1.000000,Excellent,
ECG_CH2,1092,2022-12-12 20:07:13,2022-12-12 20:07:28,15,3000,200,0.513575,0.523923,0.000000,1.000000,Excellent,
ECG_CH2,1093,2022-12-12 20:07:28,2022-12-12 20:07:43,15,3000,200,0.605423,0.671493,0.000000,1.000000,Excellent,
ECG_CH2,1094,2022-12-12 20:07:43,2022-12-12 20:07:58,15,3000,200,0.534745,0.496260,0.000000,1.000000,Excellent,
ECG_CH2,1095,2022-12-12 20:07:58,2022-12-12 20:08:13,15,3000,200,0.696319,0.764488,0.000000,1.000000,Excellent,
ECG_CH2,1096,2022-12-12 20:08:13,2022-12-12 20:08:28,15,3000,200,0.581086,0.672474,0.000000,1.000000,Excellent,
ECG_CH2,1097,2022-12-12 20:08:28,2022-12-12 20:08:43,15,3000,200,0.760122,0.902884,0.000000,1.000000,Excellent,
ECG_CH2,1098,2022-12-12 20:08:43,2022-12-12 20:08:58,15,3000,200,0.795511,0.944418,0.000000,1.000000,Excellent,
ECG_CH2,1099,2022-12-12 20:08:58,2022-12-12 20:09:13,15,3000,200,0.801067,0.904173,0.000000,1.000000,Excellent,
ECG_CH2,1100,2022-12-12 20:09:13,2022-12-12 20:09:28,15,3000,200,0.703801,0.829519,0.000000,1.000000,Excellent,
ECG_CH2,1101,2022-12-12 20:09:28,2022-12-12 20:09:43,15,3000,200,0.634612,0.732058,0.000000,1.000000,Excellent,
ECG_CH2,1102,2022-12-12 20:09:43,2022-12-12 20:09:58,15,3000,200,0.624981,0.598985,0.000000,1.000000,Excellent,
ECG_CH2,1103,2022-12-12 20:09:58,2022-12-12 20:10:13,15,3000,200,0.560881,0.627696,0.000000,1.000000,Excellent,
ECG_CH2,1104,2022-12-12 20:10:13,2022-12-12 20:10:28,15,3000,200,0.680311,0.695954,0.000000,1.000000,Excellent,
ECG_CH2,1105,2022-12-12 20:10:28,2022-12-12 20:10:43,15,3000,200,0.770066,0.849658,0.000000,1.000000,Excellent,
ECG_CH2,1106,2022-12-12 20:10:43,2022-12-12 20:10:58,15,3000,200,0.680148,0.763829,0.000000,1.000000,Excellent,
ECG_CH2,1107,2022-12-12 20:10:58,2022-12-12 20:11:13,15,3000,200,0.655802,0.703360,0.000000,1.000000,Excellent,
ECG_CH2,1108,2022-12-12 20:11:13,2022-12-12 20:11:28,15,3000,200,0.792399,0.878401,0.000000,1.000000,Excellent,
ECG_CH2,1109,2022-12-12 20:11:28,2022-12-12 20:11:43,15,3000,200,0.600746,0.659621,0.000000,1.000000,Excellent,
ECG_CH2,1110,2022-12-12 20:11:43,2022-12-12 20:11:58,15,3000,200,0.654858,0.739602,0.000000,1.000000,Excellent,
ECG_CH2,1111,2022-12-12 20:11:58,2022-12-12 20:12:13,15,3000,200,0.768567,0.853494,0.000000,1.000000,Excellent,
ECG_CH2,1112,2022-12-12 20:12:13,2022-12-12 20:12:28,15,3000,200,0.785958,0.898043,0.000000,1.000000,Excellent,
ECG_CH2,1113,2022-12-12 20:12:28,2022-12-12 20:12:43,15,3000,200,0.615191,0.544426,0.000000,1.000000,Excellent,
ECG_CH2,1114,2022-12-12 20:12:43,2022-12-12 20:12:58,15,3000,200,0.629778,0.709015,0.000000,1.000000,Excellent,
ECG_CH2,1115,2022-12-12 20:12:58,2022-12-12 20:13:13,15,3000,200,0.800178,0.935648,0.000000,1.000000,Excellent,
ECG_CH2,1116,2022-12-12 20:13:13,2022-12-12 20:13:28,15,3000,200,0.650148,0.700754,0.000000,1.000000,Excellent,
ECG_CH2,1117,2022-12-12 20:13:28,2022-12-12 20:13:43,15,3000,200,0.613089,0.668853,0.000000,1.000000,Excellent,
ECG_CH2,1118,2022-12-12 20:13:43,2022-12-12 20:13:58,15,3000,200,0.562864,0.746603,0.000000,1.000000,Excellent,
ECG_CH2,1119,2022-12-12 20:13:58,2022-12-12 20:14:13,15,3000,200,0.728942,0.777583,0.000000,1.000000,Excellent,
ECG_CH2,1120,2022-12-12 20:14:13,2022-12-12 20:14:28,15,3000,200,0.675813,0.741522,0.000000,1.000000,Excellent,
ECG_CH2,1121,2022-12-12 20:14:28,2022-12-12 20:14:43,15,3000,200,0.678639,0.754507,0.000000,1.000000,Excellent,
ECG_CH2,1122,2022-12-12 20:14:43,2022-12-12 20:14:58,15,3000,200,0.732254,0.833768,0.000000,1.000000,Excellent,
ECG_CH2,1123,2022-12-12 20:14:58,2022-12-12 20:15:13,15,3000,200,0.589967,0.598841,0.000000,1.000000,Excellent,
ECG_CH2,1124,2022-12-12 20:15:13,2022-12-12 20:15:28,15,3000,200,0.660789,0.723369,0.000000,1.000000,Excellent,
ECG_CH2,1125,2022-12-12 20:15:28,2022-12-12 20:15:43,15,3000,200,0.623091,0.762222,0.000000,1.000000,Excellent,
ECG_CH2,1126,2022-12-12 20:15:43,2022-12-12 20:15:58,15,3000,200,0.751351,0.918551,0.000000,1.000000,Excellent,
ECG_CH2,1127,2022-12-12 20:15:58,2022-12-12 20:16:13,15,3000,200,0.691433,0.752842,0.000000,1.000000,Excellent,
ECG_CH2,1128,2022-12-12 20:16:13,2022-12-12 20:16:28,15,3000,200,0.617531,0.679678,0.000000,1.000000,Excellent,
ECG_CH2,1129,2022-12-12 20:16:28,2022-12-12 20:16:43,15,3000,200,0.613694,0.674439,0.000000,1.000000,Excellent,
ECG_CH2,1130,2022-12-12 20:16:43,2022-12-12 20:16:58,15,3000,200,0.645637,0.770896,0.000000,1.000000,Excellent,
ECG_CH2,1131,2022-12-12 20:16:58,2022-12-12 20:17:13,15,3000,200,0.718728,0.788294,0.000000,1.000000,Excellent,
ECG_CH2,1132,2022-12-12 20:17:13,2022-12-12 20:17:28,15,3000,200,0.619124,0.684687,0.000000,1.000000,Excellent,
ECG_CH2,1133,2022-12-12 20:17:28,2022-12-12 20:17:43,15,3000,200,0.644736,0.600361,0.000000,1.000000,Excellent,
ECG_CH2,1134,2022-12-12 20:17:43,2022-12-12 20:17:58,15,3000,200,0.577792,0.676953,0.000000,1.000000,Excellent,
ECG_CH2,1135,2022-12-12 20:17:58,2022-12-12 20:18:13,15,3000,200,0.736621,0.819155,0.000000,1.000000,Excellent,
ECG_CH2,1136,2022-12-12 20:18:13,2022-12-12 20:18:28,15,3000,200,0.770847,0.899613,0.000000,1.000000,Barely acceptable,
ECG_CH2,1137,2022-12-12 20:18:28,2022-12-12 20:18:43,15,3000,200,0.678836,0.725150,0.000000,1.000000,Excellent,
ECG_CH2,1138,2022-12-12 20:18:43,2022-12-12 20:18:58,15,3000,200,0.686232,0.737095,0.000000,1.000000,Excellent,
ECG_CH2,1139,2022-12-12 20:18:58,2022-12-12 20:19:13,15,3000,200,0.707826,0.758977,0.000000,1.000000,Excellent,
ECG_CH2,1140,2022-12-12 20:19:13,2022-12-12 20:19:28,15,3000,200,0.628914,0.718798,0.000000,1.000000,Excellent,
ECG_CH2,1141,2022-12-12 20:19:28,2022-12-12 20:19:43,15,3000,200,0.642140,0.741368,0.000000,1.000000,Excellent,
ECG_CH2,1142,2022-12-12 20:19:43,2022-12-12 20:19:58,15,3000,200,0.683675,0.790026,0.000000,1.000000,Excellent,
ECG_CH2,1143,2022-12-12 20:19:58,2022-12-12 20:20:13,15,3000,200,0.593032,0.566114,0.000000,1.000000,Excellent,
ECG_CH2,1144,2022-12-12 20:20:13,2022-12-12 20:20:28,15,3000,200,0.741318,0.851043,0.000000,1.000000,Excellent,
ECG_CH2,1145,2022-12-12 20:20:28,2022-12-12 20:20:43,15,3000,200,0.629009,0.744338,0.000000,1.000000,Excellent,
ECG_CH2,1146,2022-12-12 20:20:43,2022-12-12 20:20:58,15,3000,200,0.840843,0.949532,0.000000,1.000000,Excellent,
ECG_CH2,1147,2022-12-12 20:20:58,2022-12-12 20:21:13,15,3000,200,0.691948,0.802802,0.000000,1.000000,Excellent,
ECG_CH2,1148,2022-12-12 20:21:13,2022-12-12 20:21:28,15,3000,200,0.666808,0.690813,0.000000,1.000000,Excellent,
ECG_CH2,1149,2022-12-12 20:21:28,2022-12-12 20:21:43,15,3000,200,0.617942,0.725143,0.000000,1.000000,Excellent,
ECG_CH2,1150,2022-12-12 20:21:43,2022-12-12 20:21:58,15,3000,200,0.551736,0.546487,0.000000,1.000000,Excellent,
ECG_CH2,1151,2022-12-12 20:21:58,2022-12-12 20:22:13,15,3000,200,0.593094,0.563511,0.000000,1.000000,Excellent,
ECG_CH2,1152,2022-12-12 20:22:13,2022-12-12 20:22:28,15,3000,200,0.587110,0.600760,0.000000,1.000000,Excellent,
ECG_CH2,1153,2022-12-12 20:22:28,2022-12-12 20:22:43,15,3000,200,0.500260,0.455412,0.000000,1.000000,Excellent,
ECG_CH2,1154,2022-12-12 20:22:43,2022-12-12 20:22:58,15,3000,200,0.654778,0.731555,0.000000,1.000000,Excellent,
ECG_CH2,1155,2022-12-12 20:22:58,2022-12-12 20:23:13,15,3000,200,0.772411,0.840940,0.000000,1.000000,Excellent,
ECG_CH2,1156,2022-12-12 20:23:13,2022-12-12 20:23:28,15,3000,200,0.710364,0.799557,0.000000,1.000000,Excellent,
ECG_CH2,1157,2022-12-12 20:23:28,2022-12-12 20:23:43,15,3000,200,0.818179,0.917917,0.000000,1.000000,Excellent,
ECG_CH2,1158,2022-12-12 20:23:43,2022-12-12 20:23:58,15,3000,200,0.649448,0.813323,0.000000,1.000000,Excellent,
ECG_CH2,1159,2022-12-12 20:23:58,2022-12-12 20:24:13,15,3000,200,0.612942,0.721169,0.000000,1.000000,Excellent,
ECG_CH2,1160,2022-12-12 20:24:13,2022-12-12 20:24:28,15,3000,200,0.546285,0.557293,0.000000,1.000000,Excellent,
ECG_CH2,1161,2022-12-12 20:24:28,2022-12-12 20:24:43,15,3000,200,0.636756,0.670924,0.000000,1.000000,Excellent,
ECG_CH2,1162,2022-12-12 20:24:43,2022-12-12 20:24:58,15,3000,200,0.524127,0.503443,0.000000,1.000000,Excellent,
ECG_CH2,1163,2022-12-12 20:24:58,2022-12-12 20:25:13,15,3000,200,0.707935,0.794683,0.000000,1.000000,Excellent,
ECG_CH2,1164,2022-12-12 20:25:13,2022-12-12 20:25:28,15,3000,200,0.776111,0.869358,0.000000,1.000000,Excellent,
ECG_CH2,1165,2022-12-12 20:25:28,2022-12-12 20:25:43,15,3000,200,0.653717,0.728204,0.000000,1.000000,Excellent,
ECG_CH2,1166,2022-12-12 20:25:43,2022-12-12 20:25:58,15,3000,200,0.686087,0.765990,0.000000,1.000000,Excellent,
ECG_CH2,1167,2022-12-12 20:25:58,2022-12-12 20:26:13,15,3000,200,0.805694,0.950795,0.000000,1.000000,Excellent,
ECG_CH2,1168,2022-12-12 20:26:13,2022-12-12 20:26:28,15,3000,200,0.639710,0.729180,0.000000,1.000000,Excellent,
ECG_CH2,1169,2022-12-12 20:26:28,2022-12-12 20:26:43,15,3000,200,0.692997,0.790985,0.000000,1.000000,Barely acceptable,
ECG_CH2,1170,2022-12-12 20:26:43,2022-12-12 20:26:58,15,3000,200,0.553586,0.631087,0.000000,1.000000,Excellent,
ECG_CH2,1171,2022-12-12 20:26:58,2022-12-12 20:27:13,15,3000,200,0.633624,0.685439,0.000000,1.000000,Excellent,
ECG_CH2,1172,2022-12-12 20:27:13,2022-12-12 20:27:28,15,3000,200,0.598221,0.622435,0.000000,1.000000,Excellent,
ECG_CH2,1173,2022-12-12 20:27:28,2022-12-12 20:27:43,15,3000,200,0.608572,0.706638,0.000000,1.000000,Excellent,
ECG_CH2,1174,2022-12-12 20:27:43,2022-12-12 20:27:58,15,3000,200,0.522569,0.586674,0.000000,1.000000,Excellent,
ECG_CH2,1175,2022-12-12 20:27:58,2022-12-12 20:28:13,15,3000,200,0.811437,0.916594,0.000000,1.000000,Excellent,
ECG_CH2,1176,2022-12-12 20:28:13,2022-12-12 20:28:28,15,3000,200,0.548621,0.559140,0.000000,1.000000,Excellent,
ECG_CH2,1177,2022-12-12 20:28:28,2022-12-12 20:28:43,15,3000,200,0.614853,0.602298,0.000000,1.000000,Excellent,
ECG_CH2,1178,2022-12-12 20:28:43,2022-12-12 20:28:58,15,3000,200,0.605459,0.625146,0.000000,1.000000,Excellent,
ECG_CH2,1179,2022-12-12 20:28:58,2022-12-12 20:29:13,15,3000,200,0.538536,0.650054,0.000000,1.000000,Excellent,
ECG_CH2,1180,2022-12-12 20:29:13,2022-12-12 20:29:28,15,3000,200,0.560897,0.570246,0.000000,1.000000,Excellent,
ECG_CH2,1181,2022-12-12 20:29:28,2022-12-12 20:29:43,15,3000,200,0.716109,0.761902,0.000000,1.000000,Excellent,
ECG_CH2,1182,2022-12-12 20:29:43,2022-12-12 20:29:58,15,3000,200,0.820603,0.939123,0.000000,1.000000,Excellent,
ECG_CH2,1183,2022-12-12 20:29:58,2022-12-12 20:30:13,15,3000,200,0.752526,0.857149,0.000000,1.000000,Excellent,
ECG_CH2,1184,2022-12-12 20:30:13,2022-12-12 20:30:28,15,3000,200,0.808949,0.943526,0.000000,1.000000,Excellent,
ECG_CH2,1185,2022-12-12 20:30:28,2022-12-12 20:30:43,15,3000,200,0.610008,0.597392,0.000000,1.000000,Excellent,
ECG_CH2,1186,2022-12-12 20:30:43,2022-12-12 20:30:58,15,3000,200,0.767484,0.877551,0.000000,1.000000,Excellent,
ECG_CH2,1187,2022-12-12 20:30:58,2022-12-12 20:31:13,15,3000,200,0.681078,0.791017,0.000000,1.000000,Excellent,
ECG_CH2,1188,2022-12-12 20:31:13,2022-12-12 20:31:28,15,3000,200,0.787370,0.867704,0.000000,1.000000,Excellent,
ECG_CH2,1189,2022-12-12 20:31:28,2022-12-12 20:31:43,15,3000,200,0.689974,0.780782,0.000000,1.000000,Excellent,
ECG_CH2,1190,2022-12-12 20:31:43,2022-12-12 20:31:58,15,3000,200,0.772947,0.939435,0.000000,1.000000,Excellent,
ECG_CH2,1191,2022-12-12 20:31:58,2022-12-12 20:32:13,15,3000,200,0.804326,0.891244,0.000000,1.000000,Excellent,
ECG_CH2,1192,2022-12-12 20:32:13,2022-12-12 20:32:28,15,3000,200,0.761374,0.814415,0.000000,1.000000,Excellent,
ECG_CH2,1193,2022-12-12 20:32:28,2022-12-12 20:32:43,15,3000,200,0.720818,0.859004,0.000000,1.000000,Excellent,
ECG_CH2,1194,2022-12-12 20:32:43,2022-12-12 20:32:58,15,3000,200,0.602885,0.613619,0.000000,1.000000,Excellent,
ECG_CH2,1195,2022-12-12 20:32:58,2022-12-12 20:33:13,15,3000,200,0.687191,0.777189,0.000000,1.000000,Excellent,
ECG_CH2,1196,2022-12-12 20:33:13,2022-12-12 20:33:28,15,3000,200,0.765535,0.855524,0.000000,1.000000,Excellent,
ECG_CH2,1197,2022-12-12 20:33:28,2022-12-12 20:33:43,15,3000,200,0.812762,0.927599,0.000000,1.000000,Excellent,
ECG_CH2,1198,2022-12-12 20:33:43,2022-12-12 20:33:58,15,3000,200,0.530687,0.619791,0.000000,1.000000,Excellent,
ECG_CH2,1199,2022-12-12 20:33:58,2022-12-12 20:34:13,15,3000,200,0.784218,0.867945,0.000000,1.000000,Excellent,
ECG_CH2,1200,2022-12-12 20:34:13,2022-12-12 20:34:28,15,3000,200,0.802690,0.841735,0.000000,1.000000,Excellent,
ECG_CH2,1201,2022-12-12 20:34:28,2022-12-12 20:34:43,15,3000,200,0.730629,0.878781,0.000000,1.000000,Excellent,
ECG_CH2,1202,2022-12-12 20:34:43,2022-12-12 20:34:58,15,3000,200,0.749024,0.811500,0.000000,1.000000,Excellent,
ECG_CH2,1203,2022-12-12 20:34:58,2022-12-12 20:35:13,15,3000,200,0.635126,0.691468,0.000000,1.000000,Excellent,
ECG_CH2,1204,2022-12-12 20:35:13,2022-12-12 20:35:28,15,3000,200,0.584160,0.620407,0.000000,1.000000,Excellent,
ECG_CH2,1205,2022-12-12 20:35:28,2022-12-12 20:35:43,15,3000,200,0.645734,0.764169,0.000000,1.000000,Excellent,
ECG_CH2,1206,2022-12-12 20:35:43,2022-12-12 20:35:58,15,3000,200,0.721644,0.769396,0.000000,1.000000,Excellent,
ECG_CH2,1207,2022-12-12 20:35:58,2022-12-12 20:36:13,15,3000,200,0.802321,0.923430,0.000000,1.000000,Excellent,
ECG_CH2,1208,2022-12-12 20:36:13,2022-12-12 20:36:28,15,3000,200,0.621862,0.727078,0.000000,1.000000,Excellent,
ECG_CH2,1209,2022-12-12 20:36:28,2022-12-12 20:36:43,15,3000,200,0.705963,0.758914,0.000000,1.000000,Excellent,
ECG_CH2,1210,2022-12-12 20:36:43,2022-12-12 20:36:58,15,3000,200,0.677921,0.724952,0.000000,1.000000,Excellent,
ECG_CH2,1211,2022-12-12 20:36:58,2022-12-12 20:37:13,15,3000,200,0.643537,0.731236,0.000000,1.000000,Excellent,
ECG_CH2,1212,2022-12-12 20:37:13,2022-12-12 20:37:28,15,3000,200,0.700900,0.811634,0.000000,1.000000,Excellent,
ECG_CH2,1213,2022-12-12 20:37:28,2022-12-12 20:37:43,15,3000,200,0.767233,0.880233,0.000000,1.000000,Excellent,
ECG_CH2,1214,2022-12-12 20:37:43,2022-12-12 20:37:58,15,3000,200,0.581862,0.714999,0.000000,1.000000,Excellent,
ECG_CH2,1215,2022-12-12 20:37:58,2022-12-12 20:38:13,15,3000,200,0.750945,0.825526,0.000000,1.000000,Excellent,
ECG_CH2,1216,2022-12-12 20:38:13,2022-12-12 20:38:28,15,3000,200,0.565509,0.682771,0.000000,1.000000,Excellent,
ECG_CH2,1217,2022-12-12 20:38:28,2022-12-12 20:38:43,15,3000,200,0.595308,0.747805,0.000000,1.000000,Excellent,
ECG_CH2,1218,2022-12-12 20:38:43,2022-12-12 20:38:58,15,3000,200,0.716383,0.722038,0.000000,1.000000,Excellent,
ECG_CH2,1219,2022-12-12 20:38:58,2022-12-12 20:39:13,15,3000,200,0.659490,0.806183,0.000000,1.000000,Excellent,
ECG_CH2,1220,2022-12-12 20:39:13,2022-12-12 20:39:28,15,3000,200,0.599338,0.717869,0.000000,1.000000,Excellent,
ECG_CH2,1221,2022-12-12 20:39:28,2022-12-12 20:39:43,15,3000,200,0.661090,0.796823,0.000000,1.000000,Excellent,
ECG_CH2,1222,2022-12-12 20:39:43,2022-12-12 20:39:58,15,3000,200,0.607382,0.629928,0.000000,1.000000,Excellent,
ECG_CH2,1223,2022-12-12 20:39:58,2022-12-12 20:40:13,15,3000,200,0.581770,0.620204,0.000000,1.000000,Excellent,
ECG_CH2,1224,2022-12-12 20:40:13,2022-12-12 20:40:28,15,3000,200,0.680615,0.809133,0.000000,1.000000,Excellent,
ECG_CH2,1225,2022-12-12 20:40:28,2022-12-12 20:40:43,15,3000,200,0.564912,0.543415,0.000000,1.000000,Excellent,
ECG_CH2,1226,2022-12-12 20:40:43,2022-12-12 20:40:58,15,3000,200,0.818987,0.864210,0.000000,1.000000,Excellent,
ECG_CH2,1227,2022-12-12 20:40:58,2022-12-12 20:41:13,15,3000,200,0.716563,0.748358,0.000000,1.000000,Excellent,
ECG_CH2,1228,2022-12-12 20:41:13,2022-12-12 20:41:28,15,3000,200,0.645155,0.681331,0.000000,1.000000,Excellent,
ECG_CH2,1229,2022-12-12 20:41:28,2022-12-12 20:41:43,15,3000,200,0.732407,0.825994,0.000000,1.000000,Excellent,
ECG_CH2,1230,2022-12-12 20:41:43,2022-12-12 20:41:58,15,3000,200,0.561085,0.641554,0.000000,1.000000,Excellent,
ECG_CH2,1231,2022-12-12 20:41:58,2022-12-12 20:42:13,15,3000,200,0.682676,0.731815,0.000000,1.000000,Excellent,
ECG_CH2,1232,2022-12-12 20:42:13,2022-12-12 20:42:28,15,3000,200,0.672096,0.725967,0.000000,1.000000,Excellent,
ECG_CH2,1233,2022-12-12 20:42:28,2022-12-12 20:42:43,15,3000,200,0.788683,0.848463,0.000000,1.000000,Excellent,
ECG_CH2,1234,2022-12-12 20:42:43,2022-12-12 20:42:58,15,3000,200,0.664073,0.798472,0.000000,1.000000,Excellent,
ECG_CH2,1235,2022-12-12 20:42:58,2022-12-12 20:43:13,15,3000,200,0.678473,0.760457,0.000000,1.000000,Excellent,
ECG_CH2,1236,2022-12-12 20:43:13,2022-12-12 20:43:28,15,3000,200,0.661312,0.693522,0.000000,1.000000,Excellent,
ECG_CH2,1237,2022-12-12 20:43:28,2022-12-12 20:43:43,15,3000,200,0.735666,0.849841,0.000000,1.000000,Excellent,
ECG_CH2,1238,2022-12-12 20:43:43,2022-12-12 20:43:58,15,3000,200,0.804106,0.949166,0.000000,1.000000,Excellent,
ECG_CH2,1239,2022-12-12 20:43:58,2022-12-12 20:44:13,15,3000,200,0.793813,0.859704,0.000000,1.000000,Barely acceptable,
ECG_CH2,1240,2022-12-12 20:44:13,2022-12-12 20:44:28,15,3000,200,0.612740,0.744295,0.000000,1.000000,Excellent,
ECG_CH2,1241,2022-12-12 20:44:28,2022-12-12 20:44:43,15,3000,200,0.749319,0.832068,0.000000,1.000000,Excellent,
ECG_CH2,1242,2022-12-12 20:44:43,2022-12-12 20:44:58,15,3000,200,0.535923,0.464789,0.000000,1.000000,Excellent,
ECG_CH2,1243,2022-12-12 20:44:58,2022-12-12 20:45:13,15,3000,200,0.644294,0.764337,0.000000,1.000000,Excellent,
ECG_CH2,1244,2022-12-12 20:45:13,2022-12-12 20:45:28,15,3000,200,0.628621,0.674789,0.000000,1.000000,Excellent,
ECG_CH2,1245,2022-12-12 20:45:28,2022-12-12 20:45:43,15,3000,200,0.597667,0.613169,0.000000,1.000000,Excellent,
ECG_CH2,1246,2022-12-12 20:45:43,2022-12-12 20:45:58,15,3000,200,0.587997,0.545842,0.000000,1.000000,Excellent,
ECG_CH2,1247,2022-12-12 20:45:58,2022-12-12 20:46:13,15,3000,200,0.519275,0.510401,0.000000,1.000000,Excellent,
ECG_CH2,1248,2022-12-12 20:46:13,2022-12-12 20:46:28,15,3000,200,0.516324,0.478338,0.000000,1.000000,Excellent,
ECG_CH2,1249,2022-12-12 20:46:28,2022-12-12 20:46:43,15,3000,200,0.680303,0.800605,0.000000,1.000000,Excellent,
ECG_CH2,1250,2022-12-12 20:46:43,2022-12-12 20:46:58,15,3000,200,0.553887,0.545390,0.000000,1.000000,Excellent,
ECG_CH2,1251,2022-12-12 20:46:58,2022-12-12 20:47:13,15,3000,200,0.811890,0.939714,0.000000,1.000000,Excellent,
ECG_CH2,1252,2022-12-12 20:47:13,2022-12-12 20:47:28,15,3000,200,0.697999,0.837302,0.000000,1.000000,Excellent,
ECG_CH2,1253,2022-12-12 20:47:28,2022-12-12 20:47:43,15,3000,200,0.575049,0.607232,0.000000,1.000000,Excellent,
ECG_CH2,1254,2022-12-12 20:47:43,2022-12-12 20:47:58,15,3000,200,0.716176,0.873480,0.000000,1.000000,Excellent,
ECG_CH2,1255,2022-12-12 20:47:58,2022-12-12 20:48:13,15,3000,200,0.609858,0.647209,0.000000,1.000000,Excellent,
ECG_CH2,1256,2022-12-12 20:48:13,2022-12-12 20:48:28,15,3000,200,0.798953,0.895833,0.000000,1.000000,Barely acceptable,
ECG_CH2,1257,2022-12-12 20:48:28,2022-12-12 20:48:43,15,3000,200,0.592967,0.665645,0.000000,1.000000,Barely acceptable,
ECG_CH2,1258,2022-12-12 20:48:43,2022-12-12 20:48:58,15,3000,200,0.582188,0.670974,0.000000,1.000000,Barely acceptable,
ECG_CH2,1259,2022-12-12 20:48:58,2022-12-12 20:49:13,15,3000,200,0.711346,0.763897,0.000000,1.000000,Barely acceptable,
ECG_CH2,1260,2022-12-12 20:49:13,2022-12-12 20:49:28,15,3000,200,0.659857,0.712838,0.000000,1.000000,Excellent,
ECG_CH2,1261,2022-12-12 20:49:28,2022-12-12 20:49:43,15,3000,200,0.711658,0.839408,0.000000,1.000000,Barely acceptable,
ECG_CH2,1262,2022-12-12 20:49:43,2022-12-12 20:49:58,15,3000,200,0.586707,0.564320,0.000000,1.000000,Barely acceptable,
ECG_CH2,1263,2022-12-12 20:49:58,2022-12-12 20:50:13,15,3000,200,0.731471,0.706718,0.000000,1.000000,Barely acceptable,
ECG_CH2,1264,2022-12-12 20:50:13,2022-12-12 20:50:28,15,3000,200,0.554527,0.515106,0.000000,1.000000,Excellent,
ECG_CH2,1265,2022-12-12 20:50:28,2022-12-12 20:50:43,15,3000,200,0.627830,0.660420,0.000000,1.000000,Excellent,
ECG_CH2,1266,2022-12-12 20:50:43,2022-12-12 20:50:58,15,3000,200,0.684907,0.725619,0.000000,1.000000,Barely acceptable,
ECG_CH2,1267,2022-12-12 20:50:58,2022-12-12 20:51:13,15,3000,200,0.812489,0.903551,0.000000,1.000000,Excellent,
ECG_CH2,1268,2022-12-12 20:51:13,2022-12-12 20:51:28,15,3000,200,0.789146,0.860132,0.000000,1.000000,Barely acceptable,
ECG_CH2,1269,2022-12-12 20:51:28,2022-12-12 20:51:43,15,3000,200,0.757055,0.859066,0.000000,1.000000,Barely acceptable,
ECG_CH2,1270,2022-12-12 20:51:43,2022-12-12 20:51:58,15,3000,200,0.614224,0.647330,0.000000,1.000000,Excellent,
ECG_CH2,1271,2022-12-12 20:51:58,2022-12-12 20:52:13,15,3000,200,0.789376,0.923662,0.000000,1.000000,Excellent,
ECG_CH2,1272,2022-12-12 20:52:13,2022-12-12 20:52:28,15,3000,200,0.717847,0.741907,0.000000,1.000000,Barely acceptable,
ECG_CH2,1273,2022-12-12 20:52:28,2022-12-12 20:52:43,15,3000,200,0.646527,0.716905,0.000000,1.000000,Excellent,
ECG_CH2,1274,2022-12-12 20:52:43,2022-12-12 20:52:58,15,3000,200,0.679577,0.721763,0.000000,1.000000,Excellent,
ECG_CH2,1275,2022-12-12 20:52:58,2022-12-12 20:53:13,15,3000,200,0.827379,0.936244,0.000000,1.000000,Excellent,
ECG_CH2,1276,2022-12-12 20:53:13,2022-12-12 20:53:28,15,3000,200,0.740548,0.860595,0.000000,1.000000,Barely acceptable,
ECG_CH2,1277,2022-12-12 20:53:28,2022-12-12 20:53:43,15,3000,200,0.788500,0.896771,0.000000,1.000000,Excellent,
ECG_CH2,1278,2022-12-12 20:53:43,2022-12-12 20:53:58,15,3000,200,0.714459,0.865220,0.000000,1.000000,Barely acceptable,
ECG_CH2,1279,2022-12-12 20:53:58,2022-12-12 20:54:13,15,3000,200,0.493577,0.411245,0.000000,1.000000,Barely acceptable,
ECG_CH2,1280,2022-12-12 20:54:13,2022-12-12 20:54:28,15,3000,200,0.619132,0.673471,0.000000,1.000000,Excellent,
ECG_CH2,1281,2022-12-12 20:54:28,2022-12-12 20:54:43,15,3000,200,0.768459,0.796831,0.000000,1.000000,Excellent,
ECG_CH2,1282,2022-12-12 20:54:43,2022-12-12 20:54:58,15,3000,200,0.735792,0.892759,0.000000,1.000000,Barely acceptable,
ECG_CH2,1283,2022-12-12 20:54:58,2022-12-12 20:55:13,15,3000,200,0.770762,0.903328,0.000000,1.000000,Excellent,
ECG_CH2,1284,2022-12-12 20:55:13,2022-12-12 20:55:28,15,3000,200,0.607432,0.742999,0.000000,1.000000,Excellent,
ECG_CH2,1285,2022-12-12 20:55:28,2022-12-12 20:55:43,15,3000,200,0.545980,0.645192,0.000000,1.000000,Excellent,
ECG_CH2,1286,2022-12-12 20:55:43,2022-12-12 20:55:58,15,3000,200,0.806743,0.928397,0.000000,1.000000,Excellent,
ECG_CH2,1287,2022-12-12 20:55:58,2022-12-12 20:56:13,15,3000,200,0.729009,0.756076,0.000000,1.000000,Excellent,
ECG_CH2,1288,2022-12-12 20:56:13,2022-12-12 20:56:28,15,3000,200,0.642310,0.686710,0.000000,1.000000,Excellent,
ECG_CH2,1289,2022-12-12 20:56:28,2022-12-12 20:56:43,15,3000,200,0.570520,0.560639,0.000000,1.000000,Excellent,
ECG_CH2,1290,2022-12-12 20:56:43,2022-12-12 20:56:58,15,3000,200,0.719680,0.798224,0.000000,1.000000,Barely acceptable,
ECG_CH2,1291,2022-12-12 20:56:58,2022-12-12 20:57:13,15,3000,200,0.819152,0.888711,0.000000,1.000000,Barely acceptable,
ECG_CH2,1292,2022-12-12 20:57:13,2022-12-12 20:57:28,15,3000,200,0.728212,0.820185,0.000000,1.000000,Barely acceptable,
ECG_CH2,1293,2022-12-12 20:57:28,2022-12-12 20:57:43,15,3000,200,0.535201,0.544178,0.000000,1.000000,Barely acceptable,
ECG_CH2,1294,2022-12-12 20:57:43,2022-12-12 20:57:58,15,3000,200,0.673311,0.816135,0.000000,1.000000,Barely acceptable,
ECG_CH2,1295,2022-12-12 20:57:58,2022-12-12 20:58:13,15,3000,200,0.634690,0.730750,0.000000,1.000000,Barely acceptable,
ECG_CH2,1296,2022-12-12 20:58:13,2022-12-12 20:58:28,15,3000,200,0.667205,0.703988,0.000000,1.000000,Barely acceptable,
ECG_CH2,1297,2022-12-12 20:58:28,2022-12-12 20:58:43,15,3000,200,0.730674,0.870049,0.000000,1.000000,Excellent,
ECG_CH2,1298,2022-12-12 20:58:43,2022-12-12 20:58:58,15,3000,200,0.716563,0.806838,0.000000,1.000000,Excellent,
ECG_CH2,1299,2022-12-12 20:58:58,2022-12-12 20:59:13,15,3000,200,0.775839,0.844834,0.000000,1.000000,Barely acceptable,
ECG_CH2,1300,2022-12-12 20:59:13,2022-12-12 20:59:28,15,3000,200,0.703051,0.764193,0.000000,1.000000,Barely acceptable,
ECG_CH2,1301,2022-12-12 20:59:28,2022-12-12 20:59:43,15,3000,200,0.608905,0.653175,0.000000,1.000000,Barely acceptable,
ECG_CH2,1302,2022-12-12 20:59:43,2022-12-12 20:59:58,15,3000,200,0.743898,0.822715,0.000000,1.000000,Barely acceptable,
ECG_CH2,1303,2022-12-12 20:59:58,2022-12-12 21:00:13,15,3000,200,0.752978,0.923976,0.000000,1.000000,Barely acceptable,
ECG_CH2,1304,2022-12-12 21:00:13,2022-12-12 21:00:28,15,3000,200,0.647390,0.686920,0.000000,1.000000,Barely acceptable,
ECG_CH2,1305,2022-12-12 21:00:28,2022-12-12 21:00:43,15,3000,200,0.558942,0.615941,0.000000,1.000000,Excellent,
ECG_CH2,1306,2022-12-12 21:00:43,2022-12-12 21:00:58,15,3000,200,0.716257,0.809185,0.000000,1.000000,Barely acceptable,
ECG_CH2,1307,2022-12-12 21:00:58,2022-12-12 21:01:13,15,3000,200,0.629760,0.754138,0.000000,1.000000,Barely acceptable,
ECG_CH2,1308,2022-12-12 21:01:13,2022-12-12 21:01:28,15,3000,200,0.780270,0.887067,0.000000,1.000000,Excellent,
ECG_CH2,1309,2022-12-12 21:01:28,2022-12-12 21:01:43,15,3000,200,0.707551,0.841876,0.000000,1.000000,Excellent,
ECG_CH2,1310,2022-12-12 21:01:43,2022-12-12 21:01:58,15,3000,200,0.808200,0.890090,0.000000,1.000000,Excellent,
ECG_CH2,1311,2022-12-12 21:01:58,2022-12-12 21:02:13,15,3000,200,0.599304,0.772530,0.000000,1.000000,Excellent,
ECG_CH2,1312,2022-12-12 21:02:13,2022-12-12 21:02:28,15,3000,200,0.704205,0.783041,0.000000,1.000000,Barely acceptable,
ECG_CH2,1313,2022-12-12 21:02:28,2022-12-12 21:02:43,15,3000,200,0.702587,0.823232,0.000000,1.000000,Barely acceptable,
ECG_CH2,1314,2022-12-12 21:02:43,2022-12-12 21:02:58,15,3000,200,0.792052,0.893558,0.000000,1.000000,Excellent,
ECG_CH2,1315,2022-12-12 21:02:58,2022-12-12 21:03:13,15,3000,200,0.698933,0.730951,0.000000,1.000000,Excellent,
ECG_CH2,1316,2022-12-12 21:03:13,2022-12-12 21:03:28,15,3000,200,0.768716,0.871129,0.000000,1.000000,Excellent,
ECG_CH2,1317,2022-12-12 21:03:28,2022-12-12 21:03:43,15,3000,200,0.667673,0.750753,0.000000,1.000000,Barely acceptable,
ECG_CH2,1318,2022-12-12 21:03:43,2022-12-12 21:03:58,15,3000,200,0.673795,0.837844,0.000000,1.000000,Barely acceptable,
ECG_CH2,1319,2022-12-12 21:03:58,2022-12-12 21:04:13,15,3000,200,0.606686,0.710052,0.000000,1.000000,Barely acceptable,
ECG_CH2,1320,2022-12-12 21:04:13,2022-12-12 21:04:28,15,3000,200,0.705398,0.750278,0.000000,1.000000,Barely acceptable,
ECG_CH2,1321,2022-12-12 21:04:28,2022-12-12 21:04:43,15,3000,200,0.660514,0.730387,0.000000,1.000000,Barely acceptable,
ECG_CH2,1322,2022-12-12 21:04:43,2022-12-12 21:04:58,15,3000,200,0.753631,0.897749,0.000000,1.000000,Barely acceptable,
ECG_CH2,1323,2022-12-12 21:04:58,2022-12-12 21:05:13,15,3000,200,0.857013,0.973523,0.000000,1.000000,Excellent,
ECG_CH2,1324,2022-12-12 21:05:13,2022-12-12 21:05:28,15,3000,200,0.774285,0.888641,0.000000,1.000000,Barely acceptable,
ECG_CH2,1325,2022-12-12 21:05:28,2022-12-12 21:05:43,15,3000,200,0.803789,0.924142,0.000000,1.000000,Barely acceptable,
ECG_CH2,1326,2022-12-12 21:05:43,2022-12-12 21:05:58,15,3000,200,0.697556,0.713174,0.000000,1.000000,Excellent,
ECG_CH2,1327,2022-12-12 21:05:58,2022-12-12 21:06:13,15,3000,200,0.713332,0.783058,0.000000,1.000000,Excellent,
ECG_CH2,1328,2022-12-12 21:06:13,2022-12-12 21:06:28,15,3000,200,0.708926,0.792482,0.000000,1.000000,Barely acceptable,
ECG_CH2,1329,2022-12-12 21:06:28,2022-12-12 21:06:43,15,3000,200,0.618114,0.723148,0.000000,1.000000,Excellent,
ECG_CH2,1330,2022-12-12 21:06:43,2022-12-12 21:06:58,15,3000,200,0.645094,0.736371,0.000000,1.000000,Excellent,
ECG_CH2,1331,2022-12-12 21:06:58,2022-12-12 21:07:13,15,3000,200,0.814673,0.889535,0.000000,1.000000,Barely acceptable,
ECG_CH2,1332,2022-12-12 21:07:13,2022-12-12 21:07:28,15,3000,200,0.829716,0.941119,0.000000,1.000000,Excellent,
ECG_CH2,1333,2022-12-12 21:07:28,2022-12-12 21:07:43,15,3000,200,0.794729,0.930498,0.000000,1.000000,Excellent,
ECG_CH2,1334,2022-12-12 21:07:43,2022-12-12 21:07:58,15,3000,200,0.550770,0.685518,0.000000,1.000000,Barely acceptable,
ECG_CH2,1335,2022-12-12 21:07:58,2022-12-12 21:08:13,15,3000,200,0.547811,0.514019,0.000000,1.000000,Excellent,
ECG_CH2,1336,2022-12-12 21:08:13,2022-12-12 21:08:28,15,3000,200,0.661414,0.719378,0.000000,1.000000,Excellent,
ECG_CH2,1337,2022-12-12 21:08:28,2022-12-12 21:08:43,15,3000,200,0.741835,0.782442,0.000000,1.000000,Excellent,
ECG_CH2,1338,2022-12-12 21:08:43,2022-12-12 21:08:58,15,3000,200,0.606521,0.555308,0.000000,1.000000,Barely acceptable,
ECG_CH2,1339,2022-12-12 21:08:58,2022-12-12 21:09:13,15,3000,200,0.635712,0.700009,0.000000,1.000000,Excellent,
ECG_CH2,1340,2022-12-12 21:09:13,2022-12-12 21:09:28,15,3000,200,0.663039,0.726661,0.000000,1.000000,Excellent,
ECG_CH2,1341,2022-12-12 21:09:28,2022-12-12 21:09:43,15,3000,200,0.676797,0.745983,0.000000,1.000000,Barely acceptable,
ECG_CH2,1342,2022-12-12 21:09:43,2022-12-12 21:09:58,15,3000,200,0.648990,0.715058,0.000000,1.000000,Excellent,
ECG_CH2,1343,2022-12-12 21:09:58,2022-12-12 21:10:13,15,3000,200,0.677407,0.788013,0.000000,1.000000,Excellent,
ECG_CH2,1344,2022-12-12 21:10:13,2022-12-12 21:10:28,15,3000,200,0.734183,0.873884,0.000000,1.000000,Barely acceptable,
ECG_CH2,1345,2022-12-12 21:10:28,2022-12-12 21:10:43,15,3000,200,0.795766,0.859411,0.000000,1.000000,Barely acceptable,
ECG_CH2,1346,2022-12-12 21:10:43,2022-12-12 21:10:58,15,3000,200,0.705717,0.881666,0.000000,1.000000,Barely acceptable,
ECG_CH2,1347,2022-12-12 21:10:58,2022-12-12 21:11:13,15,3000,200,0.558162,0.602299,0.000000,1.000000,Excellent,
ECG_CH2,1348,2022-12-12 21:11:13,2022-12-12 21:11:28,15,3000,200,0.662291,0.725775,0.000000,1.000000,Excellent,
ECG_CH2,1349,2022-12-12 21:11:28,2022-12-12 21:11:43,15,3000,200,0.705110,0.754401,0.000000,1.000000,Excellent,
ECG_CH2,1350,2022-12-12 21:11:43,2022-12-12 21:11:58,15,3000,200,0.617325,0.629342,0.000000,1.000000,Excellent,
ECG_CH2,1351,2022-12-12 21:11:58,2022-12-12 21:12:13,15,3000,200,0.735307,0.823084,0.000000,1.000000,Excellent,
ECG_CH2,1352,2022-12-12 21:12:13,2022-12-12 21:12:28,15,3000,200,0.723770,0.825037,0.000000,1.000000,Excellent,
ECG_CH2,1353,2022-12-12 21:12:28,2022-12-12 21:12:43,15,3000,200,0.618278,0.799658,0.000000,1.000000,Excellent,
ECG_CH2,1354,2022-12-12 21:12:43,2022-12-12 21:12:58,15,3000,200,0.571552,0.713017,0.000000,1.000000,Excellent,
ECG_CH2,1355,2022-12-12 21:12:58,2022-12-12 21:13:13,15,3000,200,0.688186,0.724373,0.000000,1.000000,Excellent,
ECG_CH2,1356,2022-12-12 21:13:13,2022-12-12 21:13:28,15,3000,200,0.743781,0.826761,0.000000,1.000000,Excellent,
ECG_CH2,1357,2022-12-12 21:13:28,2022-12-12 21:13:43,15,3000,200,0.703229,0.805825,0.000000,1.000000,Barely acceptable,
ECG_CH2,1358,2022-12-12 21:13:43,2022-12-12 21:13:58,15,3000,200,0.708965,0.731869,0.000000,1.000000,Barely acceptable,
ECG_CH2,1359,2022-12-12 21:13:58,2022-12-12 21:14:13,15,3000,200,0.666475,0.734336,0.000000,1.000000,Barely acceptable,
ECG_CH2,1360,2022-12-12 21:14:13,2022-12-12 21:14:28,15,3000,200,0.722515,0.787369,0.000000,1.000000,Barely acceptable,
ECG_CH2,1361,2022-12-12 21:14:28,2022-12-12 21:14:43,15,3000,200,0.729950,0.818396,0.000000,1.000000,Excellent,
ECG_CH2,1362,2022-12-12 21:14:43,2022-12-12 21:14:58,15,3000,200,0.755288,0.777913,0.000000,1.000000,Excellent,
ECG_CH2,1363,2022-12-12 21:14:58,2022-12-12 21:15:13,15,3000,200,0.602280,0.521492,0.000000,1.000000,Excellent,
ECG_CH2,1364,2022-12-12 21:15:13,2022-12-12 21:15:28,15,3000,200,0.711209,0.792999,0.000000,1.000000,Excellent,
ECG_CH2,1365,2022-12-12 21:15:28,2022-12-12 21:15:43,15,3000,200,0.611267,0.587303,0.000000,1.000000,Barely acceptable,
ECG_CH2,1366,2022-12-12 21:15:43,2022-12-12 21:15:58,15,3000,200,0.770904,0.875598,0.000000,1.000000,Barely acceptable,
ECG_CH2,1367,2022-12-12 21:15:58,2022-12-12 21:16:13,15,3000,200,0.677699,0.707977,0.000000,1.000000,Excellent,
ECG_CH2,1368,2022-12-12 21:16:13,2022-12-12 21:16:28,15,3000,200,0.648093,0.705836,0.000000,1.000000,Barely acceptable,
ECG_CH2,1369,2022-12-12 21:16:28,2022-12-12 21:16:43,15,3000,200,0.494219,0.532212,0.000000,1.000000,Excellent,
ECG_CH2,1370,2022-12-12 21:16:43,2022-12-12 21:16:58,15,3000,200,0.649396,0.833644,0.000000,1.000000,Excellent,
ECG_CH2,1371,2022-12-12 21:16:58,2022-12-12 21:17:13,15,3000,200,0.661773,0.683225,0.000000,1.000000,Excellent,
ECG_CH2,1372,2022-12-12 21:17:13,2022-12-12 21:17:28,15,3000,200,0.709504,0.752960,0.000000,1.000000,Excellent,
ECG_CH2,1373,2022-12-12 21:17:28,2022-12-12 21:17:43,15,3000,200,0.691877,0.770106,0.000000,1.000000,Excellent,
ECG_CH2,1374,2022-12-12 21:17:43,2022-12-12 21:17:58,15,3000,200,0.710669,0.773573,0.000000,1.000000,Barely acceptable,
ECG_CH2,1375,2022-12-12 21:17:58,2022-12-12 21:18:13,15,3000,200,0.739339,0.875021,0.000000,1.000000,Barely acceptable,
ECG_CH2,1376,2022-12-12 21:18:13,2022-12-12 21:18:28,15,3000,200,0.631787,0.705380,0.000000,1.000000,Barely acceptable,
ECG_CH2,1377,2022-12-12 21:18:28,2022-12-12 21:18:43,15,3000,200,0.724375,0.809468,0.000000,1.000000,Excellent,
ECG_CH2,1378,2022-12-12 21:18:43,2022-12-12 21:18:58,15,3000,200,0.580124,0.705294,0.000000,1.000000,Excellent,
ECG_CH2,1379,2022-12-12 21:18:58,2022-12-12 21:19:13,15,3000,200,0.550237,0.580149,0.000000,1.000000,Excellent,
ECG_CH2,1380,2022-12-12 21:19:13,2022-12-12 21:19:28,15,3000,200,0.686157,0.796495,0.000000,1.000000,Excellent,
ECG_CH2,1381,2022-12-12 21:19:28,2022-12-12 21:19:43,15,3000,200,0.733089,0.788574,0.000000,1.000000,Excellent,
ECG_CH2,1382,2022-12-12 21:19:43,2022-12-12 21:19:58,15,3000,200,0.590424,0.552014,0.000000,1.000000,Excellent,
ECG_CH2,1383,2022-12-12 21:19:58,2022-12-12 21:20:13,15,3000,200,0.604418,0.657262,0.000000,1.000000,Excellent,
ECG_CH2,1384,2022-12-12 21:20:13,2022-12-12 21:20:28,15,3000,200,0.657985,0.793066,0.000000,1.000000,Excellent,
ECG_CH2,1385,2022-12-12 21:20:28,2022-12-12 21:20:43,15,3000,200,0.675081,0.699494,0.000000,1.000000,Excellent,
ECG_CH2,1386,2022-12-12 21:20:43,2022-12-12 21:20:58,15,3000,200,0.697685,0.719914,0.000000,1.000000,Excellent,
ECG_CH2,1387,2022-12-12 21:20:58,2022-12-12 21:21:13,15,3000,200,0.685890,0.753927,0.000000,1.000000,Excellent,
ECG_CH2,1388,2022-12-12 21:21:13,2022-12-12 21:21:28,15,3000,200,0.701404,0.735401,0.000000,1.000000,Excellent,
ECG_CH2,1389,2022-12-12 21:21:28,2022-12-12 21:21:43,15,3000,200,0.743469,0.879103,0.000000,1.000000,Excellent,
ECG_CH2,1390,2022-12-12 21:21:43,2022-12-12 21:21:58,15,3000,200,0.714911,0.837237,0.000000,1.000000,Excellent,
ECG_CH2,1391,2022-12-12 21:21:58,2022-12-12 21:22:13,15,3000,200,0.719338,0.749311,0.000000,1.000000,Excellent,
ECG_CH2,1392,2022-12-12 21:22:13,2022-12-12 21:22:28,15,3000,200,0.709322,0.822022,0.000000,1.000000,Excellent,
ECG_CH2,1393,2022-12-12 21:22:28,2022-12-12 21:22:43,15,3000,200,0.620740,0.696376,0.000000,1.000000,Excellent,
ECG_CH2,1394,2022-12-12 21:22:43,2022-12-12 21:22:58,15,3000,200,0.592825,0.613022,0.000000,1.000000,Excellent,
ECG_CH2,1395,2022-12-12 21:22:58,2022-12-12 21:23:13,15,3000,200,0.808862,0.861940,0.000000,1.000000,Barely acceptable,
ECG_CH2,1396,2022-12-12 21:23:13,2022-12-12 21:23:28,15,3000,200,0.625721,0.701109,0.000000,1.000000,Barely acceptable,
ECG_CH2,1397,2022-12-12 21:23:28,2022-12-12 21:23:43,15,3000,200,0.826879,0.909307,0.000000,1.000000,Barely acceptable,
ECG_CH2,1398,2022-12-12 21:23:43,2022-12-12 21:23:58,15,3000,200,0.598565,0.718743,0.000000,1.000000,Barely acceptable,
ECG_CH2,1399,2022-12-12 21:23:58,2022-12-12 21:24:13,15,3000,200,0.561527,0.683506,0.000000,1.000000,Barely acceptable,
ECG_CH2,1400,2022-12-12 21:24:13,2022-12-12 21:24:28,15,3000,200,0.570198,0.541031,0.000000,1.000000,Excellent,
ECG_CH2,1401,2022-12-12 21:24:28,2022-12-12 21:24:43,15,3000,200,0.751606,0.836482,0.000000,1.000000,Excellent,
ECG_CH2,1402,2022-12-12 21:24:43,2022-12-12 21:24:58,15,3000,200,0.782650,0.836783,0.000000,1.000000,Barely acceptable,
ECG_CH2,1403,2022-12-12 21:24:58,2022-12-12 21:25:13,15,3000,200,0.633797,0.755220,0.000000,1.000000,Excellent,
ECG_CH2,1404,2022-12-12 21:25:13,2022-12-12 21:25:28,15,3000,200,0.787058,0.842833,0.000000,1.000000,Excellent,
ECG_CH2,1405,2022-12-12 21:25:28,2022-12-12 21:25:43,15,3000,200,0.688865,0.775164,0.000000,1.000000,Barely acceptable,
ECG_CH2,1406,2022-12-12 21:25:43,2022-12-12 21:25:58,15,3000,200,0.764484,0.856731,0.000000,1.000000,Barely acceptable,
ECG_CH2,1407,2022-12-12 21:25:58,2022-12-12 21:26:13,15,3000,200,0.680673,0.747019,0.000000,1.000000,Excellent,
ECG_CH2,1408,2022-12-12 21:26:13,2022-12-12 21:26:28,15,3000,200,0.901580,0.934086,0.000000,1.000000,Excellent,
ECG_CH2,1409,2022-12-12 21:26:28,2022-12-12 21:26:43,15,3000,200,0.820353,0.852347,0.000000,1.000000,Excellent,
ECG_CH2,1410,2022-12-12 21:26:43,2022-12-12 21:26:58,15,3000,200,0.815032,0.915543,0.000000,1.000000,Barely acceptable,
ECG_CH2,1411,2022-12-12 21:26:58,2022-12-12 21:27:13,15,3000,200,0.685434,0.766261,0.000000,1.000000,Excellent,
ECG_CH2,1412,2022-12-12 21:27:13,2022-12-12 21:27:28,15,3000,200,0.772528,0.868009,0.000000,1.000000,Barely acceptable,
ECG_CH2,1413,2022-12-12 21:27:28,2022-12-12 21:27:43,15,3000,200,0.573672,0.595412,0.000000,1.000000,Excellent,
ECG_CH2,1414,2022-12-12 21:27:43,2022-12-12 21:27:58,15,3000,200,0.697944,0.805920,0.000000,1.000000,Excellent,
ECG_CH2,1415,2022-12-12 21:27:58,2022-12-12 21:28:13,15,3000,200,0.440471,0.508616,0.000000,1.000000,Excellent,
ECG_CH2,1416,2022-12-12 21:28:13,2022-12-12 21:28:28,15,3000,200,0.653475,0.615403,0.000000,1.000000,Excellent,
ECG_CH2,1417,2022-12-12 21:28:28,2022-12-12 21:28:43,15,3000,200,0.588111,0.669684,0.000000,1.000000,Excellent,
ECG_CH2,1418,2022-12-12 21:28:43,2022-12-12 21:28:58,15,3000,200,0.627911,0.712524,0.000000,1.000000,Excellent,
ECG_CH2,1419,2022-12-12 21:28:58,2022-12-12 21:29:13,15,3000,200,0.499301,0.453233,0.000000,1.000000,Excellent,
ECG_CH2,1420,2022-12-12 21:29:13,2022-12-12 21:29:28,15,3000,200,0.650636,0.750211,0.000000,1.000000,Excellent,
ECG_CH2,1421,2022-12-12 21:29:28,2022-12-12 21:29:43,15,3000,200,0.560500,0.617102,0.000000,1.000000,Excellent,
ECG_CH2,1422,2022-12-12 21:29:43,2022-12-12 21:29:58,15,3000,200,0.666474,0.760114,0.000000,1.000000,Excellent,
ECG_CH2,1423,2022-12-12 21:29:58,2022-12-12 21:30:13,15,3000,200,0.622408,0.641404,0.000000,1.000000,Excellent,
ECG_CH2,1424,2022-12-12 21:30:13,2022-12-12 21:30:28,15,3000,200,0.470071,0.417239,0.000000,1.000000,Excellent,
ECG_CH2,1425,2022-12-12 21:30:28,2022-12-12 21:30:43,15,3000,200,0.601327,0.731136,0.000000,1.000000,Excellent,
ECG_CH2,1426,2022-12-12 21:30:43,2022-12-12 21:30:58,15,3000,200,0.696178,0.835197,0.000000,1.000000,Excellent,
ECG_CH2,1427,2022-12-12 21:30:58,2022-12-12 21:31:13,15,3000,200,0.708902,0.804773,0.000000,1.000000,Excellent,
ECG_CH2,1428,2022-12-12 21:31:13,2022-12-12 21:31:28,15,3000,200,0.730116,0.821842,0.000000,1.000000,Excellent,
ECG_CH2,1429,2022-12-12 21:31:28,2022-12-12 21:31:43,15,3000,200,0.719659,0.800404,0.000000,1.000000,Excellent,
ECG_CH2,1430,2022-12-12 21:31:43,2022-12-12 21:31:58,15,3000,200,0.643849,0.691258,0.000000,1.000000,Excellent,
ECG_CH2,1431,2022-12-12 21:31:58,2022-12-12 21:32:13,15,3000,200,0.577910,0.583638,0.000000,1.000000,Excellent,
ECG_CH2,1432,2022-12-12 21:32:13,2022-12-12 21:32:28,15,3000,200,0.566676,0.565582,0.000000,1.000000,Excellent,
ECG_CH2,1433,2022-12-12 21:32:28,2022-12-12 21:32:43,15,3000,200,0.638338,0.757597,0.000000,1.000000,Excellent,
ECG_CH2,1434,2022-12-12 21:32:43,2022-12-12 21:32:58,15,3000,200,0.794156,0.897849,0.000000,1.000000,Excellent,
ECG_CH2,1435,2022-12-12 21:32:58,2022-12-12 21:33:13,15,3000,200,0.747029,0.888099,0.000000,1.000000,Barely acceptable,
ECG_CH2,1436,2022-12-12 21:33:13,2022-12-12 21:33:28,15,3000,200,0.708379,0.774165,0.000000,1.000000,Barely acceptable,
ECG_CH2,1437,2022-12-12 21:33:28,2022-12-12 21:33:43,15,3000,200,0.771771,0.825406,0.000000,1.000000,Barely acceptable,
ECG_CH2,1438,2022-12-12 21:33:43,2022-12-12 21:33:58,15,3000,200,0.788249,0.913014,0.000000,1.000000,Excellent,
ECG_CH2,1439,2022-12-12 21:33:58,2022-12-12 21:34:13,15,3000,200,0.588003,0.729892,0.000000,1.000000,Barely acceptable,
ECG_CH2,1440,2022-12-12 21:34:13,2022-12-12 21:34:28,15,3000,200,0.665185,0.703433,0.000000,1.000000,Excellent,
ECG_CH2,1441,2022-12-12 21:34:28,2022-12-12 21:34:43,15,3000,200,0.620855,0.645313,0.000000,1.000000,Excellent,
ECG_CH2,1442,2022-12-12 21:34:43,2022-12-12 21:34:58,15,3000,200,0.713123,0.843262,0.000000,1.000000,Excellent,
ECG_CH2,1443,2022-12-12 21:34:58,2022-12-12 21:35:13,15,3000,200,0.646069,0.724925,0.000000,1.000000,Excellent,
ECG_CH2,1444,2022-12-12 21:35:13,2022-12-12 21:35:28,15,3000,200,0.799762,0.890841,0.000000,1.000000,Excellent,
ECG_CH2,1445,2022-12-12 21:35:28,2022-12-12 21:35:43,15,3000,200,0.632466,0.699171,0.000000,1.000000,Excellent,
ECG_CH2,1446,2022-12-12 21:35:43,2022-12-12 21:35:58,15,3000,200,0.782679,0.885699,0.000000,1.000000,Barely acceptable,
ECG_CH2,1447,2022-12-12 21:35:58,2022-12-12 21:36:13,15,3000,200,0.537391,0.545134,0.000000,1.000000,Excellent,
ECG_CH2,1448,2022-12-12 21:36:13,2022-12-12 21:36:28,15,3000,200,0.647713,0.718584,0.000000,1.000000,Barely acceptable,
ECG_CH2,1449,2022-12-12 21:36:28,2022-12-12 21:36:43,15,3000,200,0.782669,0.912771,0.000000,1.000000,Barely acceptable,
ECG_CH2,1450,2022-12-12 21:36:43,2022-12-12 21:36:58,15,3000,200,0.812059,0.920035,0.000000,1.000000,Excellent,
ECG_CH2,1451,2022-12-12 21:36:58,2022-12-12 21:37:13,15,3000,200,0.558619,0.659673,0.000000,1.000000,Excellent,
ECG_CH2,1452,2022-12-12 21:37:13,2022-12-12 21:37:28,15,3000,200,0.785504,0.863634,0.000000,1.000000,Barely acceptable,
ECG_CH2,1453,2022-12-12 21:37:28,2022-12-12 21:37:43,15,3000,200,0.701458,0.791856,0.000000,1.000000,Excellent,
ECG_CH2,1454,2022-12-12 21:37:43,2022-12-12 21:37:58,15,3000,200,0.611341,0.654099,0.000000,1.000000,Barely acceptable,
ECG_CH2,1455,2022-12-12 21:37:58,2022-12-12 21:38:13,15,3000,200,0.623104,0.695598,0.000000,1.000000,Excellent,
ECG_CH2,1456,2022-12-12 21:38:13,2022-12-12 21:38:28,15,3000,200,0.687785,0.795659,0.000000,1.000000,Excellent,
ECG_CH2,1457,2022-12-12 21:38:28,2022-12-12 21:38:43,15,3000,200,0.757996,0.840063,0.000000,1.000000,Excellent,
ECG_CH2,1458,2022-12-12 21:38:43,2022-12-12 21:38:58,15,3000,200,0.686910,0.723195,0.000000,1.000000,Excellent,
ECG_CH2,1459,2022-12-12 21:38:58,2022-12-12 21:39:13,15,3000,200,0.722332,0.807676,0.000000,1.000000,Excellent,
ECG_CH2,1460,2022-12-12 21:39:13,2022-12-12 21:39:28,15,3000,200,0.704637,0.785645,0.000000,1.000000,Excellent,
ECG_CH2,1461,2022-12-12 21:39:28,2022-12-12 21:39:43,15,3000,200,0.597150,0.721459,0.000000,1.000000,Excellent,
ECG_CH2,1462,2022-12-12 21:39:43,2022-12-12 21:39:58,15,3000,200,0.535898,0.491676,0.000000,1.000000,Barely acceptable,
ECG_CH2,1463,2022-12-12 21:39:58,2022-12-12 21:40:13,15,3000,200,0.745902,0.833581,0.000000,1.000000,Excellent,
ECG_CH2,1464,2022-12-12 21:40:13,2022-12-12 21:40:28,15,3000,200,0.650526,0.576792,0.000000,1.000000,Excellent,
ECG_CH2,1465,2022-12-12 21:40:28,2022-12-12 21:40:43,15,3000,200,0.720707,0.851785,0.000000,1.000000,Barely acceptable,
ECG_CH2,1466,2022-12-12 21:40:43,2022-12-12 21:40:58,15,3000,200,0.662702,0.849941,0.000000,1.000000,Barely acceptable,
ECG_CH2,1467,2022-12-12 21:40:58,2022-12-12 21:41:13,15,3000,200,0.635140,0.694859,0.000000,1.000000,Excellent,
ECG_CH2,1468,2022-12-12 21:41:13,2022-12-12 21:41:28,15,3000,200,0.780963,0.882345,0.000000,1.000000,Barely acceptable,
ECG_CH2,1469,2022-12-12 21:41:28,2022-12-12 21:41:43,15,3000,200,0.561967,0.643598,0.000000,1.000000,Excellent,
ECG_CH2,1470,2022-12-12 21:41:43,2022-12-12 21:41:58,15,3000,200,0.735607,0.838324,0.000000,1.000000,Excellent,
ECG_CH2,1471,2022-12-12 21:41:58,2022-12-12 21:42:13,15,3000,200,0.459843,0.402061,0.000000,1.000000,Excellent,
ECG_CH2,1472,2022-12-12 21:42:13,2022-12-12 21:42:28,15,3000,200,0.628156,0.675455,0.000000,1.000000,Excellent,
ECG_CH2,1473,2022-12-12 21:42:28,2022-12-12 21:42:43,15,3000,200,0.577469,0.639669,0.000000,1.000000,Barely acceptable,
ECG_CH2,1474,2022-12-12 21:42:43,2022-12-12 21:42:58,15,3000,200,0.637445,0.709911,0.000000,1.000000,Excellent,
ECG_CH2,1475,2022-12-12 21:42:58,2022-12-12 21:43:13,15,3000,200,0.731476,0.809720,0.000000,1.000000,Barely acceptable,
ECG_CH2,1476,2022-12-12 21:43:13,2022-12-12 21:43:28,15,3000,200,0.671152,0.660857,0.000000,1.000000,Excellent,
ECG_CH2,1477,2022-12-12 21:43:28,2022-12-12 21:43:43,15,3000,200,0.768568,0.833263,0.000000,1.000000,Barely acceptable,
ECG_CH2,1478,2022-12-12 21:43:43,2022-12-12 21:43:58,15,3000,200,0.715132,0.896518,0.000000,1.000000,Barely acceptable,
ECG_CH2,1479,2022-12-12 21:43:58,2022-12-12 21:44:13,15,3000,200,0.671218,0.721499,0.000000,1.000000,Barely acceptable,
ECG_CH2,1480,2022-12-12 21:44:13,2022-12-12 21:44:28,15,3000,200,0.578277,0.570711,0.000000,1.000000,Excellent,
ECG_CH2,1481,2022-12-12 21:44:28,2022-12-12 21:44:43,15,3000,200,0.552518,0.627251,0.000000,1.000000,Excellent,
ECG_CH2,1482,2022-12-12 21:44:43,2022-12-12 21:44:58,15,3000,200,0.678032,0.748002,0.000000,1.000000,Excellent,
ECG_CH2,1483,2022-12-12 21:44:58,2022-12-12 21:45:13,15,3000,200,0.671388,0.739054,0.000000,1.000000,Excellent,
ECG_CH2,1484,2022-12-12 21:45:13,2022-12-12 21:45:28,15,3000,200,0.572159,0.727551,0.000000,1.000000,Excellent,
ECG_CH2,1485,2022-12-12 21:45:28,2022-12-12 21:45:43,15,3000,200,0.507986,0.567745,0.000000,1.000000,Excellent,
ECG_CH2,1486,2022-12-12 21:45:43,2022-12-12 21:45:58,15,3000,200,0.546222,0.507882,0.000000,1.000000,Excellent,
ECG_CH2,1487,2022-12-12 21:45:58,2022-12-12 21:46:13,15,3000,200,0.776503,0.867273,0.000000,1.000000,Barely acceptable,
ECG_CH2,1488,2022-12-12 21:46:13,2022-12-12 21:46:28,15,3000,200,0.654098,0.781396,0.000000,1.000000,Barely acceptable,
ECG_CH2,1489,2022-12-12 21:46:28,2022-12-12 21:46:43,15,3000,200,0.758206,0.879739,0.000000,1.000000,Excellent,
ECG_CH2,1490,2022-12-12 21:46:43,2022-12-12 21:46:58,15,3000,200,0.584733,0.677946,0.000000,1.000000,Excellent,
ECG_CH2,1491,2022-12-12 21:46:58,2022-12-12 21:47:13,15,3000,200,0.766343,0.873195,0.000000,1.000000,Excellent,
ECG_CH2,1492,2022-12-12 21:47:13,2022-12-12 21:47:28,15,3000,200,0.678696,0.767607,0.000000,1.000000,Excellent,
ECG_CH2,1493,2022-12-12 21:47:28,2022-12-12 21:47:43,15,3000,200,0.578975,0.725500,0.000000,1.000000,Excellent,
ECG_CH2,1494,2022-12-12 21:47:43,2022-12-12 21:47:58,15,3000,200,0.709613,0.806180,0.000000,1.000000,Excellent,
ECG_CH2,1495,2022-12-12 21:47:58,2022-12-12 21:48:13,15,3000,200,0.732632,0.884047,0.000000,1.000000,Excellent,
ECG_CH2,1496,2022-12-12 21:48:13,2022-12-12 21:48:28,15,3000,200,0.645387,0.764781,0.000000,1.000000,Excellent,
ECG_CH2,1497,2022-12-12 21:48:28,2022-12-12 21:48:43,15,3000,200,0.791517,0.850670,0.000000,1.000000,Excellent,
ECG_CH2,1498,2022-12-12 21:48:43,2022-12-12 21:48:58,15,3000,200,0.597859,0.700354,0.000000,1.000000,Excellent,
ECG_CH2,1499,2022-12-12 21:48:58,2022-12-12 21:49:13,15,3000,200,0.781796,0.888579,0.000000,1.000000,Excellent,
ECG_CH2,1500,2022-12-12 21:49:13,2022-12-12 21:49:28,15,3000,200,0.566166,0.587089,0.000000,1.000000,Excellent,
ECG_CH2,1501,2022-12-12 21:49:28,2022-12-12 21:49:43,15,3000,200,0.680879,0.734840,0.000000,1.000000,Excellent,
ECG_CH2,1502,2022-12-12 21:49:43,2022-12-12 21:49:58,15,3000,200,0.777603,0.937256,0.000000,1.000000,Excellent,
ECG_CH2,1503,2022-12-12 21:49:58,2022-12-12 21:50:13,15,3000,200,0.741785,0.765764,0.000000,1.000000,Excellent,
ECG_CH2,1504,2022-12-12 21:50:13,2022-12-12 21:50:28,15,3000,200,0.691857,0.813680,0.000000,1.000000,Excellent,
ECG_CH2,1505,2022-12-12 21:50:28,2022-12-12 21:50:43,15,3000,200,0.742129,0.782127,0.000000,1.000000,Excellent,
ECG_CH2,1506,2022-12-12 21:50:43,2022-12-12 21:50:58,15,3000,200,0.516526,0.513269,0.000000,1.000000,Excellent,
ECG_CH2,1507,2022-12-12 21:50:58,2022-12-12 21:51:13,15,3000,200,0.677763,0.741852,0.000000,1.000000,Excellent,
ECG_CH2,1508,2022-12-12 21:51:13,2022-12-12 21:51:28,15,3000,200,0.400923,0.402274,0.000000,1.000000,Excellent,
ECG_CH2,1509,2022-12-12 21:51:28,2022-12-12 21:51:43,15,3000,200,0.698301,0.788179,0.000000,1.000000,Excellent,
ECG_CH2,1510,2022-12-12 21:51:43,2022-12-12 21:51:58,15,3000,200,0.529572,0.556264,0.000000,1.000000,Excellent,
ECG_CH2,1511,2022-12-12 21:51:58,2022-12-12 21:52:13,15,3000,200,0.702451,0.811513,0.000000,1.000000,Excellent,
ECG_CH2,1512,2022-12-12 21:52:13,2022-12-12 21:52:28,15,3000,200,0.567718,0.597665,0.000000,1.000000,Barely acceptable,
ECG_CH2,1513,2022-12-12 21:52:28,2022-12-12 21:52:43,15,3000,200,0.731738,0.772685,0.000000,1.000000,Excellent,
ECG_CH2,1514,2022-12-12 21:52:43,2022-12-12 21:52:58,15,3000,200,0.693410,0.734481,0.000000,1.000000,Barely acceptable,
ECG_CH2,1515,2022-12-12 21:52:58,2022-12-12 21:53:13,15,3000,200,0.776905,0.919916,0.000000,1.000000,Barely acceptable,
ECG_CH2,1516,2022-12-12 21:53:13,2022-12-12 21:53:28,15,3000,200,0.704989,0.802813,0.000000,1.000000,Excellent,
ECG_CH2,1517,2022-12-12 21:53:28,2022-12-12 21:53:43,15,3000,200,0.858523,0.944081,0.000000,1.000000,Excellent,
ECG_CH2,1518,2022-12-12 21:53:43,2022-12-12 21:53:58,15,3000,200,0.652932,0.642325,0.000000,1.000000,Excellent,
ECG_CH2,1519,2022-12-12 21:53:58,2022-12-12 21:54:13,15,3000,200,0.707802,0.825692,0.000000,1.000000,Excellent,
ECG_CH2,1520,2022-12-12 21:54:13,2022-12-12 21:54:28,15,3000,200,0.745986,0.868383,0.000000,1.000000,Excellent,
ECG_CH2,1521,2022-12-12 21:54:28,2022-12-12 21:54:43,15,3000,200,0.713680,0.759000,0.000000,1.000000,Excellent,
ECG_CH2,1522,2022-12-12 21:54:43,2022-12-12 21:54:58,15,3000,200,0.546088,0.558442,0.000000,1.000000,Excellent,
ECG_CH2,1523,2022-12-12 21:54:58,2022-12-12 21:55:13,15,3000,200,0.629698,0.694675,0.000000,1.000000,Excellent,
ECG_CH2,1524,2022-12-12 21:55:13,2022-12-12 21:55:28,15,3000,200,0.658863,0.796374,0.000000,1.000000,Barely acceptable,
ECG_CH2,1525,2022-12-12 21:55:28,2022-12-12 21:55:43,15,3000,200,0.519049,0.533331,0.000000,1.000000,Excellent,
ECG_CH2,1526,2022-12-12 21:55:43,2022-12-12 21:55:58,15,3000,200,0.750817,0.875295,0.000000,1.000000,Excellent,
ECG_CH2,1527,2022-12-12 21:55:58,2022-12-12 21:56:13,15,3000,200,0.645185,0.738388,0.000000,1.000000,Excellent,
ECG_CH2,1528,2022-12-12 21:56:13,2022-12-12 21:56:28,15,3000,200,0.610856,0.663354,0.000000,1.000000,Excellent,
ECG_CH2,1529,2022-12-12 21:56:28,2022-12-12 21:56:43,15,3000,200,0.618668,0.658682,0.000000,1.000000,Excellent,
ECG_CH2,1530,2022-12-12 21:56:43,2022-12-12 21:56:58,15,3000,200,0.597965,0.664254,0.000000,1.000000,Excellent,
ECG_CH2,1531,2022-12-12 21:56:58,2022-12-12 21:57:13,15,3000,200,0.756697,0.833995,0.000000,1.000000,Excellent,
ECG_CH2,1532,2022-12-12 21:57:13,2022-12-12 21:57:28,15,3000,200,0.772906,0.930717,0.000000,1.000000,Excellent,
ECG_CH2,1533,2022-12-12 21:57:28,2022-12-12 21:57:43,15,3000,200,0.770038,0.901886,0.000000,1.000000,Barely acceptable,
ECG_CH2,1534,2022-12-12 21:57:43,2022-12-12 21:57:58,15,3000,200,0.780010,0.775577,0.000000,1.000000,Barely acceptable,
ECG_CH2,1535,2022-12-12 21:57:58,2022-12-12 21:58:13,15,3000,200,0.411839,0.374977,0.000000,1.000000,Barely acceptable,
ECG_CH2,1536,2022-12-12 21:58:13,2022-12-12 21:58:28,15,3000,200,0.721945,0.858821,0.000000,1.000000,Barely acceptable,
ECG_CH2,1537,2022-12-12 21:58:28,2022-12-12 21:58:43,15,3000,200,0.627554,0.659617,0.000000,1.000000,Excellent,
ECG_CH2,1538,2022-12-12 21:58:43,2022-12-12 21:58:58,15,3000,200,0.585990,0.684243,0.000000,1.000000,Excellent,
ECG_CH2,1539,2022-12-12 21:58:58,2022-12-12 21:59:13,15,3000,200,0.627013,0.838868,0.000000,1.000000,Barely acceptable,
ECG_CH2,1540,2022-12-12 21:59:13,2022-12-12 21:59:28,15,3000,200,0.713663,0.763029,0.000000,1.000000,Barely acceptable,
ECG_CH2,1541,2022-12-12 21:59:28,2022-12-12 21:59:43,15,3000,200,0.760373,0.848336,0.000000,1.000000,Barely acceptable,
ECG_CH2,1542,2022-12-12 21:59:43,2022-12-12 21:59:58,15,3000,200,0.685138,0.769301,0.000000,1.000000,Barely acceptable,
ECG_CH2,1543,2022-12-12 21:59:58,2022-12-12 22:00:13,15,3000,200,0.667075,0.811925,0.000000,1.000000,Barely acceptable,
ECG_CH2,1544,2022-12-12 22:00:13,2022-12-12 22:00:28,15,3000,200,0.680407,0.732059,0.000000,1.000000,Barely acceptable,
ECG_CH2,1545,2022-12-12 22:00:28,2022-12-12 22:00:43,15,3000,200,0.689315,0.802573,0.000000,1.000000,Barely acceptable,
ECG_CH2,1546,2022-12-12 22:00:43,2022-12-12 22:00:58,15,3000,200,0.681576,0.899623,0.000000,1.000000,Excellent,
ECG_CH2,1547,2022-12-12 22:00:58,2022-12-12 22:01:13,15,3000,200,0.648795,0.672990,0.000000,1.000000,Excellent,
ECG_CH2,1548,2022-12-12 22:01:13,2022-12-12 22:01:28,15,3000,200,0.773448,0.886398,0.000000,1.000000,Excellent,
ECG_CH2,1549,2022-12-12 22:01:28,2022-12-12 22:01:43,15,3000,200,0.504543,0.415930,0.000000,1.000000,Barely acceptable,
ECG_CH2,1550,2022-12-12 22:01:43,2022-12-12 22:01:58,15,3000,200,0.650873,0.733542,0.000000,1.000000,Barely acceptable,
ECG_CH2,1551,2022-12-12 22:01:58,2022-12-12 22:02:13,15,3000,200,0.607850,0.633994,0.000000,1.000000,Barely acceptable,
ECG_CH2,1552,2022-12-12 22:02:13,2022-12-12 22:02:28,15,3000,200,0.713477,0.797161,0.000000,1.000000,Barely acceptable,
ECG_CH2,1553,2022-12-12 22:02:28,2022-12-12 22:02:43,15,3000,200,0.709737,0.800517,0.000000,1.000000,Excellent,
ECG_CH2,1554,2022-12-12 22:02:43,2022-12-12 22:02:58,15,3000,200,0.718153,0.822408,0.000000,1.000000,Excellent,
ECG_CH2,1555,2022-12-12 22:02:58,2022-12-12 22:03:13,15,3000,200,0.629496,0.636861,0.000000,1.000000,Barely acceptable,
ECG_CH2,1556,2022-12-12 22:03:13,2022-12-12 22:03:28,15,3000,200,0.742908,0.818540,0.000000,1.000000,Barely acceptable,
ECG_CH2,1557,2022-12-12 22:03:28,2022-12-12 22:03:43,15,3000,200,0.571346,0.614620,0.000000,1.000000,Excellent,
ECG_CH2,1558,2022-12-12 22:03:43,2022-12-12 22:03:58,15,3000,200,0.531282,0.625155,0.000000,1.000000,Excellent,
ECG_CH2,1559,2022-12-12 22:03:58,2022-12-12 22:04:13,15,3000,200,0.630777,0.725533,0.000000,1.000000,Excellent,
ECG_CH2,1560,2022-12-12 22:04:13,2022-12-12 22:04:28,15,3000,200,0.777708,0.891602,0.000000,1.000000,Barely acceptable,
ECG_CH2,1561,2022-12-12 22:04:28,2022-12-12 22:04:43,15,3000,200,0.532122,0.512715,0.000000,1.000000,Barely acceptable,
ECG_CH2,1562,2022-12-12 22:04:43,2022-12-12 22:04:58,15,3000,200,0.801791,0.921766,0.000000,1.000000,Barely acceptable,
ECG_CH2,1563,2022-12-12 22:04:58,2022-12-12 22:05:13,15,3000,200,0.681369,0.778468,0.000000,1.000000,Barely acceptable,
ECG_CH2,1564,2022-12-12 22:05:13,2022-12-12 22:05:28,15,3000,200,0.733028,0.862653,0.000000,1.000000,Excellent,
ECG_CH2,1565,2022-12-12 22:05:28,2022-12-12 22:05:43,15,3000,200,0.673712,0.839392,0.000000,1.000000,Excellent,
ECG_CH2,1566,2022-12-12 22:05:43,2022-12-12 22:05:58,15,3000,200,0.727878,0.837147,0.000000,1.000000,Barely acceptable,
ECG_CH2,1567,2022-12-12 22:05:58,2022-12-12 22:06:13,15,3000,200,0.760283,0.861787,0.000000,1.000000,Barely acceptable,
ECG_CH2,1568,2022-12-12 22:06:13,2022-12-12 22:06:28,15,3000,200,0.782636,0.866314,0.000000,1.000000,Excellent,
ECG_CH2,1569,2022-12-12 22:06:28,2022-12-12 22:06:43,15,3000,200,0.794978,0.927269,0.000000,1.000000,Excellent,
ECG_CH2,1570,2022-12-12 22:06:43,2022-12-12 22:06:58,15,3000,200,0.822934,0.835292,0.000000,1.000000,Excellent,
ECG_CH2,1571,2022-12-12 22:06:58,2022-12-12 22:07:13,15,3000,200,0.751312,0.865765,0.000000,1.000000,Barely acceptable,
ECG_CH2,1572,2022-12-12 22:07:13,2022-12-12 22:07:28,15,3000,200,0.574674,0.708274,0.000000,1.000000,Excellent,
ECG_CH2,1573,2022-12-12 22:07:28,2022-12-12 22:07:43,15,3000,200,0.687724,0.768560,0.000000,1.000000,Barely acceptable,
ECG_CH2,1574,2022-12-12 22:07:43,2022-12-12 22:07:58,15,3000,200,0.621729,0.743775,0.000000,1.000000,Barely acceptable,
ECG_CH2,1575,2022-12-12 22:07:58,2022-12-12 22:08:13,15,3000,200,0.569753,0.728807,0.000000,1.000000,Barely acceptable,
ECG_CH2,1576,2022-12-12 22:08:13,2022-12-12 22:08:28,15,3000,200,0.712667,0.802228,0.000000,1.000000,Barely acceptable,
ECG_CH2,1577,2022-12-12 22:08:28,2022-12-12 22:08:43,15,3000,200,0.837575,0.882489,0.000000,1.000000,Barely acceptable,
ECG_CH2,1578,2022-12-12 22:08:43,2022-12-12 22:08:58,15,3000,200,0.586275,0.672211,0.000000,1.000000,Barely acceptable,
ECG_CH2,1579,2022-12-12 22:08:58,2022-12-12 22:09:13,15,3000,200,0.525333,0.539067,0.000000,1.000000,Barely acceptable,
ECG_CH2,1580,2022-12-12 22:09:13,2022-12-12 22:09:28,15,3000,200,0.643495,0.723964,0.000000,1.000000,Barely acceptable,
ECG_CH2,1581,2022-12-12 22:09:28,2022-12-12 22:09:43,15,3000,200,0.713190,0.847414,0.000000,1.000000,Barely acceptable,
ECG_CH2,1582,2022-12-12 22:09:43,2022-12-12 22:09:58,15,3000,200,0.655575,0.762914,0.000000,1.000000,Barely acceptable,
ECG_CH2,1583,2022-12-12 22:09:58,2022-12-12 22:10:13,15,3000,200,0.742887,0.829440,0.000000,1.000000,Excellent,
ECG_CH2,1584,2022-12-12 22:10:13,2022-12-12 22:10:28,15,3000,200,0.768759,0.894928,0.000000,1.000000,Excellent,
ECG_CH2,1585,2022-12-12 22:10:28,2022-12-12 22:10:43,15,3000,200,0.760531,0.876794,0.000000,1.000000,Excellent,
ECG_CH2,1586,2022-12-12 22:10:43,2022-12-12 22:10:58,15,3000,200,0.623767,0.741950,0.000000,1.000000,Excellent,
ECG_CH2,1587,2022-12-12 22:10:58,2022-12-12 22:11:13,15,3000,200,0.674313,0.807848,0.000000,1.000000,Excellent,
ECG_CH2,1588,2022-12-12 22:11:13,2022-12-12 22:11:28,15,3000,200,0.673561,0.859721,0.000000,1.000000,Excellent,
ECG_CH2,1589,2022-12-12 22:11:28,2022-12-12 22:11:43,15,3000,200,0.691621,0.721915,0.000000,1.000000,Excellent,
ECG_CH2,1590,2022-12-12 22:11:43,2022-12-12 22:11:58,15,3000,200,0.607986,0.690634,0.000000,1.000000,Excellent,
ECG_CH2,1591,2022-12-12 22:11:58,2022-12-12 22:12:13,15,3000,200,0.759592,0.860172,0.000000,1.000000,Excellent,
ECG_CH2,1592,2022-12-12 22:12:13,2022-12-12 22:12:28,15,3000,200,0.657821,0.742324,0.000000,1.000000,Excellent,
ECG_CH2,1593,2022-12-12 22:12:28,2022-12-12 22:12:43,15,3000,200,0.744264,0.790989,0.000000,1.000000,Excellent,
ECG_CH2,1594,2022-12-12 22:12:43,2022-12-12 22:12:58,15,3000,200,0.659997,0.709523,0.000000,1.000000,Excellent,
ECG_CH2,1595,2022-12-12 22:12:58,2022-12-12 22:13:13,15,3000,200,0.784691,0.896850,0.000000,1.000000,Barely acceptable,
ECG_CH2,1596,2022-12-12 22:13:13,2022-12-12 22:13:28,15,3000,200,0.702375,0.785746,0.000000,1.000000,Excellent,
ECG_CH2,1597,2022-12-12 22:13:28,2022-12-12 22:13:43,15,3000,200,0.623462,0.775870,0.000000,1.000000,Excellent,
ECG_CH2,1598,2022-12-12 22:13:43,2022-12-12 22:13:58,15,3000,200,0.771854,0.800112,0.000000,1.000000,Excellent,
ECG_CH2,1599,2022-12-12 22:13:58,2022-12-12 22:14:13,15,3000,200,0.710442,0.780124,0.000000,1.000000,Excellent,
ECG_CH2,1600,2022-12-12 22:14:13,2022-12-12 22:14:28,15,3000,200,0.785671,0.935906,0.000000,1.000000,Excellent,
ECG_CH2,1601,2022-12-12 22:14:28,2022-12-12 22:14:43,15,3000,200,0.690127,0.739262,0.000000,1.000000,Barely acceptable,
ECG_CH2,1602,2022-12-12 22:14:43,2022-12-12 22:14:58,15,3000,200,0.655274,0.771174,0.000000,1.000000,Excellent,
ECG_CH2,1603,2022-12-12 22:14:58,2022-12-12 22:15:13,15,3000,200,0.522082,0.484302,0.000000,1.000000,Excellent,
ECG_CH2,1604,2022-12-12 22:15:13,2022-12-12 22:15:28,15,3000,200,0.752185,0.857738,0.000000,1.000000,Excellent,
ECG_CH2,1605,2022-12-12 22:15:28,2022-12-12 22:15:43,15,3000,200,0.700479,0.721345,0.000000,1.000000,Excellent,
ECG_CH2,1606,2022-12-12 22:15:43,2022-12-12 22:15:58,15,3000,200,0.696307,0.791565,0.000000,1.000000,Excellent,
ECG_CH2,1607,2022-12-12 22:15:58,2022-12-12 22:16:13,15,3000,200,0.822300,0.931281,0.000000,1.000000,Barely acceptable,
ECG_CH2,1608,2022-12-12 22:16:13,2022-12-12 22:16:28,15,3000,200,0.770302,0.925701,0.000000,1.000000,Excellent,
ECG_CH2,1609,2022-12-12 22:16:28,2022-12-12 22:16:43,15,3000,200,0.598170,0.695370,0.000000,1.000000,Barely acceptable,
ECG_CH2,1610,2022-12-12 22:16:43,2022-12-12 22:16:58,15,3000,200,0.741963,0.963984,0.000000,1.000000,Barely acceptable,
ECG_CH2,1611,2022-12-12 22:16:58,2022-12-12 22:17:13,15,3000,200,0.672551,0.815471,0.000000,1.000000,Barely acceptable,
ECG_CH2,1612,2022-12-12 22:17:13,2022-12-12 22:17:28,15,3000,200,0.687162,0.743305,0.000000,1.000000,Excellent,
ECG_CH2,1613,2022-12-12 22:17:28,2022-12-12 22:17:43,15,3000,200,0.530252,0.481566,0.000000,1.000000,Excellent,
ECG_CH2,1614,2022-12-12 22:17:43,2022-12-12 22:17:58,15,3000,200,0.674462,0.730276,0.000000,1.000000,Excellent,
ECG_CH2,1615,2022-12-12 22:17:58,2022-12-12 22:18:13,15,3000,200,0.592668,0.498684,0.000000,1.000000,Excellent,
ECG_CH2,1616,2022-12-12 22:18:13,2022-12-12 22:18:28,15,3000,200,0.645660,0.769548,0.000000,1.000000,Barely acceptable,
ECG_CH2,1617,2022-12-12 22:18:28,2022-12-12 22:18:43,15,3000,200,0.740299,0.789790,0.000000,1.000000,Barely acceptable,
ECG_CH2,1618,2022-12-12 22:18:43,2022-12-12 22:18:58,15,3000,200,0.666034,0.698463,0.000000,1.000000,Barely acceptable,
ECG_CH2,1619,2022-12-12 22:18:58,2022-12-12 22:19:13,15,3000,200,0.702389,0.803405,0.000000,1.000000,Excellent,
ECG_CH2,1620,2022-12-12 22:19:13,2022-12-12 22:19:28,15,3000,200,0.489989,0.472421,0.000000,1.000000,Excellent,
ECG_CH2,1621,2022-12-12 22:19:28,2022-12-12 22:19:43,15,3000,200,0.510651,0.475565,0.000000,1.000000,Excellent,
ECG_CH2,1622,2022-12-12 22:19:43,2022-12-12 22:19:58,15,3000,200,0.721952,0.848555,0.000000,1.000000,Barely acceptable,
ECG_CH2,1623,2022-12-12 22:19:58,2022-12-12 22:20:13,15,3000,200,0.498440,0.537146,0.000000,1.000000,Barely acceptable,
ECG_CH2,1624,2022-12-12 22:20:13,2022-12-12 22:20:28,15,3000,200,0.588929,0.714471,0.000000,1.000000,Excellent,
ECG_CH2,1625,2022-12-12 22:20:28,2022-12-12 22:20:43,15,3000,200,0.721739,0.739278,0.000000,1.000000,Barely acceptable,
ECG_CH2,1626,2022-12-12 22:20:43,2022-12-12 22:20:58,15,3000,200,0.670969,0.675230,0.000000,1.000000,Barely acceptable,
ECG_CH2,1627,2022-12-12 22:20:58,2022-12-12 22:21:13,15,3000,200,0.561766,0.623882,0.000000,1.000000,Barely acceptable,
ECG_CH2,1628,2022-12-12 22:21:13,2022-12-12 22:21:28,15,3000,200,0.724742,0.809689,0.000000,1.000000,Barely acceptable,
ECG_CH2,1629,2022-12-12 22:21:28,2022-12-12 22:21:43,15,3000,200,0.639976,0.708672,0.000000,1.000000,Excellent,
ECG_CH2,1630,2022-12-12 22:21:43,2022-12-12 22:21:58,15,3000,200,0.631605,0.706879,0.000000,1.000000,Excellent,
ECG_CH2,1631,2022-12-12 22:21:58,2022-12-12 22:22:13,15,3000,200,0.674680,0.778714,0.000000,1.000000,Excellent,
ECG_CH2,1632,2022-12-12 22:22:13,2022-12-12 22:22:28,15,3000,200,0.647365,0.747111,0.000000,1.000000,Barely acceptable,
ECG_CH2,1633,2022-12-12 22:22:28,2022-12-12 22:22:43,15,3000,200,0.685416,0.755599,0.000000,1.000000,Barely acceptable,
ECG_CH2,1634,2022-12-12 22:22:43,2022-12-12 22:22:58,15,3000,200,0.649479,0.738458,0.000000,1.000000,Excellent,
ECG_CH2,1635,2022-12-12 22:22:58,2022-12-12 22:23:13,15,3000,200,0.557726,0.675630,0.000000,1.000000,Excellent,
ECG_CH2,1636,2022-12-12 22:23:13,2022-12-12 22:23:28,15,3000,200,0.618646,0.705296,0.000000,1.000000,Excellent,
ECG_CH2,1637,2022-12-12 22:23:28,2022-12-12 22:23:43,15,3000,200,0.610879,0.655525,0.000000,1.000000,Excellent,
ECG_CH2,1638,2022-12-12 22:23:43,2022-12-12 22:23:58,15,3000,200,0.702025,0.750845,0.000000,1.000000,Excellent,
ECG_CH2,1639,2022-12-12 22:23:58,2022-12-12 22:24:13,15,3000,200,0.599722,0.566096,0.000000,1.000000,Excellent,
ECG_CH2,1640,2022-12-12 22:24:13,2022-12-12 22:24:28,15,3000,200,0.497879,0.520587,0.000000,1.000000,Excellent,
ECG_CH2,1641,2022-12-12 22:24:28,2022-12-12 22:24:43,15,3000,200,0.596074,0.578579,0.000000,1.000000,Excellent,
ECG_CH2,1642,2022-12-12 22:24:43,2022-12-12 22:24:58,15,3000,200,0.613395,0.756570,0.000000,1.000000,Barely acceptable,
ECG_CH2,1643,2022-12-12 22:24:58,2022-12-12 22:25:13,15,3000,200,0.515248,0.491459,0.000000,1.000000,Excellent,
ECG_CH2,1644,2022-12-12 22:25:13,2022-12-12 22:25:28,15,3000,200,0.783067,0.914993,0.000000,1.000000,Barely acceptable,
ECG_CH2,1645,2022-12-12 22:25:28,2022-12-12 22:25:43,15,3000,200,0.738375,0.803641,0.000000,1.000000,Barely acceptable,
ECG_CH2,1646,2022-12-12 22:25:43,2022-12-12 22:25:58,15,3000,200,0.673375,0.747229,0.000000,1.000000,Barely acceptable,
ECG_CH2,1647,2022-12-12 22:25:58,2022-12-12 22:26:13,15,3000,200,0.643000,0.704355,0.000000,1.000000,Barely acceptable,
ECG_CH2,1648,2022-12-12 22:26:13,2022-12-12 22:26:28,15,3000,200,0.602051,0.650705,0.000000,1.000000,Excellent,
ECG_CH2,1649,2022-12-12 22:26:28,2022-12-12 22:26:43,15,3000,200,0.639232,0.713733,0.000000,1.000000,Excellent,
ECG_CH2,1650,2022-12-12 22:26:43,2022-12-12 22:26:58,15,3000,200,0.633985,0.805820,0.000000,1.000000,Excellent,
ECG_CH2,1651,2022-12-12 22:26:58,2022-12-12 22:27:13,15,3000,200,0.375793,0.301293,0.000000,1.000000,Excellent,
ECG_CH2,1652,2022-12-12 22:27:13,2022-12-12 22:27:28,15,3000,200,0.562374,0.603091,0.000000,1.000000,Excellent,
ECG_CH2,1653,2022-12-12 22:27:28,2022-12-12 22:27:43,15,3000,200,0.608319,0.754686,0.000000,1.000000,Excellent,
ECG_CH2,1654,2022-12-12 22:27:43,2022-12-12 22:27:58,15,3000,200,0.539713,0.589105,0.000000,1.000000,Excellent,
ECG_CH2,1655,2022-12-12 22:27:58,2022-12-12 22:28:13,15,3000,200,0.490151,0.517114,0.000000,1.000000,Excellent,
ECG_CH2,1656,2022-12-12 22:28:13,2022-12-12 22:28:28,15,3000,200,0.673520,0.665016,0.000000,1.000000,Barely acceptable,
ECG_CH2,1657,2022-12-12 22:28:28,2022-12-12 22:28:43,15,3000,200,0.697943,0.815666,0.000000,1.000000,Excellent,
ECG_CH2,1658,2022-12-12 22:28:43,2022-12-12 22:28:58,15,3000,200,0.586246,0.686497,0.000000,1.000000,Excellent,
ECG_CH2,1659,2022-12-12 22:28:58,2022-12-12 22:29:13,15,3000,200,0.637095,0.719117,0.000000,1.000000,Excellent,
ECG_CH2,1660,2022-12-12 22:29:13,2022-12-12 22:29:28,15,3000,200,0.616513,0.669325,0.000000,1.000000,Barely acceptable,
ECG_CH2,1661,2022-12-12 22:29:28,2022-12-12 22:29:43,15,3000,200,0.575433,0.548495,0.000000,1.000000,Barely acceptable,
ECG_CH2,1662,2022-12-12 22:29:43,2022-12-12 22:29:58,15,3000,200,0.535844,0.682977,0.000000,1.000000,Excellent,
ECG_CH2,1663,2022-12-12 22:29:58,2022-12-12 22:30:13,15,3000,200,0.698863,0.840504,0.000000,1.000000,Barely acceptable,
ECG_CH2,1664,2022-12-12 22:30:13,2022-12-12 22:30:28,15,3000,200,0.697457,0.769875,0.000000,1.000000,Barely acceptable,
ECG_CH2,1665,2022-12-12 22:30:28,2022-12-12 22:30:43,15,3000,200,0.589979,0.656579,0.000000,1.000000,Barely acceptable,
ECG_CH2,1666,2022-12-12 22:30:43,2022-12-12 22:30:58,15,3000,200,0.793536,0.810107,0.000000,1.000000,Barely acceptable,
ECG_CH2,1667,2022-12-12 22:30:58,2022-12-12 22:31:13,15,3000,200,0.490216,0.612162,0.000000,1.000000,Excellent,
ECG_CH2,1668,2022-12-12 22:31:13,2022-12-12 22:31:28,15,3000,200,0.680785,0.832478,0.000000,1.000000,Excellent,
ECG_CH2,1669,2022-12-12 22:31:28,2022-12-12 22:31:43,15,3000,200,0.505770,0.517842,0.000000,1.000000,Excellent,
ECG_CH2,1670,2022-12-12 22:31:43,2022-12-12 22:31:58,15,3000,200,0.539647,0.547698,0.000000,1.000000,Excellent,
ECG_CH2,1671,2022-12-12 22:31:58,2022-12-12 22:32:13,15,3000,200,0.599624,0.695901,0.000000,1.000000,Excellent,
ECG_CH2,1672,2022-12-12 22:32:13,2022-12-12 22:32:28,15,3000,200,0.566054,0.707940,0.000000,1.000000,Excellent,
ECG_CH2,1673,2022-12-12 22:32:28,2022-12-12 22:32:43,15,3000,200,0.706570,0.858726,0.000000,1.000000,Barely acceptable,
ECG_CH2,1674,2022-12-12 22:32:43,2022-12-12 22:32:58,15,3000,200,0.717728,0.778318,0.000000,1.000000,Barely acceptable,
ECG_CH2,1675,2022-12-12 22:32:58,2022-12-12 22:33:13,15,3000,200,0.647602,0.810772,0.000000,1.000000,Barely acceptable,
ECG_CH2,1676,2022-12-12 22:33:13,2022-12-12 22:33:28,15,3000,200,0.570807,0.720940,0.000000,1.000000,Barely acceptable,
ECG_CH2,1677,2022-12-12 22:33:28,2022-12-12 22:33:43,15,3000,200,0.536633,0.581525,0.000000,1.000000,Barely acceptable,
ECG_CH2,1678,2022-12-12 22:33:43,2022-12-12 22:33:58,15,3000,200,0.669401,0.743214,0.000000,1.000000,Barely acceptable,
ECG_CH2,1679,2022-12-12 22:33:58,2022-12-12 22:34:13,15,3000,200,0.713540,0.858784,0.000000,1.000000,Barely acceptable,
ECG_CH2,1680,2022-12-12 22:34:13,2022-12-12 22:34:28,15,3000,200,0.586565,0.594382,0.000000,1.000000,Excellent,
ECG_CH2,1681,2022-12-12 22:34:28,2022-12-12 22:34:43,15,3000,200,0.701331,0.819771,0.000000,1.000000,Barely acceptable,
ECG_CH2,1682,2022-12-12 22:34:43,2022-12-12 22:34:58,15,3000,200,0.597633,0.709597,0.000000,1.000000,Barely acceptable,
ECG_CH2,1683,2022-12-12 22:34:58,2022-12-12 22:35:13,15,3000,200,0.748702,0.857211,0.000000,1.000000,Barely acceptable,
ECG_CH2,1684,2022-12-12 22:35:13,2022-12-12 22:35:28,15,3000,200,0.508376,0.552627,0.000000,1.000000,Barely acceptable,
ECG_CH2,1685,2022-12-12 22:35:28,2022-12-12 22:35:43,15,3000,200,0.536623,0.546567,0.000000,1.000000,Barely acceptable,
ECG_CH2,1686,2022-12-12 22:35:43,2022-12-12 22:35:58,15,3000,200,0.732308,0.787392,0.000000,1.000000,Barely acceptable,
ECG_CH2,1687,2022-12-12 22:35:58,2022-12-12 22:36:13,15,3000,200,0.545335,0.561674,0.000000,1.000000,Excellent,
ECG_CH2,1688,2022-12-12 22:36:13,2022-12-12 22:36:28,15,3000,200,0.715829,0.937093,0.000000,1.000000,Excellent,
ECG_CH2,1689,2022-12-12 22:36:28,2022-12-12 22:36:43,15,3000,200,0.590530,0.653710,0.000000,1.000000,Excellent,
ECG_CH2,1690,2022-12-12 22:36:43,2022-12-12 22:36:58,15,3000,200,0.671099,0.710187,0.000000,1.000000,Barely acceptable,
ECG_CH2,1691,2022-12-12 22:36:58,2022-12-12 22:37:13,15,3000,200,0.725723,0.810238,0.000000,1.000000,Excellent,
ECG_CH2,1692,2022-12-12 22:37:13,2022-12-12 22:37:28,15,3000,200,0.628444,0.668909,0.000000,1.000000,Barely acceptable,
ECG_CH2,1693,2022-12-12 22:37:28,2022-12-12 22:37:43,15,3000,200,0.685170,0.747764,0.000000,1.000000,Barely acceptable,
ECG_CH2,1694,2022-12-12 22:37:43,2022-12-12 22:37:58,15,3000,200,0.577568,0.643727,0.000000,1.000000,Barely acceptable,
ECG_CH2,1695,2022-12-12 22:37:58,2022-12-12 22:38:13,15,3000,200,0.750457,0.809875,0.000000,1.000000,Barely acceptable,
ECG_CH2,1696,2022-12-12 22:38:13,2022-12-12 22:38:28,15,3000,200,0.555669,0.604748,0.000000,1.000000,Excellent,
ECG_CH2,1697,2022-12-12 22:38:28,2022-12-12 22:38:43,15,3000,200,0.576148,0.599052,0.000000,1.000000,Excellent,
ECG_CH2,1698,2022-12-12 22:38:43,2022-12-12 22:38:58,15,3000,200,0.495545,0.472693,0.000000,1.000000,Excellent,
ECG_CH2,1699,2022-12-12 22:38:58,2022-12-12 22:39:13,15,3000,200,0.655314,0.691802,0.000000,1.000000,Barely acceptable,
ECG_CH2,1700,2022-12-12 22:39:13,2022-12-12 22:39:28,15,3000,200,0.727761,0.778488,0.000000,1.000000,Barely acceptable,
ECG_CH2,1701,2022-12-12 22:39:28,2022-12-12 22:39:43,15,3000,200,0.670955,0.826807,0.000000,1.000000,Barely acceptable,
ECG_CH2,1702,2022-12-12 22:39:43,2022-12-12 22:39:58,15,3000,200,0.719893,0.847038,0.000000,1.000000,Barely acceptable,
ECG_CH2,1703,2022-12-12 22:39:58,2022-12-12 22:40:13,15,3000,200,0.645776,0.874114,0.000000,1.000000,Barely acceptable,
ECG_CH2,1704,2022-12-12 22:40:13,2022-12-12 22:40:28,15,3000,200,0.788948,0.852778,0.000000,1.000000,Barely acceptable,
ECG_CH2,1705,2022-12-12 22:40:28,2022-12-12 22:40:43,15,3000,200,0.695881,0.755727,0.000000,1.000000,Barely acceptable,
ECG_CH2,1706,2022-12-12 22:40:43,2022-12-12 22:40:58,15,3000,200,0.651157,0.775167,0.000000,1.000000,Excellent,
ECG_CH2,1707,2022-12-12 22:40:58,2022-12-12 22:41:13,15,3000,200,0.729425,0.824066,0.000000,1.000000,Barely acceptable,
ECG_CH2,1708,2022-12-12 22:41:13,2022-12-12 22:41:28,15,3000,200,0.779262,0.845926,0.000000,1.000000,Barely acceptable,
ECG_CH2,1709,2022-12-12 22:41:28,2022-12-12 22:41:43,15,3000,200,0.633986,0.750581,0.000000,1.000000,Barely acceptable,
ECG_CH2,1710,2022-12-12 22:41:43,2022-12-12 22:41:58,15,3000,200,0.608301,0.647738,0.000000,1.000000,Barely acceptable,
ECG_CH2,1711,2022-12-12 22:41:58,2022-12-12 22:42:13,15,3000,200,0.729118,0.841373,0.000000,1.000000,Barely acceptable,
ECG_CH2,1712,2022-12-12 22:42:13,2022-12-12 22:42:28,15,3000,200,0.473047,0.492657,0.000000,1.000000,Barely acceptable,
ECG_CH2,1713,2022-12-12 22:42:28,2022-12-12 22:42:43,15,3000,200,0.677366,0.730207,0.000000,1.000000,Barely acceptable,
ECG_CH2,1714,2022-12-12 22:42:43,2022-12-12 22:42:58,15,3000,200,0.619152,0.725468,0.000000,1.000000,Barely acceptable,
ECG_CH2,1715,2022-12-12 22:42:58,2022-12-12 22:43:13,15,3000,200,0.635146,0.783682,0.000000,1.000000,Barely acceptable,
ECG_CH2,1716,2022-12-12 22:43:13,2022-12-12 22:43:28,15,3000,200,0.588132,0.652405,0.000000,1.000000,Barely acceptable,
ECG_CH2,1717,2022-12-12 22:43:28,2022-12-12 22:43:43,15,3000,200,0.482690,0.444631,0.000000,1.000000,Barely acceptable,
ECG_CH2,1718,2022-12-12 22:43:43,2022-12-12 22:43:58,15,3000,200,0.610951,0.653565,0.000000,1.000000,Barely acceptable,
ECG_CH2,1719,2022-12-12 22:43:58,2022-12-12 22:44:13,15,3000,200,0.717044,0.769987,0.000000,1.000000,Barely acceptable,
ECG_CH2,1720,2022-12-12 22:44:13,2022-12-12 22:44:28,15,3000,200,0.494875,0.407245,0.000000,1.000000,Barely acceptable,
ECG_CH2,1721,2022-12-12 22:44:28,2022-12-12 22:44:43,15,3000,200,0.633190,0.634534,0.000000,1.000000,Barely acceptable,
ECG_CH2,1722,2022-12-12 22:44:43,2022-12-12 22:44:58,15,3000,200,0.637468,0.817196,0.000000,1.000000,Barely acceptable,
ECG_CH2,1723,2022-12-12 22:44:58,2022-12-12 22:45:13,15,3000,200,0.714298,0.802281,0.000000,1.000000,Barely acceptable,
ECG_CH2,1724,2022-12-12 22:45:13,2022-12-12 22:45:28,15,3000,200,0.643215,0.737228,0.000000,1.000000,Barely acceptable,
ECG_CH2,1725,2022-12-12 22:45:28,2022-12-12 22:45:43,15,3000,200,0.775875,0.803853,0.000000,1.000000,Barely acceptable,
ECG_CH2,1726,2022-12-12 22:45:43,2022-12-12 22:45:58,15,3000,200,0.663818,0.674906,0.000000,1.000000,Barely acceptable,
ECG_CH2,1727,2022-12-12 22:45:58,2022-12-12 22:46:13,15,3000,200,0.593502,0.687811,0.000000,1.000000,Barely acceptable,
ECG_CH2,1728,2022-12-12 22:46:13,2022-12-12 22:46:28,15,3000,200,0.709153,0.789292,0.000000,1.000000,Barely acceptable,
ECG_CH2,1729,2022-12-12 22:46:28,2022-12-12 22:46:43,15,3000,200,0.763722,0.767770,0.000000,1.000000,Barely acceptable,
ECG_CH2,1730,2022-12-12 22:46:43,2022-12-12 22:46:58,15,3000,200,0.766147,0.854975,0.000000,1.000000,Barely acceptable,
ECG_CH2,1731,2022-12-12 22:46:58,2022-12-12 22:47:13,15,3000,200,0.565230,0.525083,0.000000,1.000000,Barely acceptable,
ECG_CH2,1732,2022-12-12 22:47:13,2022-12-12 22:47:28,15,3000,200,0.800307,0.913935,0.000000,1.000000,Excellent,
ECG_CH2,1733,2022-12-12 22:47:28,2022-12-12 22:47:43,15,3000,200,0.587068,0.654077,0.000000,1.000000,Excellent,
ECG_CH2,1734,2022-12-12 22:47:43,2022-12-12 22:47:58,15,3000,200,0.531304,0.581125,0.000000,1.000000,Excellent,
ECG_CH2,1735,2022-12-12 22:47:58,2022-12-12 22:48:13,15,3000,200,0.721291,0.800554,0.000000,1.000000,Barely acceptable,
ECG_CH2,1736,2022-12-12 22:48:13,2022-12-12 22:48:28,15,3000,200,0.640726,0.699629,0.000000,1.000000,Excellent,
ECG_CH2,1737,2022-12-12 22:48:28,2022-12-12 22:48:43,15,3000,200,0.702574,0.818729,0.000000,1.000000,Excellent,
ECG_CH2,1738,2022-12-12 22:48:43,2022-12-12 22:48:58,15,3000,200,0.668009,0.849503,0.000000,1.000000,Excellent,
ECG_CH2,1739,2022-12-12 22:48:58,2022-12-12 22:49:13,15,3000,200,0.601849,0.683552,0.000000,1.000000,Excellent,
ECG_CH2,1740,2022-12-12 22:49:13,2022-12-12 22:49:28,15,3000,200,0.734518,0.889813,0.000000,1.000000,Barely acceptable,
ECG_CH2,1741,2022-12-12 22:49:28,2022-12-12 22:49:43,15,3000,200,0.774825,0.896921,0.000000,1.000000,Unacceptable,
ECG_CH2,1742,2022-12-12 22:49:43,2022-12-12 22:49:58,15,3000,200,0.639110,0.744844,0.000000,1.000000,Excellent,
ECG_CH2,1743,2022-12-12 22:49:58,2022-12-12 22:50:13,15,3000,200,0.694869,0.799666,0.000000,1.000000,Excellent,
ECG_CH2,1744,2022-12-12 22:50:13,2022-12-12 22:50:28,15,3000,200,0.725588,0.849312,0.000000,1.000000,Barely acceptable,
ECG_CH2,1745,2022-12-12 22:50:28,2022-12-12 22:50:43,15,3000,200,0.877152,0.936336,0.000000,1.000000,Barely acceptable,
ECG_CH2,1746,2022-12-12 22:50:43,2022-12-12 22:50:58,15,3000,200,0.486263,0.358148,0.000000,1.000000,Excellent,
ECG_CH2,1747,2022-12-12 22:50:58,2022-12-12 22:51:13,15,3000,200,0.737403,0.802650,0.000000,1.000000,Excellent,
ECG_CH2,1748,2022-12-12 22:51:13,2022-12-12 22:51:28,15,3000,200,0.558335,0.576380,0.000000,1.000000,Excellent,
ECG_CH2,1749,2022-12-12 22:51:28,2022-12-12 22:51:43,15,3000,200,0.647916,0.737868,0.000000,1.000000,Barely acceptable,
ECG_CH2,1750,2022-12-12 22:51:43,2022-12-12 22:51:58,15,3000,200,0.784401,0.905249,0.000000,1.000000,Barely acceptable,
ECG_CH2,1751,2022-12-12 22:51:58,2022-12-12 22:52:13,15,3000,200,0.683673,0.739794,0.000000,1.000000,Excellent,
ECG_CH2,1752,2022-12-12 22:52:13,2022-12-12 22:52:28,15,3000,200,0.566574,0.574954,0.000000,1.000000,Excellent,
ECG_CH2,1753,2022-12-12 22:52:28,2022-12-12 22:52:43,15,3000,200,0.626655,0.641059,0.000000,1.000000,Barely acceptable,
ECG_CH2,1754,2022-12-12 22:52:43,2022-12-12 22:52:58,15,3000,200,0.627316,0.695623,0.000000,1.000000,Excellent,
ECG_CH2,1755,2022-12-12 22:52:58,2022-12-12 22:53:13,15,3000,200,0.692585,0.759722,0.000000,1.000000,Barely acceptable,
ECG_CH2,1756,2022-12-12 22:53:13,2022-12-12 22:53:28,15,3000,200,0.592601,0.624686,0.000000,1.000000,Barely acceptable,
ECG_CH2,1757,2022-12-12 22:53:28,2022-12-12 22:53:43,15,3000,200,0.594138,0.570091,0.000000,1.000000,Barely acceptable,
ECG_CH2,1758,2022-12-12 22:53:43,2022-12-12 22:53:58,15,3000,200,0.690797,0.786589,0.000000,1.000000,Barely acceptable,
ECG_CH2,1759,2022-12-12 22:53:58,2022-12-12 22:54:13,15,3000,200,0.699779,0.801264,0.000000,1.000000,Unacceptable,
ECG_CH2,1760,2022-12-12 22:54:13,2022-12-12 22:54:28,15,3000,200,0.627759,0.700097,0.000000,1.000000,Barely acceptable,
ECG_CH2,1761,2022-12-12 22:54:28,2022-12-12 22:54:43,15,3000,200,0.600054,0.618539,0.000000,1.000000,Barely acceptable,
ECG_CH2,1762,2022-12-12 22:54:43,2022-12-12 22:54:58,15,3000,200,0.746285,0.880388,0.000000,1.000000,Barely acceptable,
ECG_CH2,1763,2022-12-12 22:54:58,2022-12-12 22:55:13,15,3000,200,0.557918,0.626007,0.000000,1.000000,Excellent,
ECG_CH2,1764,2022-12-12 22:55:13,2022-12-12 22:55:28,15,3000,200,0.654734,0.773653,0.000000,1.000000,Excellent,
ECG_CH2,1765,2022-12-12 22:55:28,2022-12-12 22:55:43,15,3000,200,0.603235,0.789356,0.000000,1.000000,Barely acceptable,
ECG_CH2,1766,2022-12-12 22:55:43,2022-12-12 22:55:58,15,3000,200,0.749478,0.830330,0.000000,1.000000,Barely acceptable,
ECG_CH2,1767,2022-12-12 22:55:58,2022-12-12 22:56:13,15,3000,200,0.509643,0.499904,0.000000,1.000000,Barely acceptable,
ECG_CH2,1768,2022-12-12 22:56:13,2022-12-12 22:56:28,15,3000,200,0.571812,0.675760,0.000000,1.000000,Barely acceptable,
ECG_CH2,1769,2022-12-12 22:56:28,2022-12-12 22:56:43,15,3000,200,0.576665,0.611691,0.000000,1.000000,Barely acceptable,
ECG_CH2,1770,2022-12-12 22:56:43,2022-12-12 22:56:58,15,3000,200,0.651187,0.735155,0.000000,1.000000,Barely acceptable,
ECG_CH2,1771,2022-12-12 22:56:58,2022-12-12 22:57:13,15,3000,200,0.603076,0.728036,0.000000,1.000000,Barely acceptable,
ECG_CH2,1772,2022-12-12 22:57:13,2022-12-12 22:57:28,15,3000,200,0.637242,0.720376,0.000000,1.000000,Excellent,
ECG_CH2,1773,2022-12-12 22:57:28,2022-12-12 22:57:43,15,3000,200,0.497174,0.478873,0.000000,1.000000,Excellent,
ECG_CH2,1774,2022-12-12 22:57:43,2022-12-12 22:57:58,15,3000,200,0.726286,0.840163,0.000000,1.000000,Barely acceptable,
ECG_CH2,1775,2022-12-12 22:57:58,2022-12-12 22:58:13,15,3000,200,0.658316,0.798302,0.000000,1.000000,Barely acceptable,
ECG_CH2,1776,2022-12-12 22:58:13,2022-12-12 22:58:28,15,3000,200,0.703962,0.803611,0.000000,1.000000,Unacceptable,
ECG_CH2,1777,2022-12-12 22:58:28,2022-12-12 22:58:43,15,3000,200,0.745683,0.847700,0.000000,1.000000,Unacceptable,
ECG_CH2,1778,2022-12-12 22:58:43,2022-12-12 22:58:58,15,3000,200,0.683365,0.837069,0.000000,1.000000,Barely acceptable,
ECG_CH2,1779,2022-12-12 22:58:58,2022-12-12 22:59:13,15,3000,200,0.465301,0.342353,0.000000,1.000000,Unacceptable,
ECG_CH2,1780,2022-12-12 22:59:13,2022-12-12 22:59:28,15,3000,200,0.536175,0.574152,0.000000,1.000000,Barely acceptable,
ECG_CH2,1781,2022-12-12 22:59:28,2022-12-12 22:59:43,15,3000,200,0.733768,0.878501,0.000000,1.000000,Barely acceptable,
ECG_CH2,1782,2022-12-12 22:59:43,2022-12-12 22:59:58,15,3000,200,0.682488,0.823232,0.000000,1.000000,Unacceptable,
ECG_CH2,1783,2022-12-12 22:59:58,2022-12-12 23:00:13,15,3000,200,0.700985,0.805114,0.000000,1.000000,Unacceptable,
ECG_CH2,1784,2022-12-12 23:00:13,2022-12-12 23:00:28,15,3000,200,0.729296,0.820358,0.000000,1.000000,Unacceptable,
ECG_CH2,1785,2022-12-12 23:00:28,2022-12-12 23:00:43,15,3000,200,0.686799,0.848505,0.000000,1.000000,Barely acceptable,
ECG_CH2,1786,2022-12-12 23:00:43,2022-12-12 23:00:58,15,3000,200,0.648578,0.687838,0.000000,1.000000,Unacceptable,
ECG_CH2,1787,2022-12-12 23:00:58,2022-12-12 23:01:13,15,3000,200,0.730654,0.826297,0.000000,1.000000,Unacceptable,
ECG_CH2,1788,2022-12-12 23:01:13,2022-12-12 23:01:28,15,3000,200,0.585724,0.604116,0.000000,1.000000,Unacceptable,
ECG_CH2,1789,2022-12-12 23:01:28,2022-12-12 23:01:43,15,3000,200,0.695831,0.736134,0.000000,1.000000,Unacceptable,
ECG_CH2,1790,2022-12-12 23:01:43,2022-12-12 23:01:58,15,3000,200,0.648252,0.712295,0.000000,1.000000,Barely acceptable,
ECG_CH2,1791,2022-12-12 23:01:58,2022-12-12 23:02:13,15,3000,200,0.677732,0.901879,0.000000,1.000000,Barely acceptable,
ECG_CH2,1792,2022-12-12 23:02:13,2022-12-12 23:02:28,15,3000,200,0.658101,0.632239,0.000000,1.000000,Barely acceptable,
ECG_CH2,1793,2022-12-12 23:02:28,2022-12-12 23:02:43,15,3000,200,0.566217,0.617572,0.000000,1.000000,Excellent,
ECG_CH2,1794,2022-12-12 23:02:43,2022-12-12 23:02:58,15,3000,200,0.697762,0.849267,0.000000,1.000000,Barely acceptable,
ECG_CH2,1795,2022-12-12 23:02:58,2022-12-12 23:03:13,15,3000,200,0.751135,0.859338,0.000000,1.000000,Barely acceptable,
ECG_CH2,1796,2022-12-12 23:03:13,2022-12-12 23:03:28,15,3000,200,0.744315,0.801408,0.000000,1.000000,Unacceptable,
ECG_CH2,1797,2022-12-12 23:03:28,2022-12-12 23:03:43,15,3000,200,0.521571,0.550204,0.000000,1.000000,Barely acceptable,
ECG_CH2,1798,2022-12-12 23:03:43,2022-12-12 23:03:58,15,3000,200,0.648578,0.730119,0.000000,1.000000,Barely acceptable,
ECG_CH2,1799,2022-12-12 23:03:58,2022-12-12 23:04:13,15,3000,200,0.604740,0.689644,0.000000,1.000000,Unacceptable,
ECG_CH2,1800,2022-12-12 23:04:13,2022-12-12 23:04:28,15,3000,200,0.779074,0.874306,0.000000,1.000000,Barely acceptable,
ECG_CH2,1801,2022-12-12 23:04:28,2022-12-12 23:04:43,15,3000,200,0.550619,0.454782,0.000000,1.000000,Barely acceptable,
ECG_CH2,1802,2022-12-12 23:04:43,2022-12-12 23:04:58,15,3000,200,0.606296,0.771991,0.000000,1.000000,Unacceptable,
ECG_CH2,1803,2022-12-12 23:04:58,2022-12-12 23:05:13,15,3000,200,0.667941,0.795185,0.000000,1.000000,Unacceptable,
ECG_CH2,1804,2022-12-12 23:05:13,2022-12-12 23:05:28,15,3000,200,0.538603,0.465441,0.000000,1.000000,Barely acceptable,
ECG_CH2,1805,2022-12-12 23:05:28,2022-12-12 23:05:43,15,3000,200,0.679663,0.688920,0.000000,1.000000,Unacceptable,
ECG_CH2,1806,2022-12-12 23:05:43,2022-12-12 23:05:58,15,3000,200,0.603624,0.678204,0.000000,1.000000,Unacceptable,
ECG_CH2,1807,2022-12-12 23:05:58,2022-12-12 23:06:13,15,3000,200,0.696536,0.752810,0.000000,1.000000,Barely acceptable,
ECG_CH2,1808,2022-12-12 23:06:13,2022-12-12 23:06:28,15,3000,200,0.687178,0.735861,0.000000,1.000000,Barely acceptable,
ECG_CH2,1809,2022-12-12 23:06:28,2022-12-12 23:06:43,15,3000,200,0.511017,0.456489,0.000000,1.000000,Barely acceptable,
ECG_CH2,1810,2022-12-12 23:06:43,2022-12-12 23:06:58,15,3000,200,0.801838,0.866984,0.000000,1.000000,Barely acceptable,
ECG_CH2,1811,2022-12-12 23:06:58,2022-12-12 23:07:13,15,3000,200,0.601137,0.654238,0.000000,1.000000,Barely acceptable,
ECG_CH2,1812,2022-12-12 23:07:13,2022-12-12 23:07:28,15,3000,200,0.581735,0.641164,0.000000,1.000000,Barely acceptable,
ECG_CH2,1813,2022-12-12 23:07:28,2022-12-12 23:07:43,15,3000,200,0.652620,0.843258,0.000000,1.000000,Barely acceptable,
ECG_CH2,1814,2022-12-12 23:07:43,2022-12-12 23:07:58,15,3000,200,0.657284,0.690638,0.000000,1.000000,Barely acceptable,
ECG_CH2,1815,2022-12-12 23:07:58,2022-12-12 23:08:13,15,3000,200,0.693477,0.697524,0.000000,1.000000,Barely acceptable,
ECG_CH2,1816,2022-12-12 23:08:13,2022-12-12 23:08:28,15,3000,200,0.664689,0.688634,0.000000,1.000000,Barely acceptable,
ECG_CH2,1817,2022-12-12 23:08:28,2022-12-12 23:08:43,15,3000,200,0.509238,0.427126,0.000000,1.000000,Barely acceptable,
ECG_CH2,1818,2022-12-12 23:08:43,2022-12-12 23:08:58,15,3000,200,0.698456,0.686570,0.000000,1.000000,Barely acceptable,
ECG_CH2,1819,2022-12-12 23:08:58,2022-12-12 23:09:13,15,3000,200,0.742231,0.859549,0.000000,1.000000,Barely acceptable,
ECG_CH2,1820,2022-12-12 23:09:13,2022-12-12 23:09:28,15,3000,200,0.650194,0.681012,0.000000,1.000000,Barely acceptable,
ECG_CH2,1821,2022-12-12 23:09:28,2022-12-12 23:09:43,15,3000,200,0.504353,0.468251,0.000000,1.000000,Barely acceptable,
ECG_CH2,1822,2022-12-12 23:09:43,2022-12-12 23:09:58,15,3000,200,0.694360,0.732191,0.000000,1.000000,Barely acceptable,
ECG_CH2,1823,2022-12-12 23:09:58,2022-12-12 23:10:13,15,3000,200,0.670089,0.754851,0.000000,1.000000,Barely acceptable,
ECG_CH2,1824,2022-12-12 23:10:13,2022-12-12 23:10:28,15,3000,200,0.507551,0.490119,0.000000,1.000000,Excellent,
ECG_CH2,1825,2022-12-12 23:10:28,2022-12-12 23:10:43,15,3000,200,0.613575,0.722982,0.000000,1.000000,Barely acceptable,
ECG_CH2,1826,2022-12-12 23:10:43,2022-12-12 23:10:58,15,3000,200,0.676785,0.747228,0.000000,1.000000,Barely acceptable,
ECG_CH2,1827,2022-12-12 23:10:58,2022-12-12 23:11:13,15,3000,200,0.627372,0.774639,0.000000,1.000000,Barely acceptable,
ECG_CH2,1828,2022-12-12 23:11:13,2022-12-12 23:11:28,15,3000,200,0.586990,0.580909,0.000000,1.000000,Excellent,
ECG_CH2,1829,2022-12-12 23:11:28,2022-12-12 23:11:43,15,3000,200,0.592579,0.632554,0.000000,1.000000,Excellent,
ECG_CH2,1830,2022-12-12 23:11:43,2022-12-12 23:11:58,15,3000,200,0.586343,0.644201,0.000000,1.000000,Barely acceptable,
ECG_CH2,1831,2022-12-12 23:11:58,2022-12-12 23:12:13,15,3000,200,0.629344,0.610488,0.000000,1.000000,Barely acceptable,
ECG_CH2,1832,2022-12-12 23:12:13,2022-12-12 23:12:28,15,3000,200,0.575070,0.616643,0.000000,1.000000,Barely acceptable,
ECG_CH2,1833,2022-12-12 23:12:28,2022-12-12 23:12:43,15,3000,200,0.602662,0.766677,0.000000,1.000000,Barely acceptable,
ECG_CH2,1834,2022-12-12 23:12:43,2022-12-12 23:12:58,15,3000,200,0.467795,0.445212,0.000000,1.000000,Barely acceptable,
ECG_CH2,1835,2022-12-12 23:12:58,2022-12-12 23:13:13,15,3000,200,0.465884,0.473351,0.000000,1.000000,Barely acceptable,
ECG_CH2,1836,2022-12-12 23:13:13,2022-12-12 23:13:28,15,3000,200,0.735286,0.830372,0.000000,1.000000,Unacceptable,
ECG_CH2,1837,2022-12-12 23:13:28,2022-12-12 23:13:43,15,3000,200,0.514972,0.654230,0.000000,1.000000,Unacceptable,
ECG_CH2,1838,2022-12-12 23:13:43,2022-12-12 23:13:58,15,3000,200,0.720546,0.823981,0.000000,1.000000,Barely acceptable,
ECG_CH2,1839,2022-12-12 23:13:58,2022-12-12 23:14:13,15,3000,200,0.634344,0.614258,0.000000,1.000000,Barely acceptable,
ECG_CH2,1840,2022-12-12 23:14:13,2022-12-12 23:14:28,15,3000,200,0.623056,0.621077,0.000000,1.000000,Barely acceptable,
ECG_CH2,1841,2022-12-12 23:14:28,2022-12-12 23:14:43,15,3000,200,0.746505,0.853954,0.000000,1.000000,Unacceptable,
ECG_CH2,1842,2022-12-12 23:14:43,2022-12-12 23:14:58,15,3000,200,0.505927,0.424375,0.000000,1.000000,Barely acceptable,
ECG_CH2,1843,2022-12-12 23:14:58,2022-12-12 23:15:13,15,3000,200,0.563325,0.524343,0.000000,1.000000,Barely acceptable,
ECG_CH2,1844,2022-12-12 23:15:13,2022-12-12 23:15:28,15,3000,200,0.625982,0.670923,0.000000,1.000000,Barely acceptable,
ECG_CH2,1845,2022-12-12 23:15:28,2022-12-12 23:15:43,15,3000,200,0.684037,0.806361,0.000000,1.000000,Barely acceptable,
ECG_CH2,1846,2022-12-12 23:15:43,2022-12-12 23:15:58,15,3000,200,0.592931,0.581291,0.000000,1.000000,Excellent,
ECG_CH2,1847,2022-12-12 23:15:58,2022-12-12 23:16:13,15,3000,200,0.658818,0.795962,0.000000,1.000000,Excellent,
ECG_CH2,1848,2022-12-12 23:16:13,2022-12-12 23:16:28,15,3000,200,0.648845,0.712212,0.000000,1.000000,Excellent,
ECG_CH2,1849,2022-12-12 23:16:28,2022-12-12 23:16:43,15,3000,200,0.778939,0.902543,0.000000,1.000000,Barely acceptable,
ECG_CH2,1850,2022-12-12 23:16:43,2022-12-12 23:16:58,15,3000,200,0.786490,0.858839,0.000000,1.000000,Barely acceptable,
ECG_CH2,1851,2022-12-12 23:16:58,2022-12-12 23:17:13,15,3000,200,0.644859,0.679311,0.000000,1.000000,Excellent,
ECG_CH2,1852,2022-12-12 23:17:13,2022-12-12 23:17:28,15,3000,200,0.802733,0.866549,0.000000,1.000000,Barely acceptable,
ECG_CH2,1853,2022-12-12 23:17:28,2022-12-12 23:17:43,15,3000,200,0.588803,0.640998,0.000000,1.000000,Excellent,
ECG_CH2,1854,2022-12-12 23:17:43,2022-12-12 23:17:58,15,3000,200,0.703308,0.822276,0.000000,1.000000,Excellent,
ECG_CH2,1855,2022-12-12 23:17:58,2022-12-12 23:18:13,15,3000,200,0.753860,0.883134,0.000000,1.000000,Barely acceptable,
ECG_CH2,1856,2022-12-12 23:18:13,2022-12-12 23:18:28,15,3000,200,0.669246,0.791154,0.000000,1.000000,Barely acceptable,
ECG_CH2,1857,2022-12-12 23:18:28,2022-12-12 23:18:43,15,3000,200,0.623829,0.602975,0.000000,1.000000,Barely acceptable,
ECG_CH2,1858,2022-12-12 23:18:43,2022-12-12 23:18:58,15,3000,200,0.817443,0.921758,0.000000,1.000000,Barely acceptable,
ECG_CH2,1859,2022-12-12 23:18:58,2022-12-12 23:19:13,15,3000,200,0.756951,0.888136,0.000000,1.000000,Excellent,
ECG_CH2,1860,2022-12-12 23:19:13,2022-12-12 23:19:28,15,3000,200,0.549647,0.685123,0.000000,1.000000,Excellent,
ECG_CH2,1861,2022-12-12 23:19:28,2022-12-12 23:19:43,15,3000,200,0.684459,0.777280,0.000000,1.000000,Excellent,
ECG_CH2,1862,2022-12-12 23:19:43,2022-12-12 23:19:58,15,3000,200,0.681707,0.766709,0.000000,1.000000,Excellent,
ECG_CH2,1863,2022-12-12 23:19:58,2022-12-12 23:20:13,15,3000,200,0.708144,0.800584,0.000000,1.000000,Excellent,
ECG_CH2,1864,2022-12-12 23:20:13,2022-12-12 23:20:28,15,3000,200,0.736067,0.809538,0.000000,1.000000,Barely acceptable,
ECG_CH2,1865,2022-12-12 23:20:28,2022-12-12 23:20:43,15,3000,200,0.596614,0.610196,0.000000,1.000000,Excellent,
ECG_CH2,1866,2022-12-12 23:20:43,2022-12-12 23:20:58,15,3000,200,0.738032,0.813998,0.000000,1.000000,Barely acceptable,
ECG_CH2,1867,2022-12-12 23:20:58,2022-12-12 23:21:13,15,3000,200,0.741505,0.764812,0.000000,1.000000,Barely acceptable,
ECG_CH2,1868,2022-12-12 23:21:13,2022-12-12 23:21:28,15,3000,200,0.595694,0.684322,0.000000,1.000000,Barely acceptable,
ECG_CH2,1869,2022-12-12 23:21:28,2022-12-12 23:21:43,15,3000,200,0.738033,0.837456,0.000000,1.000000,Barely acceptable,
ECG_CH2,1870,2022-12-12 23:21:43,2022-12-12 23:21:58,15,3000,200,0.675784,0.764027,0.000000,1.000000,Excellent,
ECG_CH2,1871,2022-12-12 23:21:58,2022-12-12 23:22:13,15,3000,200,0.528310,0.527295,0.000000,1.000000,Excellent,
ECG_CH2,1872,2022-12-12 23:22:13,2022-12-12 23:22:28,15,3000,200,0.613223,0.690263,0.000000,1.000000,Excellent,
ECG_CH2,1873,2022-12-12 23:22:28,2022-12-12 23:22:43,15,3000,200,0.674159,0.727984,0.000000,1.000000,Excellent,
ECG_CH2,1874,2022-12-12 23:22:43,2022-12-12 23:22:58,15,3000,200,0.740967,0.847835,0.000000,1.000000,Barely acceptable,
ECG_CH2,1875,2022-12-12 23:22:58,2022-12-12 23:23:13,15,3000,200,0.656552,0.687943,0.000000,1.000000,Barely acceptable,
ECG_CH2,1876,2022-12-12 23:23:13,2022-12-12 23:23:28,15,3000,200,0.614145,0.638271,0.000000,1.000000,Barely acceptable,
ECG_CH2,1877,2022-12-12 23:23:28,2022-12-12 23:23:43,15,3000,200,0.654172,0.749229,0.000000,1.000000,Excellent,
ECG_CH2,1878,2022-12-12 23:23:43,2022-12-12 23:23:58,15,3000,200,0.811898,0.866361,0.000000,1.000000,Barely acceptable,
ECG_CH2,1879,2022-12-12 23:23:58,2022-12-12 23:24:13,15,3000,200,0.741466,0.769545,0.000000,1.000000,Barely acceptable,
ECG_CH2,1880,2022-12-12 23:24:13,2022-12-12 23:24:28,15,3000,200,0.496267,0.528569,0.000000,1.000000,Excellent,
ECG_CH2,1881,2022-12-12 23:24:28,2022-12-12 23:24:43,15,3000,200,0.553176,0.675430,0.000000,1.000000,Excellent,
ECG_CH2,1882,2022-12-12 23:24:43,2022-12-12 23:24:58,15,3000,200,0.723162,0.800233,0.000000,1.000000,Barely acceptable,
ECG_CH2,1883,2022-12-12 23:24:58,2022-12-12 23:25:13,15,3000,200,0.703941,0.843964,0.000000,1.000000,Excellent,
ECG_CH2,1884,2022-12-12 23:25:13,2022-12-12 23:25:28,15,3000,200,0.602661,0.644648,0.000000,1.000000,Barely acceptable,
ECG_CH2,1885,2022-12-12 23:25:28,2022-12-12 23:25:43,15,3000,200,0.704803,0.784772,0.000000,1.000000,Barely acceptable,
ECG_CH2,1886,2022-12-12 23:25:43,2022-12-12 23:25:58,15,3000,200,0.786351,0.859200,0.000000,1.000000,Excellent,
ECG_CH2,1887,2022-12-12 23:25:58,2022-12-12 23:26:13,15,3000,200,0.603193,0.697962,0.000000,1.000000,Barely acceptable,
ECG_CH2,1888,2022-12-12 23:26:13,2022-12-12 23:26:28,15,3000,200,0.703786,0.762993,0.000000,1.000000,Barely acceptable,
ECG_CH2,1889,2022-12-12 23:26:28,2022-12-12 23:26:43,15,3000,200,0.740969,0.803183,0.000000,1.000000,Excellent,
ECG_CH2,1890,2022-12-12 23:26:43,2022-12-12 23:26:58,15,3000,200,0.501856,0.507262,0.000000,1.000000,Excellent,
ECG_CH2,1891,2022-12-12 23:26:58,2022-12-12 23:27:13,15,3000,200,0.492802,0.393049,0.000000,1.000000,Excellent,
ECG_CH2,1892,2022-12-12 23:27:13,2022-12-12 23:27:28,15,3000,200,0.573251,0.593367,0.000000,1.000000,Excellent,
ECG_CH2,1893,2022-12-12 23:27:28,2022-12-12 23:27:43,15,3000,200,0.721480,0.751484,0.000000,1.000000,Excellent,
ECG_CH2,1894,2022-12-12 23:27:43,2022-12-12 23:27:58,15,3000,200,0.786424,0.899990,0.000000,1.000000,Excellent,
ECG_CH2,1895,2022-12-12 23:27:58,2022-12-12 23:28:13,15,3000,200,0.544998,0.576102,0.000000,1.000000,Excellent,
ECG_CH2,1896,2022-12-12 23:28:13,2022-12-12 23:28:28,15,3000,200,0.625438,0.603081,0.000000,1.000000,Excellent,
ECG_CH2,1897,2022-12-12 23:28:28,2022-12-12 23:28:43,15,3000,200,0.573681,0.669229,0.000000,1.000000,Excellent,
ECG_CH2,1898,2022-12-12 23:28:43,2022-12-12 23:28:58,15,3000,200,0.629607,0.714719,0.000000,1.000000,Excellent,
ECG_CH2,1899,2022-12-12 23:28:58,2022-12-12 23:29:13,15,3000,200,0.566811,0.536526,0.000000,1.000000,Excellent,
ECG_CH2,1900,2022-12-12 23:29:13,2022-12-12 23:29:28,15,3000,200,0.752002,0.846511,0.000000,1.000000,Excellent,
ECG_CH2,1901,2022-12-12 23:29:28,2022-12-12 23:29:43,15,3000,200,0.699584,0.735866,0.000000,1.000000,Excellent,
ECG_CH2,1902,2022-12-12 23:29:43,2022-12-12 23:29:58,15,3000,200,0.769851,0.825437,0.000000,1.000000,Excellent,
ECG_CH2,1903,2022-12-12 23:29:58,2022-12-12 23:30:13,15,3000,200,0.547367,0.532504,0.000000,1.000000,Excellent,
ECG_CH2,1904,2022-12-12 23:30:13,2022-12-12 23:30:28,15,3000,200,0.459349,0.437220,0.000000,1.000000,Excellent,
ECG_CH2,1905,2022-12-12 23:30:28,2022-12-12 23:30:43,15,3000,200,0.536427,0.524023,0.000000,1.000000,Excellent,
ECG_CH2,1906,2022-12-12 23:30:43,2022-12-12 23:30:58,15,3000,200,0.704271,0.777726,0.000000,1.000000,Excellent,
ECG_CH2,1907,2022-12-12 23:30:58,2022-12-12 23:31:13,15,3000,200,0.785866,0.906057,0.000000,1.000000,Excellent,
ECG_CH2,1908,2022-12-12 23:31:13,2022-12-12 23:31:28,15,3000,200,0.445609,0.397738,0.000000,1.000000,Excellent,
ECG_CH2,1909,2022-12-12 23:31:28,2022-12-12 23:31:43,15,3000,200,0.629974,0.751240,0.000000,1.000000,Excellent,
ECG_CH2,1910,2022-12-12 23:31:43,2022-12-12 23:31:58,15,3000,200,0.651839,0.838858,0.000000,1.000000,Excellent,
ECG_CH2,1911,2022-12-12 23:31:58,2022-12-12 23:32:13,15,3000,200,0.531841,0.602662,0.000000,1.000000,Excellent,
ECG_CH2,1912,2022-12-12 23:32:13,2022-12-12 23:32:28,15,3000,200,0.660955,0.736254,0.000000,1.000000,Excellent,
ECG_CH2,1913,2022-12-12 23:32:28,2022-12-12 23:32:43,15,3000,200,0.721463,0.850485,0.000000,1.000000,Excellent,
ECG_CH2,1914,2022-12-12 23:32:43,2022-12-12 23:32:58,15,3000,200,0.627767,0.634218,0.000000,1.000000,Excellent,
ECG_CH2,1915,2022-12-12 23:32:58,2022-12-12 23:33:13,15,3000,200,0.636430,0.801179,0.000000,1.000000,Excellent,
ECG_CH2,1916,2022-12-12 23:33:13,2022-12-12 23:33:28,15,3000,200,0.717807,0.746215,0.000000,1.000000,Excellent,
ECG_CH2,1917,2022-12-12 23:33:28,2022-12-12 23:33:43,15,3000,200,0.630666,0.650109,0.000000,1.000000,Excellent,
ECG_CH2,1918,2022-12-12 23:33:43,2022-12-12 23:33:58,15,3000,200,0.608699,0.691645,0.000000,1.000000,Excellent,
ECG_CH2,1919,2022-12-12 23:33:58,2022-12-12 23:34:13,15,3000,200,0.684327,0.778061,0.000000,1.000000,Excellent,
ECG_CH2,1920,2022-12-12 23:34:13,2022-12-12 23:34:28,15,3000,200,0.590969,0.556091,0.000000,1.000000,Excellent,
ECG_CH2,1921,2022-12-12 23:34:28,2022-12-12 23:34:43,15,3000,200,0.554541,0.613438,0.000000,1.000000,Excellent,
ECG_CH2,1922,2022-12-12 23:34:43,2022-12-12 23:34:58,15,3000,200,0.603387,0.625840,0.000000,1.000000,Excellent,
ECG_CH2,1923,2022-12-12 23:34:58,2022-12-12 23:35:13,15,3000,200,0.677845,0.728754,0.000000,1.000000,Excellent,
ECG_CH2,1924,2022-12-12 23:35:13,2022-12-12 23:35:28,15,3000,200,0.565464,0.737249,0.000000,1.000000,Excellent,
ECG_CH2,1925,2022-12-12 23:35:28,2022-12-12 23:35:43,15,3000,200,0.603689,0.624102,0.000000,1.000000,Excellent,
ECG_CH2,1926,2022-12-12 23:35:43,2022-12-12 23:35:58,15,3000,200,0.811605,0.919913,0.000000,1.000000,Excellent,
ECG_CH2,1927,2022-12-12 23:35:58,2022-12-12 23:36:13,15,3000,200,0.704179,0.686586,0.000000,1.000000,Barely acceptable,
ECG_CH2,1928,2022-12-12 23:36:13,2022-12-12 23:36:28,15,3000,200,0.613217,0.619906,0.000000,1.000000,Barely acceptable,
ECG_CH2,1929,2022-12-12 23:36:28,2022-12-12 23:36:43,15,3000,200,0.636981,0.773694,0.000000,1.000000,Barely acceptable,
ECG_CH2,1930,2022-12-12 23:36:43,2022-12-12 23:36:58,15,3000,200,0.688369,0.748728,0.000000,1.000000,Excellent,
ECG_CH2,1931,2022-12-12 23:36:58,2022-12-12 23:37:13,15,3000,200,0.767683,0.808377,0.000000,1.000000,Excellent,
ECG_CH2,1932,2022-12-12 23:37:13,2022-12-12 23:37:28,15,3000,200,0.736168,0.866730,0.000000,1.000000,Excellent,
ECG_CH2,1933,2022-12-12 23:37:28,2022-12-12 23:37:43,15,3000,200,0.595102,0.800634,0.000000,1.000000,Excellent,
ECG_CH2,1934,2022-12-12 23:37:43,2022-12-12 23:37:58,15,3000,200,0.554618,0.462824,0.000000,1.000000,Excellent,
ECG_CH2,1935,2022-12-12 23:37:58,2022-12-12 23:38:13,15,3000,200,0.599937,0.578105,0.000000,1.000000,Excellent,
ECG_CH2,1936,2022-12-12 23:38:13,2022-12-12 23:38:28,15,3000,200,0.680352,0.711954,0.000000,1.000000,Excellent,
ECG_CH2,1937,2022-12-12 23:38:28,2022-12-12 23:38:43,15,3000,200,0.732410,0.825837,0.000000,1.000000,Excellent,
ECG_CH2,1938,2022-12-12 23:38:43,2022-12-12 23:38:58,15,3000,200,0.716031,0.736492,0.000000,1.000000,Excellent,
ECG_CH2,1939,2022-12-12 23:38:58,2022-12-12 23:39:13,15,3000,200,0.735197,0.795277,0.000000,1.000000,Excellent,
ECG_CH2,1940,2022-12-12 23:39:13,2022-12-12 23:39:28,15,3000,200,0.797551,0.887249,0.000000,1.000000,Excellent,
ECG_CH2,1941,2022-12-12 23:39:28,2022-12-12 23:39:43,15,3000,200,0.812754,0.923954,0.000000,1.000000,Excellent,
ECG_CH2,1942,2022-12-12 23:39:43,2022-12-12 23:39:58,15,3000,200,0.799130,0.930956,0.000000,1.000000,Excellent,
ECG_CH2,1943,2022-12-12 23:39:58,2022-12-12 23:40:13,15,3000,200,0.747553,0.819405,0.000000,1.000000,Excellent,
ECG_CH2,1944,2022-12-12 23:40:13,2022-12-12 23:40:28,15,3000,200,0.747290,0.859342,0.000000,1.000000,Barely acceptable,
ECG_CH2,1945,2022-12-12 23:40:28,2022-12-12 23:40:43,15,3000,200,0.558301,0.665676,0.000000,1.000000,Excellent,
ECG_CH2,1946,2022-12-12 23:40:43,2022-12-12 23:40:58,15,3000,200,0.643329,0.679900,0.000000,1.000000,Excellent,
ECG_CH2,1947,2022-12-12 23:40:58,2022-12-12 23:41:13,15,3000,200,0.616913,0.690090,0.000000,1.000000,Excellent,
ECG_CH2,1948,2022-12-12 23:41:13,2022-12-12 23:41:28,15,3000,200,0.707236,0.741477,0.000000,1.000000,Excellent,
ECG_CH2,1949,2022-12-12 23:41:28,2022-12-12 23:41:43,15,3000,200,0.530980,0.594275,0.000000,1.000000,Excellent,
ECG_CH2,1950,2022-12-12 23:41:43,2022-12-12 23:41:58,15,3000,200,0.555673,0.621585,0.000000,1.000000,Excellent,
ECG_CH2,1951,2022-12-12 23:41:58,2022-12-12 23:42:13,15,3000,200,0.524685,0.493853,0.000000,1.000000,Excellent,
ECG_CH2,1952,2022-12-12 23:42:13,2022-12-12 23:42:28,15,3000,200,0.698304,0.796260,0.000000,1.000000,Barely acceptable,
ECG_CH2,1953,2022-12-12 23:42:28,2022-12-12 23:42:43,15,3000,200,0.596376,0.737124,0.000000,1.000000,Barely acceptable,
ECG_CH2,1954,2022-12-12 23:42:43,2022-12-12 23:42:58,15,3000,200,0.726091,0.919713,0.000000,1.000000,Barely acceptable,
ECG_CH2,1955,2022-12-12 23:42:58,2022-12-12 23:43:13,15,3000,200,0.672857,0.664210,0.000000,1.000000,Excellent,
ECG_CH2,1956,2022-12-12 23:43:13,2022-12-12 23:43:28,15,3000,200,0.565684,0.593506,0.000000,1.000000,Excellent,
ECG_CH2,1957,2022-12-12 23:43:28,2022-12-12 23:43:43,15,3000,200,0.785600,0.868552,0.000000,1.000000,Excellent,
ECG_CH2,1958,2022-12-12 23:43:43,2022-12-12 23:43:58,15,3000,200,0.675180,0.786291,0.000000,1.000000,Excellent,
ECG_CH2,1959,2022-12-12 23:43:58,2022-12-12 23:44:13,15,3000,200,0.773008,0.866078,0.000000,1.000000,Excellent,
ECG_CH2,1960,2022-12-12 23:44:13,2022-12-12 23:44:28,15,3000,200,0.507440,0.540558,0.000000,1.000000,Excellent,
ECG_CH2,1961,2022-12-12 23:44:28,2022-12-12 23:44:43,15,3000,200,0.641993,0.719599,0.000000,1.000000,Excellent,
ECG_CH2,1962,2022-12-12 23:44:43,2022-12-12 23:44:58,15,3000,200,0.710596,0.854874,0.000000,1.000000,Excellent,
ECG_CH2,1963,2022-12-12 23:44:58,2022-12-12 23:45:13,15,3000,200,0.628425,0.630917,0.000000,1.000000,Excellent,
ECG_CH2,1964,2022-12-12 23:45:13,2022-12-12 23:45:28,15,3000,200,0.581597,0.548802,0.000000,1.000000,Excellent,
ECG_CH2,1965,2022-12-12 23:45:28,2022-12-12 23:45:43,15,3000,200,0.704785,0.744409,0.000000,1.000000,Excellent,
ECG_CH2,1966,2022-12-12 23:45:43,2022-12-12 23:45:58,15,3000,200,0.700897,0.777294,0.000000,1.000000,Barely acceptable,
ECG_CH2,1967,2022-12-12 23:45:58,2022-12-12 23:46:13,15,3000,200,0.810983,0.921889,0.000000,1.000000,Barely acceptable,
ECG_CH2,1968,2022-12-12 23:46:13,2022-12-12 23:46:28,15,3000,200,0.600221,0.698281,0.000000,1.000000,Excellent,
ECG_CH2,1969,2022-12-12 23:46:28,2022-12-12 23:46:43,15,3000,200,0.725429,0.824462,0.000000,1.000000,Excellent,
ECG_CH2,1970,2022-12-12 23:46:43,2022-12-12 23:46:58,15,3000,200,0.625577,0.777199,0.000000,1.000000,Excellent,
ECG_CH2,1971,2022-12-12 23:46:58,2022-12-12 23:47:13,15,3000,200,0.579874,0.585951,0.000000,1.000000,Excellent,
ECG_CH2,1972,2022-12-12 23:47:13,2022-12-12 23:47:28,15,3000,200,0.730774,0.841619,0.000000,1.000000,Excellent,
ECG_CH2,1973,2022-12-12 23:47:28,2022-12-12 23:47:43,15,3000,200,0.735865,0.907834,0.000000,1.000000,Excellent,
ECG_CH2,1974,2022-12-12 23:47:43,2022-12-12 23:47:58,15,3000,200,0.551348,0.558962,0.000000,1.000000,Excellent,
ECG_CH2,1975,2022-12-12 23:47:58,2022-12-12 23:48:13,15,3000,200,0.350191,0.272178,0.000000,1.000000,Excellent,
ECG_CH2,1976,2022-12-12 23:48:13,2022-12-12 23:48:28,15,3000,200,0.635741,0.725253,0.000000,1.000000,Excellent,
ECG_CH2,1977,2022-12-12 23:48:28,2022-12-12 23:48:43,15,3000,200,0.507499,0.435734,0.000000,1.000000,Excellent,
ECG_CH2,1978,2022-12-12 23:48:43,2022-12-12 23:48:58,15,3000,200,0.685433,0.742101,0.000000,1.000000,Barely acceptable,
ECG_CH2,1979,2022-12-12 23:48:58,2022-12-12 23:49:13,15,3000,200,0.656934,0.676642,0.000000,1.000000,Barely acceptable,
ECG_CH2,1980,2022-12-12 23:49:13,2022-12-12 23:49:28,15,3000,200,0.755587,0.820563,0.000000,1.000000,Barely acceptable,
ECG_CH2,1981,2022-12-12 23:49:28,2022-12-12 23:49:43,15,3000,200,0.781054,0.835097,0.000000,1.000000,Excellent,
ECG_CH2,1982,2022-12-12 23:49:43,2022-12-12 23:49:58,15,3000,200,0.766377,0.823435,0.000000,1.000000,Barely acceptable,
ECG_CH2,1983,2022-12-12 23:49:58,2022-12-12 23:50:13,15,3000,200,0.614893,0.666119,0.000000,1.000000,Barely acceptable,
ECG_CH2,1984,2022-12-12 23:50:13,2022-12-12 23:50:28,15,3000,200,0.699782,0.721336,0.000000,1.000000,Barely acceptable,
ECG_CH2,1985,2022-12-12 23:50:28,2022-12-12 23:50:43,15,3000,200,0.656051,0.725434,0.000000,1.000000,Barely acceptable,
ECG_CH2,1986,2022-12-12 23:50:43,2022-12-12 23:50:58,15,3000,200,0.707668,0.780630,0.000000,1.000000,Barely acceptable,
ECG_CH2,1987,2022-12-12 23:50:58,2022-12-12 23:51:13,15,3000,200,0.677507,0.769740,0.000000,1.000000,Excellent,
ECG_CH2,1988,2022-12-12 23:51:13,2022-12-12 23:51:28,15,3000,200,0.578472,0.605465,0.000000,1.000000,Excellent,
ECG_CH2,1989,2022-12-12 23:51:28,2022-12-12 23:51:43,15,3000,200,0.719207,0.797788,0.000000,1.000000,Excellent,
ECG_CH2,1990,2022-12-12 23:51:43,2022-12-12 23:51:58,15,3000,200,0.524373,0.577412,0.000000,1.000000,Excellent,
ECG_CH2,1991,2022-12-12 23:51:58,2022-12-12 23:52:13,15,3000,200,0.793601,0.955061,0.000000,1.000000,Barely acceptable,
ECG_CH2,1992,2022-12-12 23:52:13,2022-12-12 23:52:28,15,3000,200,0.764780,0.820345,0.000000,1.000000,Excellent,
ECG_CH2,1993,2022-12-12 23:52:28,2022-12-12 23:52:43,15,3000,200,0.622852,0.748914,0.000000,1.000000,Excellent,
ECG_CH2,1994,2022-12-12 23:52:43,2022-12-12 23:52:58,15,3000,200,0.739613,0.770756,0.000000,1.000000,Excellent,
ECG_CH2,1995,2022-12-12 23:52:58,2022-12-12 23:53:13,15,3000,200,0.723263,0.737723,0.000000,1.000000,Excellent,
ECG_CH2,1996,2022-12-12 23:53:13,2022-12-12 23:53:28,15,3000,200,0.713143,0.766816,0.000000,1.000000,Barely acceptable,
ECG_CH2,1997,2022-12-12 23:53:28,2022-12-12 23:53:43,15,3000,200,0.609280,0.678203,0.000000,1.000000,Excellent,
ECG_CH2,1998,2022-12-12 23:53:43,2022-12-12 23:53:58,15,3000,200,0.814760,0.921478,0.000000,1.000000,Excellent,
ECG_CH2,1999,2022-12-12 23:53:58,2022-12-12 23:54:13,15,3000,200,0.573406,0.611915,0.000000,1.000000,Excellent,
ECG_CH2,2000,2022-12-12 23:54:13,2022-12-12 23:54:28,15,3000,200,0.623482,0.618514,0.000000,1.000000,Barely acceptable,
ECG_CH2,2001,2022-12-12 23:54:28,2022-12-12 23:54:43,15,3000,200,0.674527,0.693521,0.000000,1.000000,Excellent,
ECG_CH2,2002,2022-12-12 23:54:43,2022-12-12 23:54:58,15,3000,200,0.698171,0.808674,0.000000,1.000000,Excellent,
ECG_CH2,2003,2022-12-12 23:54:58,2022-12-12 23:55:13,15,3000,200,0.659635,0.726997,0.000000,1.000000,Excellent,
ECG_CH2,2004,2022-12-12 23:55:13,2022-12-12 23:55:28,15,3000,200,0.527435,0.508053,0.000000,1.000000,Excellent,
ECG_CH2,2005,2022-12-12 23:55:28,2022-12-12 23:55:43,15,3000,200,0.563026,0.667326,0.000000,1.000000,Barely acceptable,
ECG_CH2,2006,2022-12-12 23:55:43,2022-12-12 23:55:58,15,3000,200,0.699921,0.765893,0.000000,1.000000,Barely acceptable,
ECG_CH2,2007,2022-12-12 23:55:58,2022-12-12 23:56:13,15,3000,200,0.694092,0.769099,0.000000,1.000000,Barely acceptable,
ECG_CH2,2008,2022-12-12 23:56:13,2022-12-12 23:56:28,15,3000,200,0.722774,0.823521,0.000000,1.000000,Barely acceptable,
ECG_CH2,2009,2022-12-12 23:56:28,2022-12-12 23:56:43,15,3000,200,0.873768,0.944750,0.000000,1.000000,Barely acceptable,
ECG_CH2,2010,2022-12-12 23:56:43,2022-12-12 23:56:58,15,3000,200,0.704456,0.817017,0.000000,1.000000,Barely acceptable,
ECG_CH2,2011,2022-12-12 23:56:58,2022-12-12 23:57:13,15,3000,200,0.735799,0.866578,0.000000,1.000000,Excellent,
ECG_CH2,2012,2022-12-12 23:57:13,2022-12-12 23:57:28,15,3000,200,0.601933,0.643469,0.000000,1.000000,Excellent,
ECG_CH2,2013,2022-12-12 23:57:28,2022-12-12 23:57:43,15,3000,200,0.494535,0.472654,0.000000,1.000000,Excellent,
ECG_CH2,2014,2022-12-12 23:57:43,2022-12-12 23:57:58,15,3000,200,0.498547,0.451145,0.000000,1.000000,Excellent,
ECG_CH2,2015,2022-12-12 23:57:58,2022-12-12 23:58:13,15,3000,200,0.769896,0.866282,0.000000,1.000000,Barely acceptable,
ECG_CH2,2016,2022-12-12 23:58:13,2022-12-12 23:58:28,15,3000,200,0.583421,0.608815,0.000000,1.000000,Barely acceptable,
ECG_CH2,2017,2022-12-12 23:58:28,2022-12-12 23:58:43,15,3000,200,0.834286,0.935378,0.000000,1.000000,Excellent,
ECG_CH2,2018,2022-12-12 23:58:43,2022-12-12 23:58:58,15,3000,200,0.833031,0.950672,0.000000,1.000000,Excellent,
ECG_CH2,2019,2022-12-12 23:58:58,2022-12-12 23:59:13,15,3000,200,0.770742,0.842134,0.000000,1.000000,Excellent,
ECG_CH2,2020,2022-12-12 23:59:13,2022-12-12 23:59:28,15,3000,200,0.586970,0.630801,0.000000,1.000000,Excellent,
ECG_CH2,2021,2022-12-12 23:59:28,2022-12-12 23:59:43,15,3000,200,0.480160,0.508765,0.000000,1.000000,Excellent,
ECG_CH2,2022,2022-12-12 23:59:43,2022-12-12 23:59:58,15,3000,200,0.801905,0.858509,0.000000,1.000000,Excellent,
ECG_CH2,2023,2022-12-12 23:59:58,2022-12-13 00:00:13,15,3000,200,0.648780,0.754665,0.000000,1.000000,Barely acceptable,
ECG_CH2,2024,2022-12-13 00:00:13,2022-12-13 00:00:28,15,3000,200,0.637827,0.749569,0.000000,1.000000,Excellent,
ECG_CH2,2025,2022-12-13 00:00:28,2022-12-13 00:00:43,15,3000,200,0.673030,0.714582,0.000000,1.000000,Excellent,
ECG_CH2,2026,2022-12-13 00:00:43,2022-12-13 00:00:58,15,3000,200,0.656755,0.587786,0.000000,1.000000,Excellent,
ECG_CH2,2027,2022-12-13 00:00:58,2022-12-13 00:01:13,15,3000,200,0.715421,0.687588,0.000000,1.000000,Barely acceptable,
ECG_CH2,2028,2022-12-13 00:01:13,2022-12-13 00:01:28,15,3000,200,0.519129,0.538704,0.000000,1.000000,Excellent,
ECG_CH2,2029,2022-12-13 00:01:28,2022-12-13 00:01:43,15,3000,200,0.540768,0.489386,0.000000,1.000000,Excellent,
ECG_CH2,2030,2022-12-13 00:01:43,2022-12-13 00:01:58,15,3000,200,0.656248,0.718563,0.000000,1.000000,Excellent,
ECG_CH2,2031,2022-12-13 00:01:58,2022-12-13 00:02:13,15,3000,200,0.531706,0.660250,0.000000,1.000000,Excellent,
ECG_CH2,2032,2022-12-13 00:02:13,2022-12-13 00:02:28,15,3000,200,0.647904,0.771396,0.000000,1.000000,Barely acceptable,
ECG_CH2,2033,2022-12-13 00:02:28,2022-12-13 00:02:43,15,3000,200,0.754313,0.944937,0.000000,1.000000,Barely acceptable,
ECG_CH2,2034,2022-12-13 00:02:43,2022-12-13 00:02:58,15,3000,200,0.726822,0.791947,0.000000,1.000000,Excellent,
ECG_CH2,2035,2022-12-13 00:02:58,2022-12-13 00:03:13,15,3000,200,0.618767,0.776742,0.000000,1.000000,Barely acceptable,
ECG_CH2,2036,2022-12-13 00:03:13,2022-12-13 00:03:28,15,3000,200,0.760597,0.820759,0.000000,1.000000,Barely acceptable,
ECG_CH2,2037,2022-12-13 00:03:28,2022-12-13 00:03:43,15,3000,200,0.869998,0.938852,0.000000,1.000000,Barely acceptable,
ECG_CH2,2038,2022-12-13 00:03:43,2022-12-13 00:03:58,15,3000,200,0.791360,0.873173,0.000000,1.000000,Barely acceptable,
ECG_CH2,2039,2022-12-13 00:03:58,2022-12-13 00:04:13,15,3000,200,0.565075,0.696307,0.000000,1.000000,Barely acceptable,
ECG_CH2,2040,2022-12-13 00:04:13,2022-12-13 00:04:28,15,3000,200,0.511726,0.669695,0.000000,1.000000,Excellent,
ECG_CH2,2041,2022-12-13 00:04:28,2022-12-13 00:04:43,15,3000,200,0.617280,0.788669,0.000000,1.000000,Excellent,
ECG_CH2,2042,2022-12-13 00:04:43,2022-12-13 00:04:58,15,3000,200,0.680445,0.880463,0.000000,1.000000,Excellent,
ECG_CH2,2043,2022-12-13 00:04:58,2022-12-13 00:05:13,15,3000,200,0.630212,0.696346,0.000000,1.000000,Barely acceptable,
ECG_CH2,2044,2022-12-13 00:05:13,2022-12-13 00:05:28,15,3000,200,0.672272,0.820642,0.000000,1.000000,Excellent,
ECG_CH2,2045,2022-12-13 00:05:28,2022-12-13 00:05:43,15,3000,200,0.674202,0.804144,0.000000,1.000000,Barely acceptable,
ECG_CH2,2046,2022-12-13 00:05:43,2022-12-13 00:05:58,15,3000,200,0.736084,0.803456,0.000000,1.000000,Barely acceptable,
ECG_CH2,2047,2022-12-13 00:05:58,2022-12-13 00:06:13,15,3000,200,0.618905,0.912557,0.000000,1.000000,Barely acceptable,
ECG_CH2,2048,2022-12-13 00:06:13,2022-12-13 00:06:28,15,3000,200,0.599518,0.567474,0.000000,1.000000,Barely acceptable,
ECG_CH2,2049,2022-12-13 00:06:28,2022-12-13 00:06:43,15,3000,200,0.630495,0.709569,0.000000,1.000000,Excellent,
ECG_CH2,2050,2022-12-13 00:06:43,2022-12-13 00:06:58,15,3000,200,0.583369,0.748575,0.000000,1.000000,Barely acceptable,
ECG_CH2,2051,2022-12-13 00:06:58,2022-12-13 00:07:13,15,3000,200,0.751229,0.853161,0.000000,1.000000,Excellent,
ECG_CH2,2052,2022-12-13 00:07:13,2022-12-13 00:07:28,15,3000,200,0.814043,0.913058,0.000000,1.000000,Barely acceptable,
ECG_CH2,2053,2022-12-13 00:07:28,2022-12-13 00:07:43,15,3000,200,0.791229,0.860094,0.000000,1.000000,Barely acceptable,
ECG_CH2,2054,2022-12-13 00:07:43,2022-12-13 00:07:58,15,3000,200,0.805618,0.954060,0.000000,1.000000,Barely acceptable,
ECG_CH2,2055,2022-12-13 00:07:58,2022-12-13 00:08:13,15,3000,200,0.774072,0.888393,0.000000,1.000000,Barely acceptable,
ECG_CH2,2056,2022-12-13 00:08:13,2022-12-13 00:08:28,15,3000,200,0.738325,0.841364,0.000000,1.000000,Excellent,
ECG_CH2,2057,2022-12-13 00:08:28,2022-12-13 00:08:43,15,3000,200,0.595613,0.738633,0.000000,1.000000,Barely acceptable,
ECG_CH2,2058,2022-12-13 00:08:43,2022-12-13 00:08:58,15,3000,200,0.689058,0.733441,0.000000,1.000000,Barely acceptable,
ECG_CH2,2059,2022-12-13 00:08:58,2022-12-13 00:09:13,15,3000,200,0.504027,0.433034,0.000000,1.000000,Barely acceptable,
ECG_CH2,2060,2022-12-13 00:09:13,2022-12-13 00:09:28,15,3000,200,0.440333,0.462871,0.000000,1.000000,Barely acceptable,
ECG_CH2,2061,2022-12-13 00:09:28,2022-12-13 00:09:43,15,3000,200,0.785646,0.862273,0.000000,1.000000,Barely acceptable,
ECG_CH2,2062,2022-12-13 00:09:43,2022-12-13 00:09:58,15,3000,200,0.618382,0.663285,0.000000,1.000000,Excellent,
ECG_CH2,2063,2022-12-13 00:09:58,2022-12-13 00:10:13,15,3000,200,0.672439,0.690409,0.000000,1.000000,Excellent,
ECG_CH2,2064,2022-12-13 00:10:13,2022-12-13 00:10:28,15,3000,200,0.689295,0.805658,0.000000,1.000000,Barely acceptable,
ECG_CH2,2065,2022-12-13 00:10:28,2022-12-13 00:10:43,15,3000,200,0.607903,0.709165,0.000000,1.000000,Barely acceptable,
ECG_CH2,2066,2022-12-13 00:10:43,2022-12-13 00:10:58,15,3000,200,0.808596,0.898444,0.000000,1.000000,Barely acceptable,
ECG_CH2,2067,2022-12-13 00:10:58,2022-12-13 00:11:13,15,3000,200,0.769081,0.856347,0.000000,1.000000,Barely acceptable,
ECG_CH2,2068,2022-12-13 00:11:13,2022-12-13 00:11:28,15,3000,200,0.668501,0.703227,0.000000,1.000000,Barely acceptable,
ECG_CH2,2069,2022-12-13 00:11:28,2022-12-13 00:11:43,15,3000,200,0.607222,0.628954,0.000000,1.000000,Barely acceptable,
ECG_CH2,2070,2022-12-13 00:11:43,2022-12-13 00:11:58,15,3000,200,0.728700,0.709178,0.000000,1.000000,Barely acceptable,
ECG_CH2,2071,2022-12-13 00:11:58,2022-12-13 00:12:13,15,3000,200,0.619365,0.720520,0.000000,1.000000,Barely acceptable,
ECG_CH2,2072,2022-12-13 00:12:13,2022-12-13 00:12:28,15,3000,200,0.649639,0.745625,0.000000,1.000000,Barely acceptable,
ECG_CH2,2073,2022-12-13 00:12:28,2022-12-13 00:12:43,15,3000,200,0.770042,0.830971,0.000000,1.000000,Barely acceptable,
ECG_CH2,2074,2022-12-13 00:12:43,2022-12-13 00:12:58,15,3000,200,0.646029,0.800274,0.000000,1.000000,Barely acceptable,
ECG_CH2,2075,2022-12-13 00:12:58,2022-12-13 00:13:13,15,3000,200,0.588446,0.680667,0.000000,1.000000,Excellent,
ECG_CH2,2076,2022-12-13 00:13:13,2022-12-13 00:13:28,15,3000,200,0.705482,0.806477,0.000000,1.000000,Excellent,
ECG_CH2,2077,2022-12-13 00:13:28,2022-12-13 00:13:43,15,3000,200,0.739097,0.847604,0.000000,1.000000,Barely acceptable,
ECG_CH2,2078,2022-12-13 00:13:43,2022-12-13 00:13:58,15,3000,200,0.616332,0.725742,0.000000,1.000000,Excellent,
ECG_CH2,2079,2022-12-13 00:13:58,2022-12-13 00:14:13,15,3000,200,0.601041,0.736004,0.000000,1.000000,Excellent,
ECG_CH2,2080,2022-12-13 00:14:13,2022-12-13 00:14:28,15,3000,200,0.623488,0.666336,0.000000,1.000000,Excellent,
ECG_CH2,2081,2022-12-13 00:14:28,2022-12-13 00:14:43,15,3000,200,0.384152,0.367157,0.000000,1.000000,Excellent,
ECG_CH2,2082,2022-12-13 00:14:43,2022-12-13 00:14:58,15,3000,200,0.656473,0.716648,0.000000,1.000000,Excellent,
ECG_CH2,2083,2022-12-13 00:14:58,2022-12-13 00:15:13,15,3000,200,0.591797,0.589959,0.000000,1.000000,Barely acceptable,
ECG_CH2,2084,2022-12-13 00:15:13,2022-12-13 00:15:28,15,3000,200,0.741903,0.873186,0.000000,1.000000,Excellent,
ECG_CH2,2085,2022-12-13 00:15:28,2022-12-13 00:15:43,15,3000,200,0.670234,0.747741,0.000000,1.000000,Excellent,
ECG_CH2,2086,2022-12-13 00:15:43,2022-12-13 00:15:58,15,3000,200,0.664483,0.743234,0.000000,1.000000,Excellent,
ECG_CH2,2087,2022-12-13 00:15:58,2022-12-13 00:16:13,15,3000,200,0.631446,0.660086,0.000000,1.000000,Excellent,
ECG_CH2,2088,2022-12-13 00:16:13,2022-12-13 00:16:28,15,3000,200,0.638254,0.684358,0.000000,1.000000,Barely acceptable,
ECG_CH2,2089,2022-12-13 00:16:28,2022-12-13 00:16:43,15,3000,200,0.471685,0.505026,0.000000,1.000000,Excellent,
ECG_CH2,2090,2022-12-13 00:16:43,2022-12-13 00:16:58,15,3000,200,0.469456,0.382153,0.000000,1.000000,Barely acceptable,
ECG_CH2,2091,2022-12-13 00:16:58,2022-12-13 00:17:13,15,3000,200,0.615696,0.706995,0.000000,1.000000,Excellent,
ECG_CH2,2092,2022-12-13 00:17:13,2022-12-13 00:17:28,15,3000,200,0.799207,0.918905,0.000000,1.000000,Barely acceptable,
ECG_CH2,2093,2022-12-13 00:17:28,2022-12-13 00:17:43,15,3000,200,0.550833,0.546611,0.000000,1.000000,Barely acceptable,
ECG_CH2,2094,2022-12-13 00:17:43,2022-12-13 00:17:58,15,3000,200,0.656169,0.808060,0.000000,1.000000,Barely acceptable,
ECG_CH2,2095,2022-12-13 00:17:58,2022-12-13 00:18:13,15,3000,200,0.705626,0.944622,0.000000,1.000000,Barely acceptable,
ECG_CH2,2096,2022-12-13 00:18:13,2022-12-13 00:18:28,15,3000,200,0.651989,0.796772,0.000000,1.000000,Excellent,
ECG_CH2,2097,2022-12-13 00:18:28,2022-12-13 00:18:43,15,3000,200,0.704448,0.781838,0.000000,1.000000,Excellent,
ECG_CH2,2098,2022-12-13 00:18:43,2022-12-13 00:18:58,15,3000,200,0.649714,0.756651,0.000000,1.000000,Barely acceptable,
ECG_CH2,2099,2022-12-13 00:18:58,2022-12-13 00:19:13,15,3000,200,0.595957,0.651702,0.000000,1.000000,Excellent,
ECG_CH2,2100,2022-12-13 00:19:13,2022-12-13 00:19:28,15,3000,200,0.611311,0.675174,0.000000,1.000000,Excellent,
ECG_CH2,2101,2022-12-13 00:19:28,2022-12-13 00:19:43,15,3000,200,0.650405,0.765254,0.000000,1.000000,Excellent,
ECG_CH2,2102,2022-12-13 00:19:43,2022-12-13 00:19:58,15,3000,200,0.528000,0.605844,0.000000,1.000000,Excellent,
ECG_CH2,2103,2022-12-13 00:19:58,2022-12-13 00:20:13,15,3000,200,0.725550,0.812326,0.000000,1.000000,Barely acceptable,
ECG_CH2,2104,2022-12-13 00:20:13,2022-12-13 00:20:28,15,3000,200,0.562149,0.572352,0.000000,1.000000,Barely acceptable,
ECG_CH2,2105,2022-12-13 00:20:28,2022-12-13 00:20:43,15,3000,200,0.783839,0.873268,0.000000,1.000000,Barely acceptable,
ECG_CH2,2106,2022-12-13 00:20:43,2022-12-13 00:20:58,15,3000,200,0.768934,0.851992,0.000000,1.000000,Barely acceptable,
ECG_CH2,2107,2022-12-13 00:20:58,2022-12-13 00:21:13,15,3000,200,0.737987,0.803138,0.000000,1.000000,Barely acceptable,
ECG_CH2,2108,2022-12-13 00:21:13,2022-12-13 00:21:28,15,3000,200,0.638171,0.732240,0.000000,1.000000,Barely acceptable,
ECG_CH2,2109,2022-12-13 00:21:28,2022-12-13 00:21:43,15,3000,200,0.656502,0.742353,0.000000,1.000000,Barely acceptable,
ECG_CH2,2110,2022-12-13 00:21:43,2022-12-13 00:21:58,15,3000,200,0.648219,0.768397,0.000000,1.000000,Barely acceptable,
ECG_CH2,2111,2022-12-13 00:21:58,2022-12-13 00:22:13,15,3000,200,0.762621,0.926543,0.000000,1.000000,Barely acceptable,
ECG_CH2,2112,2022-12-13 00:22:13,2022-12-13 00:22:28,15,3000,200,0.688326,0.814432,0.000000,1.000000,Excellent,
ECG_CH2,2113,2022-12-13 00:22:28,2022-12-13 00:22:43,15,3000,200,0.588482,0.704459,0.000000,1.000000,Excellent,
ECG_CH2,2114,2022-12-13 00:22:43,2022-12-13 00:22:58,15,3000,200,0.687789,0.691089,0.000000,1.000000,Barely acceptable,
ECG_CH2,2115,2022-12-13 00:22:58,2022-12-13 00:23:13,15,3000,200,0.673144,0.741309,0.000000,1.000000,Barely acceptable,
ECG_CH2,2116,2022-12-13 00:23:13,2022-12-13 00:23:28,15,3000,200,0.586392,0.652948,0.000000,1.000000,Barely acceptable,
ECG_CH2,2117,2022-12-13 00:23:28,2022-12-13 00:23:43,15,3000,200,0.548516,0.465719,0.000000,1.000000,Excellent,
ECG_CH2,2118,2022-12-13 00:23:43,2022-12-13 00:23:58,15,3000,200,0.657657,0.644486,0.000000,1.000000,Excellent,
ECG_CH2,2119,2022-12-13 00:23:58,2022-12-13 00:24:13,15,3000,200,0.627465,0.706896,0.000000,1.000000,Excellent,
ECG_CH2,2120,2022-12-13 00:24:13,2022-12-13 00:24:28,15,3000,200,0.707986,0.760192,0.000000,1.000000,Excellent,
ECG_CH2,2121,2022-12-13 00:24:28,2022-12-13 00:24:43,15,3000,200,0.631790,0.818641,0.000000,1.000000,Excellent,
ECG_CH2,2122,2022-12-13 00:24:43,2022-12-13 00:24:58,15,3000,200,0.606765,0.658332,0.000000,1.000000,Excellent,
ECG_CH2,2123,2022-12-13 00:24:58,2022-12-13 00:25:13,15,3000,200,0.712868,0.858923,0.000000,1.000000,Excellent,
ECG_CH2,2124,2022-12-13 00:25:13,2022-12-13 00:25:28,15,3000,200,0.668509,0.718905,0.000000,1.000000,Barely acceptable,
ECG_CH2,2125,2022-12-13 00:25:28,2022-12-13 00:25:43,15,3000,200,0.660820,0.786832,0.000000,1.000000,Excellent,
ECG_CH2,2126,2022-12-13 00:25:43,2022-12-13 00:25:58,15,3000,200,0.502797,0.482533,0.000000,1.000000,Barely acceptable,
ECG_CH2,2127,2022-12-13 00:25:58,2022-12-13 00:26:13,15,3000,200,0.642253,0.588483,0.000000,1.000000,Barely acceptable,
ECG_CH2,2128,2022-12-13 00:26:13,2022-12-13 00:26:28,15,3000,200,0.652165,0.674874,0.000000,1.000000,Barely acceptable,
ECG_CH2,2129,2022-12-13 00:26:28,2022-12-13 00:26:43,15,3000,200,0.638448,0.696829,0.000000,1.000000,Barely acceptable,
ECG_CH2,2130,2022-12-13 00:26:43,2022-12-13 00:26:58,15,3000,200,0.665187,0.748639,0.000000,1.000000,Barely acceptable,
ECG_CH2,2131,2022-12-13 00:26:58,2022-12-13 00:27:13,15,3000,200,0.718779,0.852502,0.000000,1.000000,Barely acceptable,
ECG_CH2,2132,2022-12-13 00:27:13,2022-12-13 00:27:28,15,3000,200,0.591579,0.658972,0.000000,1.000000,Barely acceptable,
ECG_CH2,2133,2022-12-13 00:27:28,2022-12-13 00:27:43,15,3000,200,0.738364,0.791982,0.000000,1.000000,Barely acceptable,
ECG_CH2,2134,2022-12-13 00:27:43,2022-12-13 00:27:58,15,3000,200,0.619750,0.715157,0.000000,1.000000,Barely acceptable,
ECG_CH2,2135,2022-12-13 00:27:58,2022-12-13 00:28:13,15,3000,200,0.658604,0.673112,0.000000,1.000000,Excellent,
ECG_CH2,2136,2022-12-13 00:28:13,2022-12-13 00:28:28,15,3000,200,0.626737,0.767489,0.000000,1.000000,Barely acceptable,
ECG_CH2,2137,2022-12-13 00:28:28,2022-12-13 00:28:43,15,3000,200,0.455553,0.428018,0.000000,1.000000,Excellent,
ECG_CH2,2138,2022-12-13 00:28:43,2022-12-13 00:28:58,15,3000,200,0.562301,0.485786,0.000000,1.000000,Excellent,
ECG_CH2,2139,2022-12-13 00:28:58,2022-12-13 00:29:13,15,3000,200,0.562667,0.592423,0.000000,1.000000,Barely acceptable,
ECG_CH2,2140,2022-12-13 00:29:13,2022-12-13 00:29:28,15,3000,200,0.606934,0.624621,0.000000,1.000000,Barely acceptable,
ECG_CH2,2141,2022-12-13 00:29:28,2022-12-13 00:29:43,15,3000,200,0.571334,0.616276,0.000000,1.000000,Excellent,
ECG_CH2,2142,2022-12-13 00:29:43,2022-12-13 00:29:58,15,3000,200,0.579521,0.637754,0.000000,1.000000,Excellent,
ECG_CH2,2143,2022-12-13 00:29:58,2022-12-13 00:30:13,15,3000,200,0.730003,0.838173,0.000000,1.000000,Barely acceptable,
ECG_CH2,2144,2022-12-13 00:30:13,2022-12-13 00:30:28,15,3000,200,0.553184,0.716392,0.000000,1.000000,Excellent,
ECG_CH2,2145,2022-12-13 00:30:28,2022-12-13 00:30:43,15,3000,200,0.592000,0.608794,0.000000,1.000000,Excellent,
ECG_CH2,2146,2022-12-13 00:30:43,2022-12-13 00:30:58,15,3000,200,0.736871,0.856375,0.000000,1.000000,Barely acceptable,
ECG_CH2,2147,2022-12-13 00:30:58,2022-12-13 00:31:13,15,3000,200,0.626935,0.680318,0.000000,1.000000,Barely acceptable,
ECG_CH2,2148,2022-12-13 00:31:13,2022-12-13 00:31:28,15,3000,200,0.618575,0.746691,0.000000,1.000000,Barely acceptable,
ECG_CH2,2149,2022-12-13 00:31:28,2022-12-13 00:31:43,15,3000,200,0.636930,0.856018,0.000000,1.000000,Barely acceptable,
ECG_CH2,2150,2022-12-13 00:31:43,2022-12-13 00:31:58,15,3000,200,0.719596,0.794186,0.000000,1.000000,Barely acceptable,
ECG_CH2,2151,2022-12-13 00:31:58,2022-12-13 00:32:13,15,3000,200,0.638156,0.748194,0.000000,1.000000,Barely acceptable,
ECG_CH2,2152,2022-12-13 00:32:13,2022-12-13 00:32:28,15,3000,200,0.798535,0.926584,0.000000,1.000000,Barely acceptable,
ECG_CH2,2153,2022-12-13 00:32:28,2022-12-13 00:32:43,15,3000,200,0.740546,0.873056,0.000000,1.000000,Barely acceptable,
ECG_CH2,2154,2022-12-13 00:32:43,2022-12-13 00:32:58,15,3000,200,0.431831,0.385259,0.000000,1.000000,Barely acceptable,
ECG_CH2,2155,2022-12-13 00:32:58,2022-12-13 00:33:13,15,3000,200,0.750889,0.877749,0.000000,1.000000,Excellent,
ECG_CH2,2156,2022-12-13 00:33:13,2022-12-13 00:33:28,15,3000,200,0.625877,0.709949,0.000000,1.000000,Excellent,
ECG_CH2,2157,2022-12-13 00:33:28,2022-12-13 00:33:43,15,3000,200,0.601426,0.631172,0.000000,1.000000,Barely acceptable,
ECG_CH2,2158,2022-12-13 00:33:43,2022-12-13 00:33:58,15,3000,200,0.509772,0.458992,0.000000,1.000000,Excellent,
ECG_CH2,2159,2022-12-13 00:33:58,2022-12-13 00:34:13,15,3000,200,0.654965,0.760808,0.000000,1.000000,Barely acceptable,
ECG_CH2,2160,2022-12-13 00:34:13,2022-12-13 00:34:28,15,3000,200,0.586942,0.687433,0.000000,1.000000,Excellent,
ECG_CH2,2161,2022-12-13 00:34:28,2022-12-13 00:34:43,15,3000,200,0.787499,0.897100,0.000000,1.000000,Barely acceptable,
ECG_CH2,2162,2022-12-13 00:34:43,2022-12-13 00:34:58,15,3000,200,0.533523,0.656782,0.000000,1.000000,Excellent,
ECG_CH2,2163,2022-12-13 00:34:58,2022-12-13 00:35:13,15,3000,200,0.673760,0.707657,0.000000,1.000000,Barely acceptable,
ECG_CH2,2164,2022-12-13 00:35:13,2022-12-13 00:35:28,15,3000,200,0.661246,0.720857,0.000000,1.000000,Barely acceptable,
ECG_CH2,2165,2022-12-13 00:35:28,2022-12-13 00:35:43,15,3000,200,0.707090,0.843223,0.000000,1.000000,Excellent,
ECG_CH2,2166,2022-12-13 00:35:43,2022-12-13 00:35:58,15,3000,200,0.676228,0.843498,0.000000,1.000000,Barely acceptable,
ECG_CH2,2167,2022-12-13 00:35:58,2022-12-13 00:36:13,15,3000,200,0.595982,0.655707,0.000000,1.000000,Barely acceptable,
ECG_CH2,2168,2022-12-13 00:36:13,2022-12-13 00:36:28,15,3000,200,0.724800,0.795232,0.000000,1.000000,Excellent,
ECG_CH2,2169,2022-12-13 00:36:28,2022-12-13 00:36:43,15,3000,200,0.669839,0.805741,0.000000,1.000000,Excellent,
ECG_CH2,2170,2022-12-13 00:36:43,2022-12-13 00:36:58,15,3000,200,0.634683,0.751152,0.000000,1.000000,Excellent,
ECG_CH2,2171,2022-12-13 00:36:58,2022-12-13 00:37:13,15,3000,200,0.574336,0.486959,0.000000,1.000000,Excellent,
ECG_CH2,2172,2022-12-13 00:37:13,2022-12-13 00:37:28,15,3000,200,0.719097,0.863134,0.000000,1.000000,Excellent,
ECG_CH2,2173,2022-12-13 00:37:28,2022-12-13 00:37:43,15,3000,200,0.591532,0.635577,0.000000,1.000000,Barely acceptable,
ECG_CH2,2174,2022-12-13 00:37:43,2022-12-13 00:37:58,15,3000,200,0.470770,0.453778,0.000000,1.000000,Barely acceptable,
ECG_CH2,2175,2022-12-13 00:37:58,2022-12-13 00:38:13,15,3000,200,0.714706,0.842655,0.000000,1.000000,Barely acceptable,
ECG_CH2,2176,2022-12-13 00:38:13,2022-12-13 00:38:28,15,3000,200,0.627266,0.636003,0.000000,1.000000,Barely acceptable,
ECG_CH2,2177,2022-12-13 00:38:28,2022-12-13 00:38:43,15,3000,200,0.698395,0.721430,0.000000,1.000000,Barely acceptable,
ECG_CH2,2178,2022-12-13 00:38:43,2022-12-13 00:38:58,15,3000,200,0.776667,0.859611,0.000000,1.000000,Barely acceptable,
ECG_CH2,2179,2022-12-13 00:38:58,2022-12-13 00:39:13,15,3000,200,0.582271,0.657208,0.000000,1.000000,Barely acceptable,
ECG_CH2,2180,2022-12-13 00:39:13,2022-12-13 00:39:28,15,3000,200,0.502816,0.515566,0.000000,1.000000,Barely acceptable,
ECG_CH2,2181,2022-12-13 00:39:28,2022-12-13 00:39:43,15,3000,200,0.597067,0.622201,0.000000,1.000000,Excellent,
ECG_CH2,2182,2022-12-13 00:39:43,2022-12-13 00:39:58,15,3000,200,0.673860,0.790462,0.000000,1.000000,Excellent,
ECG_CH2,2183,2022-12-13 00:39:58,2022-12-13 00:40:13,15,3000,200,0.679368,0.842611,0.000000,1.000000,Excellent,
ECG_CH2,2184,2022-12-13 00:40:13,2022-12-13 00:40:28,15,3000,200,0.583863,0.674842,0.000000,1.000000,Excellent,
ECG_CH2,2185,2022-12-13 00:40:28,2022-12-13 00:40:43,15,3000,200,0.637234,0.679179,0.000000,1.000000,Barely acceptable,
ECG_CH2,2186,2022-12-13 00:40:43,2022-12-13 00:40:58,15,3000,200,0.616462,0.654592,0.000000,1.000000,Barely acceptable,
ECG_CH2,2187,2022-12-13 00:40:58,2022-12-13 00:41:13,15,3000,200,0.714843,0.778565,0.000000,1.000000,Barely acceptable,
ECG_CH2,2188,2022-12-13 00:41:13,2022-12-13 00:41:28,15,3000,200,0.520285,0.502551,0.000000,1.000000,Excellent,
ECG_CH2,2189,2022-12-13 00:41:28,2022-12-13 00:41:43,15,3000,200,0.549547,0.565980,0.000000,1.000000,Excellent,
ECG_CH2,2190,2022-12-13 00:41:43,2022-12-13 00:41:58,15,3000,200,0.668260,0.766182,0.000000,1.000000,Excellent,
ECG_CH2,2191,2022-12-13 00:41:58,2022-12-13 00:42:13,15,3000,200,0.690795,0.700419,0.000000,1.000000,Barely acceptable,
ECG_CH2,2192,2022-12-13 00:42:13,2022-12-13 00:42:28,15,3000,200,0.661018,0.774428,0.000000,1.000000,Excellent,
ECG_CH2,2193,2022-12-13 00:42:28,2022-12-13 00:42:43,15,3000,200,0.832881,0.933648,0.000000,1.000000,Excellent,
ECG_CH2,2194,2022-12-13 00:42:43,2022-12-13 00:42:58,15,3000,200,0.623099,0.705526,0.000000,1.000000,Barely acceptable,
ECG_CH2,2195,2022-12-13 00:42:58,2022-12-13 00:43:13,15,3000,200,0.791801,0.925379,0.000000,1.000000,Excellent,
ECG_CH2,2196,2022-12-13 00:43:13,2022-12-13 00:43:28,15,3000,200,0.608433,0.693684,0.000000,1.000000,Excellent,
ECG_CH2,2197,2022-12-13 00:43:28,2022-12-13 00:43:43,15,3000,200,0.627148,0.704504,0.000000,1.000000,Excellent,
ECG_CH2,2198,2022-12-13 00:43:43,2022-12-13 00:43:58,15,3000,200,0.527673,0.565731,0.000000,1.000000,Excellent,
ECG_CH2,2199,2022-12-13 00:43:58,2022-12-13 00:44:13,15,3000,200,0.678594,0.778433,0.000000,1.000000,Excellent,
ECG_CH2,2200,2022-12-13 00:44:13,2022-12-13 00:44:28,15,3000,200,0.720158,0.882824,0.000000,1.000000,Excellent,
ECG_CH2,2201,2022-12-13 00:44:28,2022-12-13 00:44:43,15,3000,200,0.680232,0.801479,0.000000,1.000000,Excellent,
ECG_CH2,2202,2022-12-13 00:44:43,2022-12-13 00:44:58,15,3000,200,0.461109,0.413277,0.000000,1.000000,Barely acceptable,
ECG_CH2,2203,2022-12-13 00:44:58,2022-12-13 00:45:13,15,3000,200,0.655967,0.769175,0.000000,1.000000,Barely acceptable,
ECG_CH2,2204,2022-12-13 00:45:13,2022-12-13 00:45:28,15,3000,200,0.851014,0.907361,0.000000,1.000000,Barely acceptable,
ECG_CH2,2205,2022-12-13 00:45:28,2022-12-13 00:45:43,15,3000,200,0.469830,0.530591,0.000000,1.000000,Barely acceptable,
ECG_CH2,2206,2022-12-13 00:45:43,2022-12-13 00:45:58,15,3000,200,0.510557,0.496110,0.000000,1.000000,Excellent,
ECG_CH2,2207,2022-12-13 00:45:58,2022-12-13 00:46:13,15,3000,200,0.644422,0.654344,0.000000,1.000000,Excellent,
ECG_CH2,2208,2022-12-13 00:46:13,2022-12-13 00:46:28,15,3000,200,0.613637,0.737497,0.000000,1.000000,Excellent,
ECG_CH2,2209,2022-12-13 00:46:28,2022-12-13 00:46:43,15,3000,200,0.689204,0.832624,0.000000,1.000000,Excellent,
ECG_CH2,2210,2022-12-13 00:46:43,2022-12-13 00:46:58,15,3000,200,0.654053,0.800858,0.000000,1.000000,Excellent,
ECG_CH2,2211,2022-12-13 00:46:58,2022-12-13 00:47:13,15,3000,200,0.636929,0.761238,0.000000,1.000000,Excellent,
ECG_CH2,2212,2022-12-13 00:47:13,2022-12-13 00:47:28,15,3000,200,0.627228,0.756234,0.000000,1.000000,Excellent,
ECG_CH2,2213,2022-12-13 00:47:28,2022-12-13 00:47:43,15,3000,200,0.638068,0.769049,0.000000,1.000000,Excellent,
ECG_CH2,2214,2022-12-13 00:47:43,2022-12-13 00:47:58,15,3000,200,0.728383,0.841326,0.000000,1.000000,Excellent,
ECG_CH2,2215,2022-12-13 00:47:58,2022-12-13 00:48:13,15,3000,200,0.669896,0.759938,0.000000,1.000000,Barely acceptable,
ECG_CH2,2216,2022-12-13 00:48:13,2022-12-13 00:48:28,15,3000,200,0.588366,0.689768,0.000000,1.000000,Barely acceptable,
ECG_CH2,2217,2022-12-13 00:48:28,2022-12-13 00:48:43,15,3000,200,0.662991,0.715932,0.000000,1.000000,Barely acceptable,
ECG_CH2,2218,2022-12-13 00:48:43,2022-12-13 00:48:58,15,3000,200,0.769839,0.909798,0.000000,1.000000,Excellent,
ECG_CH2,2219,2022-12-13 00:48:58,2022-12-13 00:49:13,15,3000,200,0.798742,0.842080,0.000000,1.000000,Barely acceptable,
ECG_CH2,2220,2022-12-13 00:49:13,2022-12-13 00:49:28,15,3000,200,0.614870,0.730272,0.000000,1.000000,Barely acceptable,
ECG_CH2,2221,2022-12-13 00:49:28,2022-12-13 00:49:43,15,3000,200,0.566643,0.619220,0.000000,1.000000,Excellent,
ECG_CH2,2222,2022-12-13 00:49:43,2022-12-13 00:49:58,15,3000,200,0.548286,0.600041,0.000000,1.000000,Excellent,
ECG_CH2,2223,2022-12-13 00:49:58,2022-12-13 00:50:13,15,3000,200,0.486190,0.531338,0.000000,1.000000,Excellent,
ECG_CH2,2224,2022-12-13 00:50:13,2022-12-13 00:50:28,15,3000,200,0.691483,0.752527,0.000000,1.000000,Excellent,
ECG_CH2,2225,2022-12-13 00:50:28,2022-12-13 00:50:43,15,3000,200,0.737744,0.842217,0.000000,1.000000,Barely acceptable,
ECG_CH2,2226,2022-12-13 00:50:43,2022-12-13 00:50:58,15,3000,200,0.736282,0.775285,0.000000,1.000000,Excellent,
ECG_CH2,2227,2022-12-13 00:50:58,2022-12-13 00:51:13,15,3000,200,0.702850,0.806948,0.000000,1.000000,Excellent,
ECG_CH2,2228,2022-12-13 00:51:13,2022-12-13 00:51:28,15,3000,200,0.689863,0.842793,0.000000,1.000000,Barely acceptable,
ECG_CH2,2229,2022-12-13 00:51:28,2022-12-13 00:51:43,15,3000,200,0.580268,0.672701,0.000000,1.000000,Excellent,
ECG_CH2,2230,2022-12-13 00:51:43,2022-12-13 00:51:58,15,3000,200,0.668521,0.809294,0.000000,1.000000,Excellent,
ECG_CH2,2231,2022-12-13 00:51:58,2022-12-13 00:52:13,15,3000,200,0.560340,0.707977,0.000000,1.000000,Barely acceptable,
ECG_CH2,2232,2022-12-13 00:52:13,2022-12-13 00:52:28,15,3000,200,0.785646,0.784678,0.000000,1.000000,Excellent,
ECG_CH2,2233,2022-12-13 00:52:28,2022-12-13 00:52:43,15,3000,200,0.694866,0.798246,0.000000,1.000000,Barely acceptable,
ECG_CH2,2234,2022-12-13 00:52:43,2022-12-13 00:52:58,15,3000,200,0.641221,0.697644,0.000000,1.000000,Excellent,
ECG_CH2,2235,2022-12-13 00:52:58,2022-12-13 00:53:13,15,3000,200,0.734542,0.873840,0.000000,1.000000,Excellent,
ECG_CH2,2236,2022-12-13 00:53:13,2022-12-13 00:53:28,15,3000,200,0.709803,0.717918,0.000000,1.000000,Barely acceptable,
ECG_CH2,2237,2022-12-13 00:53:28,2022-12-13 00:53:43,15,3000,200,0.630789,0.668733,0.000000,1.000000,Excellent,
ECG_CH2,2238,2022-12-13 00:53:43,2022-12-13 00:53:58,15,3000,200,0.534654,0.496933,0.000000,1.000000,Excellent,
ECG_CH2,2239,2022-12-13 00:53:58,2022-12-13 00:54:13,15,3000,200,0.484759,0.538337,0.000000,1.000000,Excellent,
ECG_CH2,2240,2022-12-13 00:54:13,2022-12-13 00:54:28,15,3000,200,0.666902,0.828095,0.000000,1.000000,Excellent,
ECG_CH2,2241,2022-12-13 00:54:28,2022-12-13 00:54:43,15,3000,200,0.527422,0.531804,0.000000,1.000000,Excellent,
ECG_CH2,2242,2022-12-13 00:54:43,2022-12-13 00:54:58,15,3000,200,0.605688,0.634350,0.000000,1.000000,Excellent,
ECG_CH2,2243,2022-12-13 00:54:58,2022-12-13 00:55:13,15,3000,200,0.577008,0.668185,0.000000,1.000000,Barely acceptable,
ECG_CH2,2244,2022-12-13 00:55:13,2022-12-13 00:55:28,15,3000,200,0.588460,0.729251,0.000000,1.000000,Excellent,
ECG_CH2,2245,2022-12-13 00:55:28,2022-12-13 00:55:43,15,3000,200,0.763769,0.873748,0.000000,1.000000,Excellent,
ECG_CH2,2246,2022-12-13 00:55:43,2022-12-13 00:55:58,15,3000,200,0.622437,0.609984,0.000000,1.000000,Barely acceptable,
ECG_CH2,2247,2022-12-13 00:55:58,2022-12-13 00:56:13,15,3000,200,0.696437,0.716037,0.000000,1.000000,Barely acceptable,
ECG_CH2,2248,2022-12-13 00:56:13,2022-12-13 00:56:28,15,3000,200,0.725005,0.870460,0.000000,1.000000,Barely acceptable,
ECG_CH2,2249,2022-12-13 00:56:28,2022-12-13 00:56:43,15,3000,200,0.563317,0.637335,0.000000,1.000000,Barely acceptable,
ECG_CH2,2250,2022-12-13 00:56:43,2022-12-13 00:56:58,15,3000,200,0.684765,0.790924,0.000000,1.000000,Excellent,
ECG_CH2,2251,2022-12-13 00:56:58,2022-12-13 00:57:13,15,3000,200,0.665623,0.737804,0.000000,1.000000,Excellent,
ECG_CH2,2252,2022-12-13 00:57:13,2022-12-13 00:57:28,15,3000,200,0.659423,0.709621,0.000000,1.000000,Barely acceptable,
ECG_CH2,2253,2022-12-13 00:57:28,2022-12-13 00:57:43,15,3000,200,0.649269,0.643580,0.000000,1.000000,Barely acceptable,
ECG_CH2,2254,2022-12-13 00:57:43,2022-12-13 00:57:58,15,3000,200,0.725730,0.789280,0.000000,1.000000,Excellent,
ECG_CH2,2255,2022-12-13 00:57:58,2022-12-13 00:58:13,15,3000,200,0.798306,0.868777,0.000000,1.000000,Barely acceptable,
ECG_CH2,2256,2022-12-13 00:58:13,2022-12-13 00:58:28,15,3000,200,0.560252,0.637583,0.000000,1.000000,Barely acceptable,
ECG_CH2,2257,2022-12-13 00:58:28,2022-12-13 00:58:43,15,3000,200,0.581417,0.681442,0.000000,1.000000,Excellent,
ECG_CH2,2258,2022-12-13 00:58:43,2022-12-13 00:58:58,15,3000,200,0.764364,0.905562,0.000000,1.000000,Barely acceptable,
ECG_CH2,2259,2022-12-13 00:58:58,2022-12-13 00:59:13,15,3000,200,0.594457,0.680618,0.000000,1.000000,Barely acceptable,
ECG_CH2,2260,2022-12-13 00:59:13,2022-12-13 00:59:28,15,3000,200,0.573887,0.761267,0.000000,1.000000,Excellent,
ECG_CH2,2261,2022-12-13 00:59:28,2022-12-13 00:59:43,15,3000,200,0.626220,0.651825,0.000000,1.000000,Barely acceptable,
ECG_CH2,2262,2022-12-13 00:59:43,2022-12-13 00:59:58,15,3000,200,0.496181,0.563953,0.000000,1.000000,Excellent,
ECG_CH2,2263,2022-12-13 00:59:58,2022-12-13 01:00:13,15,3000,200,0.524543,0.593591,0.000000,1.000000,Excellent,
ECG_CH2,2264,2022-12-13 01:00:13,2022-12-13 01:00:28,15,3000,200,0.693280,0.748296,0.000000,1.000000,Excellent,
ECG_CH2,2265,2022-12-13 01:00:28,2022-12-13 01:00:43,15,3000,200,0.642679,0.654365,0.000000,1.000000,Excellent,
ECG_CH2,2266,2022-12-13 01:00:43,2022-12-13 01:00:58,15,3000,200,0.769391,0.858531,0.000000,1.000000,Excellent,
ECG_CH2,2267,2022-12-13 01:00:58,2022-12-13 01:01:13,15,3000,200,0.763798,0.933097,0.000000,1.000000,Excellent,
ECG_CH2,2268,2022-12-13 01:01:13,2022-12-13 01:01:28,15,3000,200,0.763259,0.787834,0.000000,1.000000,Barely acceptable,
ECG_CH2,2269,2022-12-13 01:01:28,2022-12-13 01:01:43,15,3000,200,0.586261,0.584831,0.000000,1.000000,Barely acceptable,
ECG_CH2,2270,2022-12-13 01:01:43,2022-12-13 01:01:58,15,3000,200,0.490724,0.574086,0.000000,1.000000,Excellent,
ECG_CH2,2271,2022-12-13 01:01:58,2022-12-13 01:02:13,15,3000,200,0.674810,0.740759,0.000000,1.000000,Excellent,
ECG_CH2,2272,2022-12-13 01:02:13,2022-12-13 01:02:28,15,3000,200,0.741190,0.743751,0.000000,1.000000,Barely acceptable,
ECG_CH2,2273,2022-12-13 01:02:28,2022-12-13 01:02:43,15,3000,200,0.605402,0.670452,0.000000,1.000000,Barely acceptable,
ECG_CH2,2274,2022-12-13 01:02:43,2022-12-13 01:02:58,15,3000,200,0.489350,0.496860,0.000000,1.000000,Barely acceptable,
ECG_CH2,2275,2022-12-13 01:02:58,2022-12-13 01:03:13,15,3000,200,0.518124,0.612598,0.000000,1.000000,Excellent,
ECG_CH2,2276,2022-12-13 01:03:13,2022-12-13 01:03:28,15,3000,200,0.712086,0.830551,0.000000,1.000000,Barely acceptable,
ECG_CH2,2277,2022-12-13 01:03:28,2022-12-13 01:03:43,15,3000,200,0.533797,0.671033,0.000000,1.000000,Excellent,
ECG_CH2,2278,2022-12-13 01:03:43,2022-12-13 01:03:58,15,3000,200,0.731214,0.815336,0.000000,1.000000,Barely acceptable,
ECG_CH2,2279,2022-12-13 01:03:58,2022-12-13 01:04:13,15,3000,200,0.620004,0.695668,0.000000,1.000000,Barely acceptable,
ECG_CH2,2280,2022-12-13 01:04:13,2022-12-13 01:04:28,15,3000,200,0.659459,0.766870,0.000000,1.000000,Excellent,
ECG_CH2,2281,2022-12-13 01:04:28,2022-12-13 01:04:43,15,3000,200,0.595992,0.712025,0.000000,1.000000,Excellent,
ECG_CH2,2282,2022-12-13 01:04:43,2022-12-13 01:04:58,15,3000,200,0.627179,0.721387,0.000000,1.000000,Barely acceptable,
ECG_CH2,2283,2022-12-13 01:04:58,2022-12-13 01:05:13,15,3000,200,0.779321,0.909216,0.000000,1.000000,Excellent,
ECG_CH2,2284,2022-12-13 01:05:13,2022-12-13 01:05:28,15,3000,200,0.685962,0.721938,0.000000,1.000000,Excellent,
ECG_CH2,2285,2022-12-13 01:05:28,2022-12-13 01:05:43,15,3000,200,0.562721,0.619779,0.000000,1.000000,Excellent,
ECG_CH2,2286,2022-12-13 01:05:43,2022-12-13 01:05:58,15,3000,200,0.676677,0.726390,0.000000,1.000000,Barely acceptable,
ECG_CH2,2287,2022-12-13 01:05:58,2022-12-13 01:06:13,15,3000,200,0.474417,0.578645,0.000000,1.000000,Excellent,
ECG_CH2,2288,2022-12-13 01:06:13,2022-12-13 01:06:28,15,3000,200,0.518723,0.426467,0.000000,1.000000,Excellent,
ECG_CH2,2289,2022-12-13 01:06:28,2022-12-13 01:06:43,15,3000,200,0.716985,0.860156,0.000000,1.000000,Excellent,
ECG_CH2,2290,2022-12-13 01:06:43,2022-12-13 01:06:58,15,3000,200,0.549271,0.642057,0.000000,1.000000,Excellent,
ECG_CH2,2291,2022-12-13 01:06:58,2022-12-13 01:07:13,15,3000,200,0.622792,0.704368,0.000000,1.000000,Excellent,
ECG_CH2,2292,2022-12-13 01:07:13,2022-12-13 01:07:28,15,3000,200,0.714332,0.781613,0.000000,1.000000,Barely acceptable,
ECG_CH2,2293,2022-12-13 01:07:28,2022-12-13 01:07:43,15,3000,200,0.618588,0.718980,0.000000,1.000000,Excellent,
ECG_CH2,2294,2022-12-13 01:07:43,2022-12-13 01:07:58,15,3000,200,0.577801,0.614259,0.000000,1.000000,Excellent,
ECG_CH2,2295,2022-12-13 01:07:58,2022-12-13 01:08:13,15,3000,200,0.662816,0.751778,0.000000,1.000000,Barely acceptable,
ECG_CH2,2296,2022-12-13 01:08:13,2022-12-13 01:08:28,15,3000,200,0.721731,0.769367,0.000000,1.000000,Excellent,
ECG_CH2,2297,2022-12-13 01:08:28,2022-12-13 01:08:43,15,3000,200,0.804155,0.911061,0.000000,1.000000,Barely acceptable,
ECG_CH2,2298,2022-12-13 01:08:43,2022-12-13 01:08:58,15,3000,200,0.551669,0.674315,0.000000,1.000000,Barely acceptable,
ECG_CH2,2299,2022-12-13 01:08:58,2022-12-13 01:09:13,15,3000,200,0.667107,0.755278,0.000000,1.000000,Barely acceptable,
ECG_CH2,2300,2022-12-13 01:09:13,2022-12-13 01:09:28,15,3000,200,0.645710,0.814442,0.000000,1.000000,Excellent,
ECG_CH2,2301,2022-12-13 01:09:28,2022-12-13 01:09:43,15,3000,200,0.713658,0.792483,0.000000,1.000000,Excellent,
ECG_CH2,2302,2022-12-13 01:09:43,2022-12-13 01:09:58,15,3000,200,0.620157,0.678024,0.000000,1.000000,Excellent,
ECG_CH2,2303,2022-12-13 01:09:58,2022-12-13 01:10:13,15,3000,200,0.689565,0.832046,0.000000,1.000000,Excellent,
ECG_CH2,2304,2022-12-13 01:10:13,2022-12-13 01:10:28,15,3000,200,0.614296,0.714085,0.000000,1.000000,Excellent,
ECG_CH2,2305,2022-12-13 01:10:28,2022-12-13 01:10:43,15,3000,200,0.536953,0.679642,0.000000,1.000000,Barely acceptable,
ECG_CH2,2306,2022-12-13 01:10:43,2022-12-13 01:10:58,15,3000,200,0.629398,0.787818,0.000000,1.000000,Excellent,
ECG_CH2,2307,2022-12-13 01:10:58,2022-12-13 01:11:13,15,3000,200,0.647137,0.604629,0.000000,1.000000,Barely acceptable,
ECG_CH2,2308,2022-12-13 01:11:13,2022-12-13 01:11:28,15,3000,200,0.535948,0.575608,0.000000,1.000000,Barely acceptable,
ECG_CH2,2309,2022-12-13 01:11:28,2022-12-13 01:11:43,15,3000,200,0.738577,0.825742,0.000000,1.000000,Excellent,
ECG_CH2,2310,2022-12-13 01:11:43,2022-12-13 01:11:58,15,3000,200,0.436723,0.493690,0.000000,1.000000,Excellent,
ECG_CH2,2311,2022-12-13 01:11:58,2022-12-13 01:12:13,15,3000,200,0.791336,0.940934,0.000000,1.000000,Barely acceptable,
ECG_CH2,2312,2022-12-13 01:12:13,2022-12-13 01:12:28,15,3000,200,0.619902,0.781665,0.000000,1.000000,Excellent,
ECG_CH2,2313,2022-12-13 01:12:28,2022-12-13 01:12:43,15,3000,200,0.697415,0.826411,0.000000,1.000000,Excellent,
ECG_CH2,2314,2022-12-13 01:12:43,2022-12-13 01:12:58,15,3000,200,0.778594,0.902999,0.000000,1.000000,Excellent,
ECG_CH2,2315,2022-12-13 01:12:58,2022-12-13 01:13:13,15,3000,200,0.683067,0.765643,0.000000,1.000000,Excellent,
ECG_CH2,2316,2022-12-13 01:13:13,2022-12-13 01:13:28,15,3000,200,0.667936,0.840850,0.000000,1.000000,Excellent,
ECG_CH2,2317,2022-12-13 01:13:28,2022-12-13 01:13:43,15,3000,200,0.470746,0.453496,0.000000,1.000000,Excellent,
ECG_CH2,2318,2022-12-13 01:13:43,2022-12-13 01:13:58,15,3000,200,0.782332,0.881883,0.000000,1.000000,Barely acceptable,
ECG_CH2,2319,2022-12-13 01:13:58,2022-12-13 01:14:13,15,3000,200,0.691224,0.811157,0.000000,1.000000,Barely acceptable,
ECG_CH2,2320,2022-12-13 01:14:13,2022-12-13 01:14:28,15,3000,200,0.501570,0.475980,0.000000,1.000000,Excellent,
ECG_CH2,2321,2022-12-13 01:14:28,2022-12-13 01:14:43,15,3000,200,0.654559,0.773558,0.000000,1.000000,Barely acceptable,
ECG_CH2,2322,2022-12-13 01:14:43,2022-12-13 01:14:58,15,3000,200,0.678073,0.816491,0.000000,1.000000,Excellent,
ECG_CH2,2323,2022-12-13 01:14:58,2022-12-13 01:15:13,15,3000,200,0.594720,0.680974,0.000000,1.000000,Excellent,
ECG_CH2,2324,2022-12-13 01:15:13,2022-12-13 01:15:28,15,3000,200,0.677932,0.894136,0.000000,1.000000,Excellent,
ECG_CH2,2325,2022-12-13 01:15:28,2022-12-13 01:15:43,15,3000,200,0.731946,0.767631,0.000000,1.000000,Excellent,
ECG_CH2,2326,2022-12-13 01:15:43,2022-12-13 01:15:58,15,3000,200,0.665433,0.733973,0.000000,1.000000,Excellent,
ECG_CH2,2327,2022-12-13 01:15:58,2022-12-13 01:16:13,15,3000,200,0.709280,0.939768,0.000000,1.000000,Excellent,
ECG_CH2,2328,2022-12-13 01:16:13,2022-12-13 01:16:28,15,3000,200,0.608625,0.724069,0.000000,1.000000,Excellent,
ECG_CH2,2329,2022-12-13 01:16:28,2022-12-13 01:16:43,15,3000,200,0.738210,0.814104,0.000000,1.000000,Excellent,
ECG_CH2,2330,2022-12-13 01:16:43,2022-12-13 01:16:58,15,3000,200,0.547717,0.714524,0.000000,1.000000,Excellent,
ECG_CH2,2331,2022-12-13 01:16:58,2022-12-13 01:17:13,15,3000,200,0.551995,0.581403,0.000000,1.000000,Excellent,
ECG_CH2,2332,2022-12-13 01:17:13,2022-12-13 01:17:28,15,3000,200,0.680873,0.805580,0.000000,1.000000,Excellent,
ECG_CH2,2333,2022-12-13 01:17:28,2022-12-13 01:17:43,15,3000,200,0.618707,0.740382,0.000000,1.000000,Barely acceptable,
ECG_CH2,2334,2022-12-13 01:17:43,2022-12-13 01:17:58,15,3000,200,0.501603,0.580372,0.000000,1.000000,Excellent,
ECG_CH2,2335,2022-12-13 01:17:58,2022-12-13 01:18:13,15,3000,200,0.742924,0.748864,0.000000,1.000000,Excellent,
ECG_CH2,2336,2022-12-13 01:18:13,2022-12-13 01:18:28,15,3000,200,0.739747,0.838145,0.000000,1.000000,Barely acceptable,
ECG_CH2,2337,2022-12-13 01:18:28,2022-12-13 01:18:43,15,3000,200,0.678836,0.726677,0.000000,1.000000,Excellent,
ECG_CH2,2338,2022-12-13 01:18:43,2022-12-13 01:18:58,15,3000,200,0.621907,0.816183,0.000000,1.000000,Excellent,
ECG_CH2,2339,2022-12-13 01:18:58,2022-12-13 01:19:13,15,3000,200,0.721907,0.748093,0.000000,1.000000,Barely acceptable,
ECG_CH2,2340,2022-12-13 01:19:13,2022-12-13 01:19:28,15,3000,200,0.664105,0.756202,0.000000,1.000000,Excellent,
ECG_CH2,2341,2022-12-13 01:19:28,2022-12-13 01:19:43,15,3000,200,0.687219,0.766028,0.000000,1.000000,Excellent,
ECG_CH2,2342,2022-12-13 01:19:43,2022-12-13 01:19:58,15,3000,200,0.484555,0.357383,0.000000,1.000000,Excellent,
ECG_CH2,2343,2022-12-13 01:19:58,2022-12-13 01:20:13,15,3000,200,0.672702,0.697776,0.000000,1.000000,Excellent,
ECG_CH2,2344,2022-12-13 01:20:13,2022-12-13 01:20:28,15,3000,200,0.718653,0.836704,0.000000,1.000000,Excellent,
ECG_CH2,2345,2022-12-13 01:20:28,2022-12-13 01:20:43,15,3000,200,0.496975,0.453133,0.000000,1.000000,Excellent,
ECG_CH2,2346,2022-12-13 01:20:43,2022-12-13 01:20:58,15,3000,200,0.590423,0.666818,0.000000,1.000000,Barely acceptable,
ECG_CH2,2347,2022-12-13 01:20:58,2022-12-13 01:21:13,15,3000,200,0.691204,0.754346,0.000000,1.000000,Barely acceptable,
ECG_CH2,2348,2022-12-13 01:21:13,2022-12-13 01:21:28,15,3000,200,0.569577,0.688699,0.000000,1.000000,Barely acceptable,
ECG_CH2,2349,2022-12-13 01:21:28,2022-12-13 01:21:43,15,3000,200,0.579032,0.543429,0.000000,1.000000,Barely acceptable,
ECG_CH2,2350,2022-12-13 01:21:43,2022-12-13 01:21:58,15,3000,200,0.638893,0.674618,0.000000,1.000000,Excellent,
ECG_CH2,2351,2022-12-13 01:21:58,2022-12-13 01:22:13,15,3000,200,0.702962,0.787195,0.000000,1.000000,Excellent,
ECG_CH2,2352,2022-12-13 01:22:13,2022-12-13 01:22:28,15,3000,200,0.754437,0.902354,0.000000,1.000000,Barely acceptable,
ECG_CH2,2353,2022-12-13 01:22:28,2022-12-13 01:22:43,15,3000,200,0.681664,0.817795,0.000000,1.000000,Barely acceptable,
ECG_CH2,2354,2022-12-13 01:22:43,2022-12-13 01:22:58,15,3000,200,0.745565,0.838729,0.000000,1.000000,Barely acceptable,
ECG_CH2,2355,2022-12-13 01:22:58,2022-12-13 01:23:13,15,3000,200,0.711859,0.872562,0.000000,1.000000,Barely acceptable,
ECG_CH2,2356,2022-12-13 01:23:13,2022-12-13 01:23:28,15,3000,200,0.624428,0.658103,0.000000,1.000000,Excellent,
ECG_CH2,2357,2022-12-13 01:23:28,2022-12-13 01:23:43,15,3000,200,0.529098,0.702903,0.000000,1.000000,Excellent,
ECG_CH2,2358,2022-12-13 01:23:43,2022-12-13 01:23:58,15,3000,200,0.707916,0.689425,0.000000,1.000000,Excellent,
ECG_CH2,2359,2022-12-13 01:23:58,2022-12-13 01:24:13,15,3000,200,0.769746,0.911011,0.000000,1.000000,Excellent,
ECG_CH2,2360,2022-12-13 01:24:13,2022-12-13 01:24:28,15,3000,200,0.570266,0.579565,0.000000,1.000000,Barely acceptable,
ECG_CH2,2361,2022-12-13 01:24:28,2022-12-13 01:24:43,15,3000,200,0.545758,0.668160,0.000000,1.000000,Excellent,
ECG_CH2,2362,2022-12-13 01:24:43,2022-12-13 01:24:58,15,3000,200,0.608989,0.774651,0.000000,1.000000,Excellent,
ECG_CH2,2363,2022-12-13 01:24:58,2022-12-13 01:25:13,15,3000,200,0.448970,0.442042,0.000000,1.000000,Excellent,
ECG_CH2,2364,2022-12-13 01:25:13,2022-12-13 01:25:28,15,3000,200,0.693464,0.819915,0.000000,1.000000,Excellent,
ECG_CH2,2365,2022-12-13 01:25:28,2022-12-13 01:25:43,15,3000,200,0.661235,0.769261,0.000000,1.000000,Excellent,
ECG_CH2,2366,2022-12-13 01:25:43,2022-12-13 01:25:58,15,3000,200,0.549386,0.557669,0.000000,1.000000,Excellent,
ECG_CH2,2367,2022-12-13 01:25:58,2022-12-13 01:26:13,15,3000,200,0.699622,0.841876,0.000000,1.000000,Excellent,
ECG_CH2,2368,2022-12-13 01:26:13,2022-12-13 01:26:28,15,3000,200,0.557565,0.673997,0.000000,1.000000,Excellent,
ECG_CH2,2369,2022-12-13 01:26:28,2022-12-13 01:26:43,15,3000,200,0.705584,0.839166,0.000000,1.000000,Excellent,
ECG_CH2,2370,2022-12-13 01:26:43,2022-12-13 01:26:58,15,3000,200,0.451660,0.407842,0.000000,1.000000,Excellent,
ECG_CH2,2371,2022-12-13 01:26:58,2022-12-13 01:27:13,15,3000,200,0.813793,0.864879,0.000000,1.000000,Excellent,
ECG_CH2,2372,2022-12-13 01:27:13,2022-12-13 01:27:28,15,3000,200,0.684454,0.733186,0.000000,1.000000,Excellent,
ECG_CH2,2373,2022-12-13 01:27:28,2022-12-13 01:27:43,15,3000,200,0.687607,0.783438,0.000000,1.000000,Barely acceptable,
ECG_CH2,2374,2022-12-13 01:27:43,2022-12-13 01:27:58,15,3000,200,0.714397,0.740913,0.000000,1.000000,Barely acceptable,
ECG_CH2,2375,2022-12-13 01:27:58,2022-12-13 01:28:13,15,3000,200,0.583955,0.622623,0.000000,1.000000,Excellent,
ECG_CH2,2376,2022-12-13 01:28:13,2022-12-13 01:28:28,15,3000,200,0.464134,0.584606,0.000000,1.000000,Excellent,
ECG_CH2,2377,2022-12-13 01:28:28,2022-12-13 01:28:43,15,3000,200,0.749573,0.838798,0.000000,1.000000,Barely acceptable,
ECG_CH2,2378,2022-12-13 01:28:43,2022-12-13 01:28:58,15,3000,200,0.430021,0.306429,0.000000,1.000000,Barely acceptable,
ECG_CH2,2379,2022-12-13 01:28:58,2022-12-13 01:29:13,15,3000,200,0.693225,0.814157,0.000000,1.000000,Barely acceptable,
ECG_CH2,2380,2022-12-13 01:29:13,2022-12-13 01:29:28,15,3000,200,0.499024,0.512845,0.000000,1.000000,Barely acceptable,
ECG_CH2,2381,2022-12-13 01:29:28,2022-12-13 01:29:43,15,3000,200,0.579427,0.573927,0.000000,1.000000,Barely acceptable,
ECG_CH2,2382,2022-12-13 01:29:43,2022-12-13 01:29:58,15,3000,200,0.505077,0.585264,0.000000,1.000000,Barely acceptable,
ECG_CH2,2383,2022-12-13 01:29:58,2022-12-13 01:30:13,15,3000,200,0.670584,0.638919,0.000000,1.000000,Excellent,
ECG_CH2,2384,2022-12-13 01:30:13,2022-12-13 01:30:28,15,3000,200,0.669635,0.789533,0.000000,1.000000,Excellent,
ECG_CH2,2385,2022-12-13 01:30:28,2022-12-13 01:30:43,15,3000,200,0.695819,0.702812,0.000000,1.000000,Barely acceptable,
ECG_CH2,2386,2022-12-13 01:30:43,2022-12-13 01:30:58,15,3000,200,0.722306,0.797290,0.000000,1.000000,Barely acceptable,
ECG_CH2,2387,2022-12-13 01:30:58,2022-12-13 01:31:13,15,3000,200,0.557718,0.637784,0.000000,1.000000,Excellent,
ECG_CH2,2388,2022-12-13 01:31:13,2022-12-13 01:31:28,15,3000,200,0.492329,0.477927,0.000000,1.000000,Barely acceptable,
ECG_CH2,2389,2022-12-13 01:31:28,2022-12-13 01:31:43,15,3000,200,0.576590,0.546941,0.000000,1.000000,Excellent,
ECG_CH2,2390,2022-12-13 01:31:43,2022-12-13 01:31:58,15,3000,200,0.655680,0.842181,0.000000,1.000000,Excellent,
ECG_CH2,2391,2022-12-13 01:31:58,2022-12-13 01:32:13,15,3000,200,0.778517,0.825171,0.000000,1.000000,Barely acceptable,
ECG_CH2,2392,2022-12-13 01:32:13,2022-12-13 01:32:28,15,3000,200,0.795879,0.952294,0.000000,1.000000,Excellent,
ECG_CH2,2393,2022-12-13 01:32:28,2022-12-13 01:32:43,15,3000,200,0.764345,0.854768,0.000000,1.000000,Barely acceptable,
ECG_CH2,2394,2022-12-13 01:32:43,2022-12-13 01:32:58,15,3000,200,0.775134,0.853762,0.000000,1.000000,Excellent,
ECG_CH2,2395,2022-12-13 01:32:58,2022-12-13 01:33:13,15,3000,200,0.617370,0.720026,0.000000,1.000000,Barely acceptable,
ECG_CH2,2396,2022-12-13 01:33:13,2022-12-13 01:33:28,15,3000,200,0.599189,0.662120,0.000000,1.000000,Barely acceptable,
ECG_CH2,2397,2022-12-13 01:33:28,2022-12-13 01:33:43,15,3000,200,0.550983,0.481045,0.000000,1.000000,Barely acceptable,
ECG_CH2,2398,2022-12-13 01:33:43,2022-12-13 01:33:58,15,3000,200,0.808963,0.939536,0.000000,1.000000,Barely acceptable,
ECG_CH2,2399,2022-12-13 01:33:58,2022-12-13 01:34:13,15,3000,200,0.785453,0.869403,0.000000,1.000000,Excellent,
ECG_CH2,2400,2022-12-13 01:34:13,2022-12-13 01:34:28,15,3000,200,0.649447,0.726271,0.000000,1.000000,Barely acceptable,
ECG_CH2,2401,2022-12-13 01:34:28,2022-12-13 01:34:43,15,3000,200,0.745654,0.797728,0.000000,1.000000,Barely acceptable,
ECG_CH2,2402,2022-12-13 01:34:43,2022-12-13 01:34:58,15,3000,200,0.684285,0.776420,0.000000,1.000000,Excellent,
ECG_CH2,2403,2022-12-13 01:34:58,2022-12-13 01:35:13,15,3000,200,0.736984,0.832322,0.000000,1.000000,Excellent,
ECG_CH2,2404,2022-12-13 01:35:13,2022-12-13 01:35:28,15,3000,200,0.770853,0.919201,0.000000,1.000000,Excellent,
ECG_CH2,2405,2022-12-13 01:35:28,2022-12-13 01:35:43,15,3000,200,0.688262,0.741581,0.000000,1.000000,Excellent,
ECG_CH2,2406,2022-12-13 01:35:43,2022-12-13 01:35:58,15,3000,200,0.611900,0.608611,0.000000,1.000000,Excellent,
ECG_CH2,2407,2022-12-13 01:35:58,2022-12-13 01:36:13,15,3000,200,0.582500,0.694699,0.000000,1.000000,Excellent,
ECG_CH2,2408,2022-12-13 01:36:13,2022-12-13 01:36:28,15,3000,200,0.629182,0.799336,0.000000,1.000000,Excellent,
ECG_CH2,2409,2022-12-13 01:36:28,2022-12-13 01:36:43,15,3000,200,0.673751,0.708649,0.000000,1.000000,Barely acceptable,
ECG_CH2,2410,2022-12-13 01:36:43,2022-12-13 01:36:58,15,3000,200,0.747651,0.766037,0.000000,1.000000,Barely acceptable,
ECG_CH2,2411,2022-12-13 01:36:58,2022-12-13 01:37:13,15,3000,200,0.659636,0.680490,0.000000,1.000000,Excellent,
ECG_CH2,2412,2022-12-13 01:37:13,2022-12-13 01:37:28,15,3000,200,0.736042,0.904799,0.000000,1.000000,Excellent,
ECG_CH2,2413,2022-12-13 01:37:28,2022-12-13 01:37:43,15,3000,200,0.743491,0.907986,0.000000,1.000000,Barely acceptable,
ECG_CH2,2414,2022-12-13 01:37:43,2022-12-13 01:37:58,15,3000,200,0.638162,0.664376,0.000000,1.000000,Excellent,
ECG_CH2,2415,2022-12-13 01:37:58,2022-12-13 01:38:13,15,3000,200,0.729242,0.865016,0.000000,1.000000,Excellent,
ECG_CH2,2416,2022-12-13 01:38:13,2022-12-13 01:38:28,15,3000,200,0.684209,0.808056,0.000000,1.000000,Excellent,
ECG_CH2,2417,2022-12-13 01:38:28,2022-12-13 01:38:43,15,3000,200,0.488486,0.370884,0.000000,1.000000,Excellent,
ECG_CH2,2418,2022-12-13 01:38:43,2022-12-13 01:38:58,15,3000,200,0.645963,0.726527,0.000000,1.000000,Excellent,
ECG_CH2,2419,2022-12-13 01:38:58,2022-12-13 01:39:13,15,3000,200,0.605377,0.694382,0.000000,1.000000,Excellent,
ECG_CH2,2420,2022-12-13 01:39:13,2022-12-13 01:39:28,15,3000,200,0.605785,0.704222,0.000000,1.000000,Excellent,
ECG_CH2,2421,2022-12-13 01:39:28,2022-12-13 01:39:43,15,3000,200,0.530796,0.697994,0.000000,1.000000,Excellent,
ECG_CH2,2422,2022-12-13 01:39:43,2022-12-13 01:39:58,15,3000,200,0.687695,0.747315,0.000000,1.000000,Barely acceptable,
ECG_CH2,2423,2022-12-13 01:39:58,2022-12-13 01:40:13,15,3000,200,0.575265,0.714546,0.000000,1.000000,Barely acceptable,
ECG_CH2,2424,2022-12-13 01:40:13,2022-12-13 01:40:28,15,3000,200,0.525973,0.519349,0.000000,1.000000,Excellent,
ECG_CH2,2425,2022-12-13 01:40:28,2022-12-13 01:40:43,15,3000,200,0.680185,0.779906,0.000000,1.000000,Excellent,
ECG_CH2,2426,2022-12-13 01:40:43,2022-12-13 01:40:58,15,3000,200,0.683042,0.758020,0.000000,1.000000,Excellent,
ECG_CH2,2427,2022-12-13 01:40:58,2022-12-13 01:41:13,15,3000,200,0.762662,0.831597,0.000000,1.000000,Excellent,
ECG_CH2,2428,2022-12-13 01:41:13,2022-12-13 01:41:28,15,3000,200,0.625209,0.780613,0.000000,1.000000,Excellent,
ECG_CH2,2429,2022-12-13 01:41:28,2022-12-13 01:41:43,15,3000,200,0.545247,0.587253,0.000000,1.000000,Excellent,
ECG_CH2,2430,2022-12-13 01:41:43,2022-12-13 01:41:58,15,3000,200,0.530475,0.638774,0.000000,1.000000,Excellent,
ECG_CH2,2431,2022-12-13 01:41:58,2022-12-13 01:42:13,15,3000,200,0.675171,0.773951,0.000000,1.000000,Barely acceptable,
ECG_CH2,2432,2022-12-13 01:42:13,2022-12-13 01:42:28,15,3000,200,0.713100,0.864653,0.000000,1.000000,Barely acceptable,
ECG_CH2,2433,2022-12-13 01:42:28,2022-12-13 01:42:43,15,3000,200,0.670111,0.712898,0.000000,1.000000,Barely acceptable,
ECG_CH2,2434,2022-12-13 01:42:43,2022-12-13 01:42:58,15,3000,200,0.680199,0.903049,0.000000,1.000000,Excellent,
ECG_CH2,2435,2022-12-13 01:42:58,2022-12-13 01:43:13,15,3000,200,0.763502,0.863852,0.000000,1.000000,Barely acceptable,
ECG_CH2,2436,2022-12-13 01:43:13,2022-12-13 01:43:28,15,3000,200,0.646718,0.588947,0.000000,1.000000,Excellent,
ECG_CH2,2437,2022-12-13 01:43:28,2022-12-13 01:43:43,15,3000,200,0.700442,0.783961,0.000000,1.000000,Barely acceptable,
ECG_CH2,2438,2022-12-13 01:43:43,2022-12-13 01:43:58,15,3000,200,0.756256,0.898325,0.000000,1.000000,Barely acceptable,
ECG_CH2,2439,2022-12-13 01:43:58,2022-12-13 01:44:13,15,3000,200,0.736669,0.823111,0.000000,1.000000,Barely acceptable,
ECG_CH2,2440,2022-12-13 01:44:13,2022-12-13 01:44:28,15,3000,200,0.815211,0.913652,0.000000,1.000000,Barely acceptable,
ECG_CH2,2441,2022-12-13 01:44:28,2022-12-13 01:44:43,15,3000,200,0.710652,0.773521,0.000000,1.000000,Barely acceptable,
ECG_CH2,2442,2022-12-13 01:44:43,2022-12-13 01:44:58,15,3000,200,0.726261,0.797319,0.000000,1.000000,Barely acceptable,
ECG_CH2,2443,2022-12-13 01:44:58,2022-12-13 01:45:13,15,3000,200,0.789447,0.856666,0.000000,1.000000,Excellent,
ECG_CH2,2444,2022-12-13 01:45:13,2022-12-13 01:45:28,15,3000,200,0.701610,0.803167,0.000000,1.000000,Excellent,
ECG_CH2,2445,2022-12-13 01:45:28,2022-12-13 01:45:43,15,3000,200,0.720644,0.791173,0.000000,1.000000,Excellent,
ECG_CH2,2446,2022-12-13 01:45:43,2022-12-13 01:45:58,15,3000,200,0.763647,0.815843,0.000000,1.000000,Barely acceptable,
ECG_CH2,2447,2022-12-13 01:45:58,2022-12-13 01:46:13,15,3000,200,0.724538,0.727091,0.000000,1.000000,Barely acceptable,
ECG_CH2,2448,2022-12-13 01:46:13,2022-12-13 01:46:28,15,3000,200,0.755207,0.851371,0.000000,1.000000,Excellent,
ECG_CH2,2449,2022-12-13 01:46:28,2022-12-13 01:46:43,15,3000,200,0.694658,0.725824,0.000000,1.000000,Excellent,
ECG_CH2,2450,2022-12-13 01:46:43,2022-12-13 01:46:58,15,3000,200,0.618275,0.660091,0.000000,1.000000,Excellent,
ECG_CH2,2451,2022-12-13 01:46:58,2022-12-13 01:47:13,15,3000,200,0.579190,0.783806,0.000000,1.000000,Excellent,
ECG_CH2,2452,2022-12-13 01:47:13,2022-12-13 01:47:28,15,3000,200,0.664180,0.742448,0.000000,1.000000,Barely acceptable,
ECG_CH2,2453,2022-12-13 01:47:28,2022-12-13 01:47:43,15,3000,200,0.633192,0.786654,0.000000,1.000000,Excellent,
ECG_CH2,2454,2022-12-13 01:47:43,2022-12-13 01:47:58,15,3000,200,0.683658,0.789659,0.000000,1.000000,Excellent,
ECG_CH2,2455,2022-12-13 01:47:58,2022-12-13 01:48:13,15,3000,200,0.658714,0.726865,0.000000,1.000000,Excellent,
ECG_CH2,2456,2022-12-13 01:48:13,2022-12-13 01:48:28,15,3000,200,0.585655,0.633573,0.000000,1.000000,Barely acceptable,
ECG_CH2,2457,2022-12-13 01:48:28,2022-12-13 01:48:43,15,3000,200,0.774861,0.912916,0.000000,1.000000,Excellent,
ECG_CH2,2458,2022-12-13 01:48:43,2022-12-13 01:48:58,15,3000,200,0.748922,0.880785,0.000000,1.000000,Excellent,
ECG_CH2,2459,2022-12-13 01:48:58,2022-12-13 01:49:13,15,3000,200,0.509135,0.544059,0.000000,1.000000,Excellent,
ECG_CH2,2460,2022-12-13 01:49:13,2022-12-13 01:49:28,15,3000,200,0.766333,0.875990,0.000000,1.000000,Excellent,
ECG_CH2,2461,2022-12-13 01:49:28,2022-12-13 01:49:43,15,3000,200,0.644405,0.735749,0.000000,1.000000,Barely acceptable,
ECG_CH2,2462,2022-12-13 01:49:43,2022-12-13 01:49:58,15,3000,200,0.715329,0.780896,0.000000,1.000000,Barely acceptable,
ECG_CH2,2463,2022-12-13 01:49:58,2022-12-13 01:50:13,15,3000,200,0.668402,0.696362,0.000000,1.000000,Barely acceptable,
ECG_CH2,2464,2022-12-13 01:50:13,2022-12-13 01:50:28,15,3000,200,0.686859,0.764627,0.000000,1.000000,Barely acceptable,
ECG_CH2,2465,2022-12-13 01:50:28,2022-12-13 01:50:43,15,3000,200,0.741108,0.827292,0.000000,1.000000,Excellent,
ECG_CH2,2466,2022-12-13 01:50:43,2022-12-13 01:50:58,15,3000,200,0.667542,0.720843,0.000000,1.000000,Barely acceptable,
ECG_CH2,2467,2022-12-13 01:50:58,2022-12-13 01:51:13,15,3000,200,0.553810,0.381514,0.000000,1.000000,Excellent,
ECG_CH2,2468,2022-12-13 01:51:13,2022-12-13 01:51:28,15,3000,200,0.753014,0.856380,0.000000,1.000000,Barely acceptable,
ECG_CH2,2469,2022-12-13 01:51:28,2022-12-13 01:51:43,15,3000,200,0.693525,0.758101,0.000000,1.000000,Barely acceptable,
ECG_CH2,2470,2022-12-13 01:51:43,2022-12-13 01:51:58,15,3000,200,0.548368,0.583425,0.000000,1.000000,Excellent,
ECG_CH2,2471,2022-12-13 01:51:58,2022-12-13 01:52:13,15,3000,200,0.489350,0.428148,0.000000,1.000000,Excellent,
ECG_CH2,2472,2022-12-13 01:52:13,2022-12-13 01:52:28,15,3000,200,0.559892,0.493395,0.000000,1.000000,Excellent,
ECG_CH2,2473,2022-12-13 01:52:28,2022-12-13 01:52:43,15,3000,200,0.578234,0.645989,0.000000,1.000000,Excellent,
ECG_CH2,2474,2022-12-13 01:52:43,2022-12-13 01:52:58,15,3000,200,0.705691,0.786134,0.000000,1.000000,Excellent,
ECG_CH2,2475,2022-12-13 01:52:58,2022-12-13 01:53:13,15,3000,200,0.682275,0.761996,0.000000,1.000000,Excellent,
ECG_CH2,2476,2022-12-13 01:53:13,2022-12-13 01:53:28,15,3000,200,0.565883,0.832900,0.000000,1.000000,Excellent,
ECG_CH2,2477,2022-12-13 01:53:28,2022-12-13 01:53:43,15,3000,200,0.707479,0.841639,0.000000,1.000000,Excellent,
ECG_CH2,2478,2022-12-13 01:53:43,2022-12-13 01:53:58,15,3000,200,0.661640,0.701833,0.000000,1.000000,Excellent,
ECG_CH2,2479,2022-12-13 01:53:58,2022-12-13 01:54:13,15,3000,200,0.586894,0.597535,0.000000,1.000000,Excellent,
ECG_CH2,2480,2022-12-13 01:54:13,2022-12-13 01:54:28,15,3000,200,0.674171,0.758823,0.000000,1.000000,Excellent,
ECG_CH2,2481,2022-12-13 01:54:28,2022-12-13 01:54:43,15,3000,200,0.759357,0.872386,0.000000,1.000000,Excellent,
ECG_CH2,2482,2022-12-13 01:54:43,2022-12-13 01:54:58,15,3000,200,0.530597,0.774088,0.000000,1.000000,Excellent,
ECG_CH2,2483,2022-12-13 01:54:58,2022-12-13 01:55:13,15,3000,200,0.569205,0.642966,0.000000,1.000000,Barely acceptable,
ECG_CH2,2484,2022-12-13 01:55:13,2022-12-13 01:55:28,15,3000,200,0.559909,0.665958,0.000000,1.000000,Excellent,
ECG_CH2,2485,2022-12-13 01:55:28,2022-12-13 01:55:43,15,3000,200,0.590696,0.728295,0.000000,1.000000,Excellent,
ECG_CH2,2486,2022-12-13 01:55:43,2022-12-13 01:55:58,15,3000,200,0.697119,0.809959,0.000000,1.000000,Excellent,
ECG_CH2,2487,2022-12-13 01:55:58,2022-12-13 01:56:13,15,3000,200,0.491329,0.407629,0.000000,1.000000,Excellent,
ECG_CH2,2488,2022-12-13 01:56:13,2022-12-13 01:56:28,15,3000,200,0.639921,0.796748,0.000000,1.000000,Excellent,
ECG_CH2,2489,2022-12-13 01:56:28,2022-12-13 01:56:43,15,3000,200,0.794582,0.925500,0.000000,1.000000,Excellent,
ECG_CH2,2490,2022-12-13 01:56:43,2022-12-13 01:56:58,15,3000,200,0.714278,0.826249,0.000000,1.000000,Barely acceptable,
ECG_CH2,2491,2022-12-13 01:56:58,2022-12-13 01:57:13,15,3000,200,0.776006,0.856862,0.000000,1.000000,Barely acceptable,
ECG_CH2,2492,2022-12-13 01:57:13,2022-12-13 01:57:28,15,3000,200,0.619007,0.753087,0.000000,1.000000,Excellent,
ECG_CH2,2493,2022-12-13 01:57:28,2022-12-13 01:57:43,15,3000,200,0.807406,0.945900,0.000000,1.000000,Excellent,
ECG_CH2,2494,2022-12-13 01:57:43,2022-12-13 01:57:58,15,3000,200,0.595480,0.641942,0.000000,1.000000,Excellent,
ECG_CH2,2495,2022-12-13 01:57:58,2022-12-13 01:58:13,15,3000,200,0.701009,0.749517,0.000000,1.000000,Barely acceptable,
ECG_CH2,2496,2022-12-13 01:58:13,2022-12-13 01:58:28,15,3000,200,0.784278,0.792305,0.000000,1.000000,Barely acceptable,
ECG_CH2,2497,2022-12-13 01:58:28,2022-12-13 01:58:43,15,3000,200,0.741647,0.759984,0.000000,1.000000,Excellent,
ECG_CH2,2498,2022-12-13 01:58:43,2022-12-13 01:58:58,15,3000,200,0.622692,0.716996,0.000000,1.000000,Excellent,
ECG_CH2,2499,2022-12-13 01:58:58,2022-12-13 01:59:13,15,3000,200,0.591533,0.631626,0.000000,1.000000,Excellent,
ECG_CH2,2500,2022-12-13 01:59:13,2022-12-13 01:59:28,15,3000,200,0.659221,0.754073,0.000000,1.000000,Excellent,
ECG_CH2,2501,2022-12-13 01:59:28,2022-12-13 01:59:43,15,3000,200,0.641512,0.725298,0.000000,1.000000,Excellent,
ECG_CH2,2502,2022-12-13 01:59:43,2022-12-13 01:59:58,15,3000,200,0.786337,0.908916,0.000000,1.000000,Excellent,
ECG_CH2,2503,2022-12-13 01:59:58,2022-12-13 02:00:13,15,3000,200,0.724125,0.838327,0.000000,1.000000,Barely acceptable,
ECG_CH2,2504,2022-12-13 02:00:13,2022-12-13 02:00:28,15,3000,200,0.741125,0.826187,0.000000,1.000000,Barely acceptable,
ECG_CH2,2505,2022-12-13 02:00:28,2022-12-13 02:00:43,15,3000,200,0.725726,0.886890,0.000000,1.000000,Barely acceptable,
ECG_CH2,2506,2022-12-13 02:00:43,2022-12-13 02:00:58,15,3000,200,0.678931,0.741142,0.000000,1.000000,Barely acceptable,
ECG_CH2,2507,2022-12-13 02:00:58,2022-12-13 02:01:13,15,3000,200,0.659893,0.691723,0.000000,1.000000,Barely acceptable,
ECG_CH2,2508,2022-12-13 02:01:13,2022-12-13 02:01:28,15,3000,200,0.763373,0.881308,0.000000,1.000000,Excellent,
ECG_CH2,2509,2022-12-13 02:01:28,2022-12-13 02:01:43,15,3000,200,0.541635,0.560848,0.000000,1.000000,Excellent,
ECG_CH2,2510,2022-12-13 02:01:43,2022-12-13 02:01:58,15,3000,200,0.668115,0.742618,0.000000,1.000000,Excellent,
ECG_CH2,2511,2022-12-13 02:01:58,2022-12-13 02:02:13,15,3000,200,0.612481,0.711016,0.000000,1.000000,Excellent,
ECG_CH2,2512,2022-12-13 02:02:13,2022-12-13 02:02:28,15,3000,200,0.746948,0.840004,0.000000,1.000000,Barely acceptable,
ECG_CH2,2513,2022-12-13 02:02:28,2022-12-13 02:02:43,15,3000,200,0.767104,0.898990,0.000000,1.000000,Barely acceptable,
ECG_CH2,2514,2022-12-13 02:02:43,2022-12-13 02:02:58,15,3000,200,0.634065,0.634725,0.000000,1.000000,Excellent,
ECG_CH2,2515,2022-12-13 02:02:58,2022-12-13 02:03:13,15,3000,200,0.685825,0.773779,0.000000,1.000000,Barely acceptable,
ECG_CH2,2516,2022-12-13 02:03:13,2022-12-13 02:03:28,15,3000,200,0.698144,0.740433,0.000000,1.000000,Excellent,
ECG_CH2,2517,2022-12-13 02:03:28,2022-12-13 02:03:43,15,3000,200,0.618962,0.720185,0.000000,1.000000,Barely acceptable,
ECG_CH2,2518,2022-12-13 02:03:43,2022-12-13 02:03:58,15,3000,200,0.586590,0.639620,0.000000,1.000000,Barely acceptable,
ECG_CH2,2519,2022-12-13 02:03:58,2022-12-13 02:04:13,15,3000,200,0.736342,0.854205,0.000000,1.000000,Excellent,
ECG_CH2,2520,2022-12-13 02:04:13,2022-12-13 02:04:28,15,3000,200,0.643261,0.787951,0.000000,1.000000,Excellent,
ECG_CH2,2521,2022-12-13 02:04:28,2022-12-13 02:04:43,15,3000,200,0.602807,0.731588,0.000000,1.000000,Excellent,
ECG_CH2,2522,2022-12-13 02:04:43,2022-12-13 02:04:58,15,3000,200,0.666292,0.697621,0.000000,1.000000,Excellent,
ECG_CH2,2523,2022-12-13 02:04:58,2022-12-13 02:05:13,15,3000,200,0.602932,0.586547,0.000000,1.000000,Barely acceptable,
ECG_CH2,2524,2022-12-13 02:05:13,2022-12-13 02:05:28,15,3000,200,0.790598,0.908336,0.000000,1.000000,Barely acceptable,
ECG_CH2,2525,2022-12-13 02:05:28,2022-12-13 02:05:43,15,3000,200,0.589820,0.727877,0.000000,1.000000,Barely acceptable,
ECG_CH2,2526,2022-12-13 02:05:43,2022-12-13 02:05:58,15,3000,200,0.662759,0.805932,0.000000,1.000000,Excellent,
ECG_CH2,2527,2022-12-13 02:05:58,2022-12-13 02:06:13,15,3000,200,0.763700,0.872053,0.000000,1.000000,Barely acceptable,
ECG_CH2,2528,2022-12-13 02:06:13,2022-12-13 02:06:28,15,3000,200,0.710426,0.795276,0.000000,1.000000,Excellent,
ECG_CH2,2529,2022-12-13 02:06:28,2022-12-13 02:06:43,15,3000,200,0.693486,0.866715,0.000000,1.000000,Barely acceptable,
ECG_CH2,2530,2022-12-13 02:06:43,2022-12-13 02:06:58,15,3000,200,0.725245,0.907801,0.000000,1.000000,Barely acceptable,
ECG_CH2,2531,2022-12-13 02:06:58,2022-12-13 02:07:13,15,3000,200,0.817211,0.867192,0.000000,1.000000,Barely acceptable,
ECG_CH2,2532,2022-12-13 02:07:13,2022-12-13 02:07:28,15,3000,200,0.678963,0.811907,0.000000,1.000000,Excellent,
ECG_CH2,2533,2022-12-13 02:07:28,2022-12-13 02:07:43,15,3000,200,0.614757,0.837562,0.000000,1.000000,Barely acceptable,
ECG_CH2,2534,2022-12-13 02:07:43,2022-12-13 02:07:58,15,3000,200,0.529047,0.483550,0.000000,1.000000,Excellent,
ECG_CH2,2535,2022-12-13 02:07:58,2022-12-13 02:08:13,15,3000,200,0.639496,0.794515,0.000000,1.000000,Barely acceptable,
ECG_CH2,2536,2022-12-13 02:08:13,2022-12-13 02:08:28,15,3000,200,0.687471,0.736989,0.000000,1.000000,Barely acceptable,
ECG_CH2,2537,2022-12-13 02:08:28,2022-12-13 02:08:43,15,3000,200,0.651535,0.734809,0.000000,1.000000,Barely acceptable,
ECG_CH2,2538,2022-12-13 02:08:43,2022-12-13 02:08:58,15,3000,200,0.655630,0.745564,0.000000,1.000000,Barely acceptable,
ECG_CH2,2539,2022-12-13 02:08:58,2022-12-13 02:09:13,15,3000,200,0.492353,0.579094,0.000000,1.000000,Excellent,
ECG_CH2,2540,2022-12-13 02:09:13,2022-12-13 02:09:28,15,3000,200,0.677007,0.643799,0.000000,1.000000,Excellent,
ECG_CH2,2541,2022-12-13 02:09:28,2022-12-13 02:09:43,15,3000,200,0.612981,0.696257,0.000000,1.000000,Excellent,
ECG_CH2,2542,2022-12-13 02:09:43,2022-12-13 02:09:58,15,3000,200,0.571490,0.688309,0.000000,1.000000,Excellent,
ECG_CH2,2543,2022-12-13 02:09:58,2022-12-13 02:10:13,15,3000,200,0.584526,0.715567,0.000000,1.000000,Excellent,
ECG_CH2,2544,2022-12-13 02:10:13,2022-12-13 02:10:28,15,3000,200,0.736870,0.797233,0.000000,1.000000,Barely acceptable,
ECG_CH2,2545,2022-12-13 02:10:28,2022-12-13 02:10:43,15,3000,200,0.617558,0.687711,0.000000,1.000000,Excellent,
ECG_CH2,2546,2022-12-13 02:10:43,2022-12-13 02:10:58,15,3000,200,0.669412,0.807347,0.000000,1.000000,Excellent,
ECG_CH2,2547,2022-12-13 02:10:58,2022-12-13 02:11:13,15,3000,200,0.730452,0.817699,0.000000,1.000000,Barely acceptable,
ECG_CH2,2548,2022-12-13 02:11:13,2022-12-13 02:11:28,15,3000,200,0.439942,0.457872,0.000000,1.000000,Barely acceptable,
ECG_CH2,2549,2022-12-13 02:11:28,2022-12-13 02:11:43,15,3000,200,0.753262,0.777490,0.000000,1.000000,Barely acceptable,
ECG_CH2,2550,2022-12-13 02:11:43,2022-12-13 02:11:58,15,3000,200,0.645370,0.724231,0.000000,1.000000,Barely acceptable,
ECG_CH2,2551,2022-12-13 02:11:58,2022-12-13 02:12:13,15,3000,200,0.655256,0.748963,0.000000,1.000000,Excellent,
ECG_CH2,2552,2022-12-13 02:12:13,2022-12-13 02:12:28,15,3000,200,0.613726,0.770642,0.000000,1.000000,Excellent,
ECG_CH2,2553,2022-12-13 02:12:28,2022-12-13 02:12:43,15,3000,200,0.738696,0.860983,0.000000,1.000000,Barely acceptable,
ECG_CH2,2554,2022-12-13 02:12:43,2022-12-13 02:12:58,15,3000,200,0.686664,0.789910,0.000000,1.000000,Barely acceptable,
ECG_CH2,2555,2022-12-13 02:12:58,2022-12-13 02:13:13,15,3000,200,0.458610,0.452681,0.000000,1.000000,Excellent,
ECG_CH2,2556,2022-12-13 02:13:13,2022-12-13 02:13:28,15,3000,200,0.560752,0.627580,0.000000,1.000000,Barely acceptable,
ECG_CH2,2557,2022-12-13 02:13:28,2022-12-13 02:13:43,15,3000,200,0.594198,0.629156,0.000000,1.000000,Barely acceptable,
ECG_CH2,2558,2022-12-13 02:13:43,2022-12-13 02:13:58,15,3000,200,0.628863,0.591915,0.000000,1.000000,Barely acceptable,
ECG_CH2,2559,2022-12-13 02:13:58,2022-12-13 02:14:13,15,3000,200,0.609552,0.675093,0.000000,1.000000,Excellent,
ECG_CH2,2560,2022-12-13 02:14:13,2022-12-13 02:14:28,15,3000,200,0.716099,0.841292,0.000000,1.000000,Barely acceptable,
ECG_CH2,2561,2022-12-13 02:14:28,2022-12-13 02:14:43,15,3000,200,0.576759,0.598715,0.000000,1.000000,Excellent,
ECG_CH2,2562,2022-12-13 02:14:43,2022-12-13 02:14:58,15,3000,200,0.672440,0.735558,0.000000,1.000000,Excellent,
ECG_CH2,2563,2022-12-13 02:14:58,2022-12-13 02:15:13,15,3000,200,0.537092,0.600248,0.000000,1.000000,Excellent,
ECG_CH2,2564,2022-12-13 02:15:13,2022-12-13 02:15:28,15,3000,200,0.505013,0.593538,0.000000,1.000000,Excellent,
ECG_CH2,2565,2022-12-13 02:15:28,2022-12-13 02:15:43,15,3000,200,0.542585,0.584391,0.000000,1.000000,Excellent,
ECG_CH2,2566,2022-12-13 02:15:43,2022-12-13 02:15:58,15,3000,200,0.742249,0.808040,0.000000,1.000000,Excellent,
ECG_CH2,2567,2022-12-13 02:15:58,2022-12-13 02:16:13,15,3000,200,0.495999,0.617302,0.000000,1.000000,Excellent,
ECG_CH2,2568,2022-12-13 02:16:13,2022-12-13 02:16:28,15,3000,200,0.510133,0.603028,0.000000,1.000000,Excellent,
ECG_CH2,2569,2022-12-13 02:16:28,2022-12-13 02:16:43,15,3000,200,0.682771,0.754682,0.000000,1.000000,Excellent,
ECG_CH2,2570,2022-12-13 02:16:43,2022-12-13 02:16:58,15,3000,200,0.664240,0.574770,0.000000,1.000000,Excellent,
ECG_CH2,2571,2022-12-13 02:16:58,2022-12-13 02:17:13,15,3000,200,0.660037,0.699949,0.000000,1.000000,Excellent,
ECG_CH2,2572,2022-12-13 02:17:13,2022-12-13 02:17:28,15,3000,200,0.480124,0.590413,0.000000,1.000000,Excellent,
ECG_CH2,2573,2022-12-13 02:17:28,2022-12-13 02:17:43,15,3000,200,0.721885,0.823272,0.000000,1.000000,Excellent,
ECG_CH2,2574,2022-12-13 02:17:43,2022-12-13 02:17:58,15,3000,200,0.666987,0.802276,0.000000,1.000000,Excellent,
ECG_CH2,2575,2022-12-13 02:17:58,2022-12-13 02:18:13,15,3000,200,0.736285,0.856804,0.000000,1.000000,Barely acceptable,
ECG_CH2,2576,2022-12-13 02:18:13,2022-12-13 02:18:28,15,3000,200,0.654615,0.728389,0.000000,1.000000,Excellent,
ECG_CH2,2577,2022-12-13 02:18:28,2022-12-13 02:18:43,15,3000,200,0.545420,0.417326,0.000000,1.000000,Barely acceptable,
ECG_CH2,2578,2022-12-13 02:18:43,2022-12-13 02:18:58,15,3000,200,0.637943,0.663629,0.000000,1.000000,Barely acceptable,
ECG_CH2,2579,2022-12-13 02:18:58,2022-12-13 02:19:13,15,3000,200,0.616515,0.683734,0.000000,1.000000,Excellent,
ECG_CH2,2580,2022-12-13 02:19:13,2022-12-13 02:19:28,15,3000,200,0.695155,0.776389,0.000000,1.000000,Barely acceptable,
ECG_CH2,2581,2022-12-13 02:19:28,2022-12-13 02:19:43,15,3000,200,0.739411,0.750485,0.000000,1.000000,Barely acceptable,
ECG_CH2,2582,2022-12-13 02:19:43,2022-12-13 02:19:58,15,3000,200,0.771990,0.859486,0.000000,1.000000,Excellent,
ECG_CH2,2583,2022-12-13 02:19:58,2022-12-13 02:20:13,15,3000,200,0.819310,0.901683,0.000000,1.000000,Barely acceptable,
ECG_CH2,2584,2022-12-13 02:20:13,2022-12-13 02:20:28,15,3000,200,0.717455,0.732883,0.000000,1.000000,Excellent,
ECG_CH2,2585,2022-12-13 02:20:28,2022-12-13 02:20:43,15,3000,200,0.670329,0.708792,0.000000,1.000000,Barely acceptable,
ECG_CH2,2586,2022-12-13 02:20:43,2022-12-13 02:20:58,15,3000,200,0.737305,0.835788,0.000000,1.000000,Barely acceptable,
ECG_CH2,2587,2022-12-13 02:20:58,2022-12-13 02:21:13,15,3000,200,0.567285,0.520110,0.000000,1.000000,Excellent,
ECG_CH2,2588,2022-12-13 02:21:13,2022-12-13 02:21:28,15,3000,200,0.633070,0.777198,0.000000,1.000000,Barely acceptable,
ECG_CH2,2589,2022-12-13 02:21:28,2022-12-13 02:21:43,15,3000,200,0.648805,0.610668,0.000000,1.000000,Excellent,
ECG_CH2,2590,2022-12-13 02:21:43,2022-12-13 02:21:58,15,3000,200,0.618520,0.683126,0.000000,1.000000,Excellent,
ECG_CH2,2591,2022-12-13 02:21:58,2022-12-13 02:22:13,15,3000,200,0.619373,0.812405,0.000000,1.000000,Barely acceptable,
ECG_CH2,2592,2022-12-13 02:22:13,2022-12-13 02:22:28,15,3000,200,0.635519,0.764339,0.000000,1.000000,Excellent,
ECG_CH2,2593,2022-12-13 02:22:28,2022-12-13 02:22:43,15,3000,200,0.585886,0.533597,0.000000,1.000000,Excellent,
ECG_CH2,2594,2022-12-13 02:22:43,2022-12-13 02:22:58,15,3000,200,0.682010,0.669327,0.000000,1.000000,Excellent,
ECG_CH2,2595,2022-12-13 02:22:58,2022-12-13 02:23:13,15,3000,200,0.515040,0.385985,0.000000,1.000000,Excellent,
ECG_CH2,2596,2022-12-13 02:23:13,2022-12-13 02:23:28,15,3000,200,0.683023,0.835224,0.000000,1.000000,Barely acceptable,
ECG_CH2,2597,2022-12-13 02:23:28,2022-12-13 02:23:43,15,3000,200,0.775192,0.924663,0.000000,1.000000,Excellent,
ECG_CH2,2598,2022-12-13 02:23:43,2022-12-13 02:23:58,15,3000,200,0.476221,0.388734,0.000000,1.000000,Barely acceptable,
ECG_CH2,2599,2022-12-13 02:23:58,2022-12-13 02:24:13,15,3000,200,0.723588,0.818268,0.000000,1.000000,Excellent,
ECG_CH2,2600,2022-12-13 02:24:13,2022-12-13 02:24:28,15,3000,200,0.568006,0.601349,0.000000,1.000000,Barely acceptable,
ECG_CH2,2601,2022-12-13 02:24:28,2022-12-13 02:24:43,15,3000,200,0.717850,0.794521,0.000000,1.000000,Excellent,
ECG_CH2,2602,2022-12-13 02:24:43,2022-12-13 02:24:58,15,3000,200,0.470208,0.495019,0.000000,1.000000,Excellent,
ECG_CH2,2603,2022-12-13 02:24:58,2022-12-13 02:25:13,15,3000,200,0.701339,0.783244,0.000000,1.000000,Excellent,
ECG_CH2,2604,2022-12-13 02:25:13,2022-12-13 02:25:28,15,3000,200,0.822877,0.908701,0.000000,1.000000,Excellent,
ECG_CH2,2605,2022-12-13 02:25:28,2022-12-13 02:25:43,15,3000,200,0.493860,0.578837,0.000000,1.000000,Excellent,
ECG_CH2,2606,2022-12-13 02:25:43,2022-12-13 02:25:58,15,3000,200,0.488067,0.479768,0.000000,1.000000,Excellent,
ECG_CH2,2607,2022-12-13 02:25:58,2022-12-13 02:26:13,15,3000,200,0.540360,0.556063,0.000000,1.000000,Excellent,
ECG_CH2,2608,2022-12-13 02:26:13,2022-12-13 02:26:28,15,3000,200,0.805632,0.932736,0.000000,1.000000,Excellent,
ECG_CH2,2609,2022-12-13 02:26:28,2022-12-13 02:26:43,15,3000,200,0.725529,0.758089,0.000000,1.000000,Excellent,
ECG_CH2,2610,2022-12-13 02:26:43,2022-12-13 02:26:58,15,3000,200,0.532947,0.615668,0.000000,1.000000,Excellent,
ECG_CH2,2611,2022-12-13 02:26:58,2022-12-13 02:27:13,15,3000,200,0.803604,0.920719,0.000000,1.000000,Barely acceptable,
ECG_CH2,2612,2022-12-13 02:27:13,2022-12-13 02:27:28,15,3000,200,0.595246,0.736637,0.000000,1.000000,Excellent,
ECG_CH2,2613,2022-12-13 02:27:28,2022-12-13 02:27:43,15,3000,200,0.544549,0.567733,0.000000,1.000000,Excellent,
ECG_CH2,2614,2022-12-13 02:27:43,2022-12-13 02:27:58,15,3000,200,0.641055,0.678201,0.000000,1.000000,Excellent,
ECG_CH2,2615,2022-12-13 02:27:58,2022-12-13 02:28:13,15,3000,200,0.701657,0.779646,0.000000,1.000000,Excellent,
ECG_CH2,2616,2022-12-13 02:28:13,2022-12-13 02:28:28,15,3000,200,0.585214,0.528439,0.000000,1.000000,Excellent,
ECG_CH2,2617,2022-12-13 02:28:28,2022-12-13 02:28:43,15,3000,200,0.532372,0.609651,0.000000,1.000000,Excellent,
ECG_CH2,2618,2022-12-13 02:28:43,2022-12-13 02:28:58,15,3000,200,0.531012,0.625566,0.000000,1.000000,Barely acceptable,
ECG_CH2,2619,2022-12-13 02:28:58,2022-12-13 02:29:13,15,3000,200,0.533844,0.605384,0.000000,1.000000,Excellent,
ECG_CH2,2620,2022-12-13 02:29:13,2022-12-13 02:29:28,15,3000,200,0.565916,0.592921,0.000000,1.000000,Excellent,
ECG_CH2,2621,2022-12-13 02:29:28,2022-12-13 02:29:43,15,3000,200,0.413876,0.421119,0.000000,1.000000,Excellent,
ECG_CH2,2622,2022-12-13 02:29:43,2022-12-13 02:29:58,15,3000,200,0.538125,0.494034,0.000000,1.000000,Excellent,
ECG_CH2,2623,2022-12-13 02:29:58,2022-12-13 02:30:13,15,3000,200,0.674441,0.784276,0.000000,1.000000,Excellent,
ECG_CH2,2624,2022-12-13 02:30:13,2022-12-13 02:30:28,15,3000,200,0.779038,0.898180,0.000000,1.000000,Barely acceptable,
ECG_CH2,2625,2022-12-13 02:30:28,2022-12-13 02:30:43,15,3000,200,0.683531,0.715214,0.000000,1.000000,Excellent,
ECG_CH2,2626,2022-12-13 02:30:43,2022-12-13 02:30:58,15,3000,200,0.593422,0.668658,0.000000,1.000000,Barely acceptable,
ECG_CH2,2627,2022-12-13 02:30:58,2022-12-13 02:31:13,15,3000,200,0.794399,0.877890,0.000000,1.000000,Barely acceptable,
ECG_CH2,2628,2022-12-13 02:31:13,2022-12-13 02:31:28,15,3000,200,0.629245,0.761124,0.000000,1.000000,Barely acceptable,
ECG_CH2,2629,2022-12-13 02:31:28,2022-12-13 02:31:43,15,3000,200,0.729710,0.812245,0.000000,1.000000,Excellent,
ECG_CH2,2630,2022-12-13 02:31:43,2022-12-13 02:31:58,15,3000,200,0.727766,0.873135,0.000000,1.000000,Excellent,
ECG_CH2,2631,2022-12-13 02:31:58,2022-12-13 02:32:13,15,3000,200,0.725014,0.831795,0.000000,1.000000,Barely acceptable,
ECG_CH2,2632,2022-12-13 02:32:13,2022-12-13 02:32:28,15,3000,200,0.729611,0.882191,0.000000,1.000000,Excellent,
ECG_CH2,2633,2022-12-13 02:32:28,2022-12-13 02:32:43,15,3000,200,0.554913,0.435171,0.000000,1.000000,Excellent,
ECG_CH2,2634,2022-12-13 02:32:43,2022-12-13 02:32:58,15,3000,200,0.563704,0.665183,0.000000,1.000000,Excellent,
ECG_CH2,2635,2022-12-13 02:32:58,2022-12-13 02:33:13,15,3000,200,0.547974,0.586560,0.000000,1.000000,Excellent,
ECG_CH2,2636,2022-12-13 02:33:13,2022-12-13 02:33:28,15,3000,200,0.719383,0.864855,0.000000,1.000000,Excellent,
ECG_CH2,2637,2022-12-13 02:33:28,2022-12-13 02:33:43,15,3000,200,0.708812,0.802190,0.000000,1.000000,Excellent,
ECG_CH2,2638,2022-12-13 02:33:43,2022-12-13 02:33:58,15,3000,200,0.676811,0.760323,0.000000,1.000000,Excellent,
ECG_CH2,2639,2022-12-13 02:33:58,2022-12-13 02:34:13,15,3000,200,0.601838,0.636502,0.000000,1.000000,Excellent,
ECG_CH2,2640,2022-12-13 02:34:13,2022-12-13 02:34:28,15,3000,200,0.684610,0.752515,0.000000,1.000000,Excellent,
ECG_CH2,2641,2022-12-13 02:34:28,2022-12-13 02:34:43,15,3000,200,0.710971,0.832304,0.000000,1.000000,Excellent,
ECG_CH2,2642,2022-12-13 02:34:43,2022-12-13 02:34:58,15,3000,200,0.710611,0.848240,0.000000,1.000000,Barely acceptable,
ECG_CH2,2643,2022-12-13 02:34:58,2022-12-13 02:35:13,15,3000,200,0.644399,0.789175,0.000000,1.000000,Excellent,
ECG_CH2,2644,2022-12-13 02:35:13,2022-12-13 02:35:28,15,3000,200,0.514501,0.675338,0.000000,1.000000,Excellent,
ECG_CH2,2645,2022-12-13 02:35:28,2022-12-13 02:35:43,15,3000,200,0.697380,0.834350,0.000000,1.000000,Excellent,
ECG_CH2,2646,2022-12-13 02:35:43,2022-12-13 02:35:58,15,3000,200,0.555447,0.575983,0.000000,1.000000,Excellent,
ECG_CH2,2647,2022-12-13 02:35:58,2022-12-13 02:36:13,15,3000,200,0.623387,0.652862,0.000000,1.000000,Excellent,
ECG_CH2,2648,2022-12-13 02:36:13,2022-12-13 02:36:28,15,3000,200,0.723839,0.832333,0.000000,1.000000,Excellent,
ECG_CH2,2649,2022-12-13 02:36:28,2022-12-13 02:36:43,15,3000,200,0.727605,0.865012,0.000000,1.000000,Excellent,
ECG_CH2,2650,2022-12-13 02:36:43,2022-12-13 02:36:58,15,3000,200,0.544212,0.422229,0.000000,1.000000,Barely acceptable,
ECG_CH2,2651,2022-12-13 02:36:58,2022-12-13 02:37:13,15,3000,200,0.719941,0.776477,0.000000,1.000000,Barely acceptable,
ECG_CH2,2652,2022-12-13 02:37:13,2022-12-13 02:37:28,15,3000,200,0.539243,0.430310,0.000000,1.000000,Excellent,
ECG_CH2,2653,2022-12-13 02:37:28,2022-12-13 02:37:43,15,3000,200,0.661912,0.733480,0.000000,1.000000,Excellent,
ECG_CH2,2654,2022-12-13 02:37:43,2022-12-13 02:37:58,15,3000,200,0.617938,0.631063,0.000000,1.000000,Excellent,
ECG_CH2,2655,2022-12-13 02:37:58,2022-12-13 02:38:13,15,3000,200,0.697204,0.856975,0.000000,1.000000,Excellent,
ECG_CH2,2656,2022-12-13 02:38:13,2022-12-13 02:38:28,15,3000,200,0.834538,0.925803,0.000000,1.000000,Barely acceptable,
ECG_CH2,2657,2022-12-13 02:38:28,2022-12-13 02:38:43,15,3000,200,0.641733,0.716263,0.000000,1.000000,Excellent,
ECG_CH2,2658,2022-12-13 02:38:43,2022-12-13 02:38:58,15,3000,200,0.601111,0.728358,0.000000,1.000000,Barely acceptable,
ECG_CH2,2659,2022-12-13 02:38:58,2022-12-13 02:39:13,15,3000,200,0.453945,0.468739,0.000000,1.000000,Excellent,
ECG_CH2,2660,2022-12-13 02:39:13,2022-12-13 02:39:28,15,3000,200,0.627630,0.761393,0.000000,1.000000,Barely acceptable,
ECG_CH2,2661,2022-12-13 02:39:28,2022-12-13 02:39:43,15,3000,200,0.705330,0.833107,0.000000,1.000000,Excellent,
ECG_CH2,2662,2022-12-13 02:39:43,2022-12-13 02:39:58,15,3000,200,0.726076,0.876699,0.000000,1.000000,Barely acceptable,
ECG_CH2,2663,2022-12-13 02:39:58,2022-12-13 02:40:13,15,3000,200,0.736537,0.871625,0.000000,1.000000,Excellent,
ECG_CH2,2664,2022-12-13 02:40:13,2022-12-13 02:40:28,15,3000,200,0.681367,0.810332,0.000000,1.000000,Excellent,
ECG_CH2,2665,2022-12-13 02:40:28,2022-12-13 02:40:43,15,3000,200,0.621435,0.825302,0.000000,1.000000,Excellent,
ECG_CH2,2666,2022-12-13 02:40:43,2022-12-13 02:40:58,15,3000,200,0.730913,0.809638,0.000000,1.000000,Excellent,
ECG_CH2,2667,2022-12-13 02:40:58,2022-12-13 02:41:13,15,3000,200,0.684275,0.731177,0.000000,1.000000,Excellent,
ECG_CH2,2668,2022-12-13 02:41:13,2022-12-13 02:41:28,15,3000,200,0.466355,0.479142,0.000000,1.000000,Barely acceptable,
ECG_CH2,2669,2022-12-13 02:41:28,2022-12-13 02:41:43,15,3000,200,0.802300,0.905135,0.000000,1.000000,Barely acceptable,
ECG_CH2,2670,2022-12-13 02:41:43,2022-12-13 02:41:58,15,3000,200,0.689149,0.779031,0.000000,1.000000,Barely acceptable,
ECG_CH2,2671,2022-12-13 02:41:58,2022-12-13 02:42:13,15,3000,200,0.575252,0.729418,0.000000,1.000000,Excellent,
ECG_CH2,2672,2022-12-13 02:42:13,2022-12-13 02:42:28,15,3000,200,0.654949,0.675362,0.000000,1.000000,Barely acceptable,
ECG_CH2,2673,2022-12-13 02:42:28,2022-12-13 02:42:43,15,3000,200,0.730136,0.779322,0.000000,1.000000,Barely acceptable,
ECG_CH2,2674,2022-12-13 02:42:43,2022-12-13 02:42:58,15,3000,200,0.727141,0.755210,0.000000,1.000000,Barely acceptable,
ECG_CH2,2675,2022-12-13 02:42:58,2022-12-13 02:43:13,15,3000,200,0.538668,0.509856,0.000000,1.000000,Excellent,
ECG_CH2,2676,2022-12-13 02:43:13,2022-12-13 02:43:28,15,3000,200,0.633548,0.641154,0.000000,1.000000,Barely acceptable,
ECG_CH2,2677,2022-12-13 02:43:28,2022-12-13 02:43:43,15,3000,200,0.637211,0.511283,0.000000,1.000000,Excellent,
ECG_CH2,2678,2022-12-13 02:43:43,2022-12-13 02:43:58,15,3000,200,0.550875,0.600499,0.000000,1.000000,Excellent,
ECG_CH2,2679,2022-12-13 02:43:58,2022-12-13 02:44:13,15,3000,200,0.540809,0.559206,0.000000,1.000000,Excellent,
ECG_CH2,2680,2022-12-13 02:44:13,2022-12-13 02:44:28,15,3000,200,0.665020,0.787264,0.000000,1.000000,Excellent,
ECG_CH2,2681,2022-12-13 02:44:28,2022-12-13 02:44:43,15,3000,200,0.795009,0.878812,0.000000,1.000000,Excellent,
ECG_CH2,2682,2022-12-13 02:44:43,2022-12-13 02:44:58,15,3000,200,0.554194,0.550404,0.000000,1.000000,Excellent,
ECG_CH2,2683,2022-12-13 02:44:58,2022-12-13 02:45:13,15,3000,200,0.651479,0.722303,0.000000,1.000000,Excellent,
ECG_CH2,2684,2022-12-13 02:45:13,2022-12-13 02:45:28,15,3000,200,0.556821,0.699705,0.000000,1.000000,Excellent,
ECG_CH2,2685,2022-12-13 02:45:28,2022-12-13 02:45:43,15,3000,200,0.702908,0.847338,0.000000,1.000000,Excellent,
ECG_CH2,2686,2022-12-13 02:45:43,2022-12-13 02:45:58,15,3000,200,0.705662,0.832739,0.000000,1.000000,Excellent,
ECG_CH2,2687,2022-12-13 02:45:58,2022-12-13 02:46:13,15,3000,200,0.595105,0.517839,0.000000,1.000000,Excellent,
ECG_CH2,2688,2022-12-13 02:46:13,2022-12-13 02:46:28,15,3000,200,0.590567,0.669741,0.000000,1.000000,Excellent,
ECG_CH2,2689,2022-12-13 02:46:28,2022-12-13 02:46:43,15,3000,200,0.705772,0.859094,0.000000,1.000000,Excellent,
ECG_CH2,2690,2022-12-13 02:46:43,2022-12-13 02:46:58,15,3000,200,0.560194,0.591498,0.000000,1.000000,Excellent,
ECG_CH2,2691,2022-12-13 02:46:58,2022-12-13 02:47:13,15,3000,200,0.604542,0.700123,0.000000,1.000000,Excellent,
ECG_CH2,2692,2022-12-13 02:47:13,2022-12-13 02:47:28,15,3000,200,0.662976,0.694632,0.000000,1.000000,Excellent,
ECG_CH2,2693,2022-12-13 02:47:28,2022-12-13 02:47:43,15,3000,200,0.614406,0.766176,0.000000,1.000000,Excellent,
ECG_CH2,2694,2022-12-13 02:47:43,2022-12-13 02:47:58,15,3000,200,0.749088,0.902279,0.000000,1.000000,Excellent,
ECG_CH2,2695,2022-12-13 02:47:58,2022-12-13 02:48:13,15,3000,200,0.603876,0.614573,0.000000,1.000000,Excellent,
ECG_CH2,2696,2022-12-13 02:48:13,2022-12-13 02:48:28,15,3000,200,0.747998,0.854530,0.000000,1.000000,Barely acceptable,
ECG_CH2,2697,2022-12-13 02:48:28,2022-12-13 02:48:43,15,3000,200,0.487030,0.472872,0.000000,1.000000,Excellent,
ECG_CH2,2698,2022-12-13 02:48:43,2022-12-13 02:48:58,15,3000,200,0.700862,0.744786,0.000000,1.000000,Barely acceptable,
ECG_CH2,2699,2022-12-13 02:48:58,2022-12-13 02:49:13,15,3000,200,0.606691,0.545843,0.000000,1.000000,Excellent,
ECG_CH2,2700,2022-12-13 02:49:13,2022-12-13 02:49:28,15,3000,200,0.659787,0.636336,0.000000,1.000000,Excellent,
ECG_CH2,2701,2022-12-13 02:49:28,2022-12-13 02:49:43,15,3000,200,0.538561,0.567022,0.000000,1.000000,Excellent,
ECG_CH2,2702,2022-12-13 02:49:43,2022-12-13 02:49:58,15,3000,200,0.683179,0.751138,0.000000,1.000000,Excellent,
ECG_CH2,2703,2022-12-13 02:49:58,2022-12-13 02:50:13,15,3000,200,0.719987,0.796332,0.000000,1.000000,Excellent,
ECG_CH2,2704,2022-12-13 02:50:13,2022-12-13 02:50:28,15,3000,200,0.610925,0.792391,0.000000,1.000000,Excellent,
ECG_CH2,2705,2022-12-13 02:50:28,2022-12-13 02:50:43,15,3000,200,0.710099,0.823138,0.000000,1.000000,Excellent,
ECG_CH2,2706,2022-12-13 02:50:43,2022-12-13 02:50:58,15,3000,200,0.598349,0.596189,0.000000,1.000000,Excellent,
ECG_CH2,2707,2022-12-13 02:50:58,2022-12-13 02:51:13,15,3000,200,0.669537,0.707963,0.000000,1.000000,Excellent,
ECG_CH2,2708,2022-12-13 02:51:13,2022-12-13 02:51:28,15,3000,200,0.625675,0.703860,0.000000,1.000000,Excellent,
ECG_CH2,2709,2022-12-13 02:51:28,2022-12-13 02:51:43,15,3000,200,0.467522,0.429115,0.000000,1.000000,Excellent,
ECG_CH2,2710,2022-12-13 02:51:43,2022-12-13 02:51:58,15,3000,200,0.777143,0.904556,0.000000,1.000000,Excellent,
ECG_CH2,2711,2022-12-13 02:51:58,2022-12-13 02:52:13,15,3000,200,0.589942,0.595274,0.000000,1.000000,Excellent,
ECG_CH2,2712,2022-12-13 02:52:13,2022-12-13 02:52:28,15,3000,200,0.621129,0.624210,0.000000,1.000000,Excellent,
ECG_CH2,2713,2022-12-13 02:52:28,2022-12-13 02:52:43,15,3000,200,0.441839,0.465230,0.000000,1.000000,Excellent,
ECG_CH2,2714,2022-12-13 02:52:43,2022-12-13 02:52:58,15,3000,200,0.625292,0.689104,0.000000,1.000000,Excellent,
ECG_CH2,2715,2022-12-13 02:52:58,2022-12-13 02:53:13,15,3000,200,0.701926,0.825010,0.000000,1.000000,Excellent,
ECG_CH2,2716,2022-12-13 02:53:13,2022-12-13 02:53:28,15,3000,200,0.518573,0.493610,0.000000,1.000000,Excellent,
ECG_CH2,2717,2022-12-13 02:53:28,2022-12-13 02:53:43,15,3000,200,0.631966,0.826329,0.000000,1.000000,Excellent,
ECG_CH2,2718,2022-12-13 02:53:43,2022-12-13 02:53:58,15,3000,200,0.661942,0.736965,0.000000,1.000000,Excellent,
ECG_CH2,2719,2022-12-13 02:53:58,2022-12-13 02:54:13,15,3000,200,0.590155,0.734846,0.000000,1.000000,Excellent,
ECG_CH2,2720,2022-12-13 02:54:13,2022-12-13 02:54:28,15,3000,200,0.611027,0.657186,0.000000,1.000000,Excellent,
ECG_CH2,2721,2022-12-13 02:54:28,2022-12-13 02:54:43,15,3000,200,0.514090,0.528325,0.000000,1.000000,Excellent,
ECG_CH2,2722,2022-12-13 02:54:43,2022-12-13 02:54:58,15,3000,200,0.692215,0.818366,0.000000,1.000000,Excellent,
ECG_CH2,2723,2022-12-13 02:54:58,2022-12-13 02:55:13,15,3000,200,0.563410,0.466378,0.000000,1.000000,Excellent,
ECG_CH2,2724,2022-12-13 02:55:13,2022-12-13 02:55:28,15,3000,200,0.709760,0.758422,0.000000,1.000000,Excellent,
ECG_CH2,2725,2022-12-13 02:55:28,2022-12-13 02:55:43,15,3000,200,0.489883,0.374734,0.000000,1.000000,Excellent,
ECG_CH2,2726,2022-12-13 02:55:43,2022-12-13 02:55:58,15,3000,200,0.614028,0.621145,0.000000,1.000000,Excellent,
ECG_CH2,2727,2022-12-13 02:55:58,2022-12-13 02:56:13,15,3000,200,0.684182,0.759465,0.000000,1.000000,Excellent,
ECG_CH2,2728,2022-12-13 02:56:13,2022-12-13 02:56:28,15,3000,200,0.705848,0.751011,0.000000,1.000000,Excellent,
ECG_CH2,2729,2022-12-13 02:56:28,2022-12-13 02:56:43,15,3000,200,0.618791,0.700935,0.000000,1.000000,Excellent,
ECG_CH2,2730,2022-12-13 02:56:43,2022-12-13 02:56:58,15,3000,200,0.457445,0.366203,0.000000,1.000000,Excellent,
ECG_CH2,2731,2022-12-13 02:56:58,2022-12-13 02:57:13,15,3000,200,0.716780,0.738403,0.000000,1.000000,Excellent,
ECG_CH2,2732,2022-12-13 02:57:13,2022-12-13 02:57:28,15,3000,200,0.534012,0.596411,0.000000,1.000000,Excellent,
ECG_CH2,2733,2022-12-13 02:57:28,2022-12-13 02:57:43,15,3000,200,0.627854,0.808830,0.000000,1.000000,Excellent,
ECG_CH2,2734,2022-12-13 02:57:43,2022-12-13 02:57:58,15,3000,200,0.610531,0.568843,0.000000,1.000000,Barely acceptable,
ECG_CH2,2735,2022-12-13 02:57:58,2022-12-13 02:58:13,15,3000,200,0.508155,0.636659,0.000000,1.000000,Excellent,
ECG_CH2,2736,2022-12-13 02:58:13,2022-12-13 02:58:28,15,3000,200,0.647765,0.682816,0.000000,1.000000,Excellent,
ECG_CH2,2737,2022-12-13 02:58:28,2022-12-13 02:58:43,15,3000,200,0.639779,0.733239,0.000000,1.000000,Excellent,
ECG_CH2,2738,2022-12-13 02:58:43,2022-12-13 02:58:58,15,3000,200,0.567961,0.666313,0.000000,1.000000,Excellent,
ECG_CH2,2739,2022-12-13 02:58:58,2022-12-13 02:59:13,15,3000,200,0.480713,0.433393,0.000000,1.000000,Excellent,
ECG_CH2,2740,2022-12-13 02:59:13,2022-12-13 02:59:28,15,3000,200,0.589269,0.671733,0.000000,1.000000,Excellent,
ECG_CH2,2741,2022-12-13 02:59:28,2022-12-13 02:59:43,15,3000,200,0.522240,0.665696,0.000000,1.000000,Excellent,
ECG_CH2,2742,2022-12-13 02:59:43,2022-12-13 02:59:58,15,3000,200,0.542128,0.604451,0.000000,1.000000,Excellent,
ECG_CH2,2743,2022-12-13 02:59:58,2022-12-13 03:00:13,15,3000,200,0.568590,0.629388,0.000000,1.000000,Excellent,
ECG_CH2,2744,2022-12-13 03:00:13,2022-12-13 03:00:28,15,3000,200,0.620373,0.561244,0.000000,1.000000,Excellent,
ECG_CH2,2745,2022-12-13 03:00:28,2022-12-13 03:00:43,15,3000,200,0.756327,0.804891,0.000000,1.000000,Excellent,
ECG_CH2,2746,2022-12-13 03:00:43,2022-12-13 03:00:58,15,3000,200,0.674806,0.775490,0.000000,1.000000,Excellent,
ECG_CH2,2747,2022-12-13 03:00:58,2022-12-13 03:01:13,15,3000,200,0.734377,0.847915,0.000000,1.000000,Excellent,
ECG_CH2,2748,2022-12-13 03:01:13,2022-12-13 03:01:28,15,3000,200,0.516520,0.488836,0.000000,1.000000,Excellent,
ECG_CH2,2749,2022-12-13 03:01:28,2022-12-13 03:01:43,15,3000,200,0.605008,0.701439,0.000000,1.000000,Excellent,
ECG_CH2,2750,2022-12-13 03:01:43,2022-12-13 03:01:58,15,3000,200,0.594948,0.665145,0.000000,1.000000,Excellent,
ECG_CH2,2751,2022-12-13 03:01:58,2022-12-13 03:02:13,15,3000,200,0.466505,0.406013,0.000000,1.000000,Excellent,
ECG_CH2,2752,2022-12-13 03:02:13,2022-12-13 03:02:28,15,3000,200,0.601415,0.640625,0.000000,1.000000,Excellent,
ECG_CH2,2753,2022-12-13 03:02:28,2022-12-13 03:02:43,15,3000,200,0.571693,0.729948,0.000000,1.000000,Excellent,
ECG_CH2,2754,2022-12-13 03:02:43,2022-12-13 03:02:58,15,3000,200,0.858421,0.869369,0.000000,1.000000,Excellent,
ECG_CH2,2755,2022-12-13 03:02:58,2022-12-13 03:03:13,15,3000,200,0.558391,0.564044,0.000000,1.000000,Excellent,
ECG_CH2,2756,2022-12-13 03:03:13,2022-12-13 03:03:28,15,3000,200,0.639514,0.622243,0.000000,1.000000,Excellent,
ECG_CH2,2757,2022-12-13 03:03:28,2022-12-13 03:03:43,15,3000,200,0.485902,0.448913,0.000000,1.000000,Barely acceptable,
ECG_CH2,2758,2022-12-13 03:03:43,2022-12-13 03:03:58,15,3000,200,0.753950,0.858489,0.000000,1.000000,Barely acceptable,
ECG_CH2,2759,2022-12-13 03:03:58,2022-12-13 03:04:13,15,3000,200,0.662333,0.656271,0.000000,1.000000,Excellent,
ECG_CH2,2760,2022-12-13 03:04:13,2022-12-13 03:04:28,15,3000,200,0.613420,0.667026,0.000000,1.000000,Excellent,
ECG_CH2,2761,2022-12-13 03:04:28,2022-12-13 03:04:43,15,3000,200,0.585380,0.746257,0.000000,1.000000,Barely acceptable,
ECG_CH2,2762,2022-12-13 03:04:43,2022-12-13 03:04:58,15,3000,200,0.664676,0.674885,0.000000,1.000000,Barely acceptable,
ECG_CH2,2763,2022-12-13 03:04:58,2022-12-13 03:05:13,15,3000,200,0.687187,0.763079,0.000000,1.000000,Barely acceptable,
ECG_CH2,2764,2022-12-13 03:05:13,2022-12-13 03:05:28,15,3000,200,0.648440,0.774064,0.000000,1.000000,Barely acceptable,
ECG_CH2,2765,2022-12-13 03:05:28,2022-12-13 03:05:43,15,3000,200,0.659477,0.770746,0.000000,1.000000,Excellent,
ECG_CH2,2766,2022-12-13 03:05:43,2022-12-13 03:05:58,15,3000,200,0.545178,0.556503,0.000000,1.000000,Excellent,
ECG_CH2,2767,2022-12-13 03:05:58,2022-12-13 03:06:13,15,3000,200,0.719111,0.801733,0.000000,1.000000,Barely acceptable,
ECG_CH2,2768,2022-12-13 03:06:13,2022-12-13 03:06:28,15,3000,200,0.601346,0.772130,0.000000,1.000000,Excellent,
ECG_CH2,2769,2022-12-13 03:06:28,2022-12-13 03:06:43,15,3000,200,0.535834,0.527229,0.000000,1.000000,Excellent,
ECG_CH2,2770,2022-12-13 03:06:43,2022-12-13 03:06:58,15,3000,200,0.624488,0.712037,0.000000,1.000000,Excellent,
ECG_CH2,2771,2022-12-13 03:06:58,2022-12-13 03:07:13,15,3000,200,0.726294,0.877417,0.000000,1.000000,Excellent,
ECG_CH2,2772,2022-12-13 03:07:13,2022-12-13 03:07:28,15,3000,200,0.620252,0.645498,0.000000,1.000000,Excellent,
ECG_CH2,2773,2022-12-13 03:07:28,2022-12-13 03:07:43,15,3000,200,0.703684,0.773506,0.000000,1.000000,Excellent,
ECG_CH2,2774,2022-12-13 03:07:43,2022-12-13 03:07:58,15,3000,200,0.665135,0.697288,0.000000,1.000000,Excellent,
ECG_CH2,2775,2022-12-13 03:07:58,2022-12-13 03:08:13,15,3000,200,0.473773,0.521200,0.000000,1.000000,Excellent,
ECG_CH2,2776,2022-12-13 03:08:13,2022-12-13 03:08:28,15,3000,200,0.632743,0.826104,0.000000,1.000000,Excellent,
ECG_CH2,2777,2022-12-13 03:08:28,2022-12-13 03:08:43,15,3000,200,0.595344,0.607527,0.000000,1.000000,Excellent,
ECG_CH2,2778,2022-12-13 03:08:43,2022-12-13 03:08:58,15,3000,200,0.554970,0.574514,0.000000,1.000000,Excellent,
ECG_CH2,2779,2022-12-13 03:08:58,2022-12-13 03:09:13,15,3000,200,0.647517,0.754171,0.000000,1.000000,Excellent,
ECG_CH2,2780,2022-12-13 03:09:13,2022-12-13 03:09:28,15,3000,200,0.488526,0.566907,0.000000,1.000000,Excellent,
ECG_CH2,2781,2022-12-13 03:09:28,2022-12-13 03:09:43,15,3000,200,0.691205,0.802970,0.000000,1.000000,Excellent,
ECG_CH2,2782,2022-12-13 03:09:43,2022-12-13 03:09:58,15,3000,200,0.558706,0.540130,0.000000,1.000000,Excellent,
ECG_CH2,2783,2022-12-13 03:09:58,2022-12-13 03:10:13,15,3000,200,0.574980,0.604725,0.000000,1.000000,Excellent,
ECG_CH2,2784,2022-12-13 03:10:13,2022-12-13 03:10:28,15,3000,200,0.673670,0.872904,0.000000,1.000000,Excellent,
ECG_CH2,2785,2022-12-13 03:10:28,2022-12-13 03:10:43,15,3000,200,0.471050,0.227058,0.000000,1.000000,Excellent,
ECG_CH2,2786,2022-12-13 03:10:43,2022-12-13 03:10:58,15,3000,200,0.706974,0.733792,0.000000,1.000000,Excellent,
ECG_CH2,2787,2022-12-13 03:10:58,2022-12-13 03:11:13,15,3000,200,0.615872,0.803125,0.000000,1.000000,Excellent,
ECG_CH2,2788,2022-12-13 03:11:13,2022-12-13 03:11:28,15,3000,200,0.509062,0.543722,0.000000,1.000000,Excellent,
ECG_CH2,2789,2022-12-13 03:11:28,2022-12-13 03:11:43,15,3000,200,0.652184,0.714749,0.000000,1.000000,Excellent,
ECG_CH2,2790,2022-12-13 03:11:43,2022-12-13 03:11:58,15,3000,200,0.619375,0.755395,0.000000,1.000000,Excellent,
ECG_CH2,2791,2022-12-13 03:11:58,2022-12-13 03:12:13,15,3000,200,0.589678,0.588881,0.000000,1.000000,Excellent,
ECG_CH2,2792,2022-12-13 03:12:13,2022-12-13 03:12:28,15,3000,200,0.580865,0.684111,0.000000,1.000000,Excellent,
ECG_CH2,2793,2022-12-13 03:12:28,2022-12-13 03:12:43,15,3000,200,0.443215,0.390166,0.000000,1.000000,Excellent,
ECG_CH2,2794,2022-12-13 03:12:43,2022-12-13 03:12:58,15,3000,200,0.641876,0.697993,0.000000,1.000000,Excellent,
ECG_CH2,2795,2022-12-13 03:12:58,2022-12-13 03:13:13,15,3000,200,0.502965,0.352186,0.000000,1.000000,Excellent,
ECG_CH2,2796,2022-12-13 03:13:13,2022-12-13 03:13:28,15,3000,200,0.502221,0.538645,0.000000,1.000000,Excellent,
ECG_CH2,2797,2022-12-13 03:13:28,2022-12-13 03:13:43,15,3000,200,0.763169,0.868521,0.000000,1.000000,Excellent,
ECG_CH2,2798,2022-12-13 03:13:43,2022-12-13 03:13:58,15,3000,200,0.573296,0.638552,0.000000,1.000000,Excellent,
ECG_CH2,2799,2022-12-13 03:13:58,2022-12-13 03:14:13,15,3000,200,0.604247,0.632516,0.000000,1.000000,Excellent,
ECG_CH2,2800,2022-12-13 03:14:13,2022-12-13 03:14:28,15,3000,200,0.618165,0.711651,0.000000,1.000000,Excellent,
ECG_CH2,2801,2022-12-13 03:14:28,2022-12-13 03:14:43,15,3000,200,0.647019,0.668651,0.000000,1.000000,Excellent,
ECG_CH2,2802,2022-12-13 03:14:43,2022-12-13 03:14:58,15,3000,200,0.593188,0.665831,0.000000,1.000000,Excellent,
ECG_CH2,2803,2022-12-13 03:14:58,2022-12-13 03:15:13,15,3000,200,0.710813,0.823791,0.000000,1.000000,Excellent,
ECG_CH2,2804,2022-12-13 03:15:13,2022-12-13 03:15:28,15,3000,200,0.667833,0.744682,0.000000,1.000000,Excellent,
ECG_CH2,2805,2022-12-13 03:15:28,2022-12-13 03:15:43,15,3000,200,0.709631,0.833573,0.000000,1.000000,Excellent,
ECG_CH2,2806,2022-12-13 03:15:43,2022-12-13 03:15:58,15,3000,200,0.490033,0.477254,0.000000,1.000000,Excellent,
ECG_CH2,2807,2022-12-13 03:15:58,2022-12-13 03:16:13,15,3000,200,0.577193,0.662023,0.000000,1.000000,Excellent,
ECG_CH2,2808,2022-12-13 03:16:13,2022-12-13 03:16:28,15,3000,200,0.629870,0.680387,0.000000,1.000000,Excellent,
ECG_CH2,2809,2022-12-13 03:16:28,2022-12-13 03:16:43,15,3000,200,0.591185,0.642599,0.000000,1.000000,Excellent,
ECG_CH2,2810,2022-12-13 03:16:43,2022-12-13 03:16:58,15,3000,200,0.561490,0.730467,0.000000,1.000000,Excellent,
ECG_CH2,2811,2022-12-13 03:16:58,2022-12-13 03:17:13,15,3000,200,0.591064,0.529619,0.000000,1.000000,Excellent,
ECG_CH2,2812,2022-12-13 03:17:13,2022-12-13 03:17:28,15,3000,200,0.587769,0.630177,0.000000,1.000000,Excellent,
ECG_CH2,2813,2022-12-13 03:17:28,2022-12-13 03:17:43,15,3000,200,0.542197,0.442362,0.000000,1.000000,Excellent,
ECG_CH2,2814,2022-12-13 03:17:43,2022-12-13 03:17:58,15,3000,200,0.616166,0.699418,0.000000,1.000000,Excellent,
ECG_CH2,2815,2022-12-13 03:17:58,2022-12-13 03:18:13,15,3000,200,0.609135,0.688988,0.000000,1.000000,Excellent,
ECG_CH2,2816,2022-12-13 03:18:13,2022-12-13 03:18:28,15,3000,200,0.647508,0.701999,0.000000,1.000000,Excellent,
ECG_CH2,2817,2022-12-13 03:18:28,2022-12-13 03:18:43,15,3000,200,0.602666,0.706542,0.000000,1.000000,Excellent,
ECG_CH2,2818,2022-12-13 03:18:43,2022-12-13 03:18:58,15,3000,200,0.623410,0.730155,0.000000,1.000000,Excellent,
ECG_CH2,2819,2022-12-13 03:18:58,2022-12-13 03:19:13,15,3000,200,0.788512,0.866051,0.000000,1.000000,Excellent,
ECG_CH2,2820,2022-12-13 03:19:13,2022-12-13 03:19:28,15,3000,200,0.678504,0.765410,0.000000,1.000000,Excellent,
ECG_CH2,2821,2022-12-13 03:19:28,2022-12-13 03:19:43,15,3000,200,0.621978,0.757227,0.000000,1.000000,Excellent,
ECG_CH2,2822,2022-12-13 03:19:43,2022-12-13 03:19:58,15,3000,200,0.735400,0.820858,0.000000,1.000000,Excellent,
ECG_CH2,2823,2022-12-13 03:19:58,2022-12-13 03:20:13,15,3000,200,0.632149,0.740028,0.000000,1.000000,Barely acceptable,
ECG_CH2,2824,2022-12-13 03:20:13,2022-12-13 03:20:28,15,3000,200,0.595288,0.737560,0.000000,1.000000,Excellent,
ECG_CH2,2825,2022-12-13 03:20:28,2022-12-13 03:20:43,15,3000,200,0.634459,0.779800,0.000000,1.000000,Excellent,
ECG_CH2,2826,2022-12-13 03:20:43,2022-12-13 03:20:58,15,3000,200,0.619247,0.702709,0.000000,1.000000,Excellent,
ECG_CH2,2827,2022-12-13 03:20:58,2022-12-13 03:21:13,15,3000,200,0.548810,0.691435,0.000000,1.000000,Excellent,
ECG_CH2,2828,2022-12-13 03:21:13,2022-12-13 03:21:28,15,3000,200,0.509961,0.411912,0.000000,1.000000,Excellent,
ECG_CH2,2829,2022-12-13 03:21:28,2022-12-13 03:21:43,15,3000,200,0.763336,0.900481,0.000000,1.000000,Excellent,
ECG_CH2,2830,2022-12-13 03:21:43,2022-12-13 03:21:58,15,3000,200,0.706791,0.806956,0.000000,1.000000,Excellent,
ECG_CH2,2831,2022-12-13 03:21:58,2022-12-13 03:22:13,15,3000,200,0.716830,0.749503,0.000000,1.000000,Excellent,
ECG_CH2,2832,2022-12-13 03:22:13,2022-12-13 03:22:28,15,3000,200,0.836422,0.922891,0.000000,1.000000,Excellent,
ECG_CH2,2833,2022-12-13 03:22:28,2022-12-13 03:22:43,15,3000,200,0.686560,0.809945,0.000000,1.000000,Excellent,
ECG_CH2,2834,2022-12-13 03:22:43,2022-12-13 03:22:58,15,3000,200,0.662177,0.726364,0.000000,1.000000,Excellent,
ECG_CH2,2835,2022-12-13 03:22:58,2022-12-13 03:23:13,15,3000,200,0.558328,0.573908,0.000000,1.000000,Excellent,
ECG_CH2,2836,2022-12-13 03:23:13,2022-12-13 03:23:28,15,3000,200,0.567263,0.597937,0.000000,1.000000,Excellent,
ECG_CH2,2837,2022-12-13 03:23:28,2022-12-13 03:23:43,15,3000,200,0.595227,0.726470,0.000000,1.000000,Excellent,
ECG_CH2,2838,2022-12-13 03:23:43,2022-12-13 03:23:58,15,3000,200,0.790447,0.936788,0.000000,1.000000,Excellent,
ECG_CH2,2839,2022-12-13 03:23:58,2022-12-13 03:24:13,15,3000,200,0.747553,0.864810,0.000000,1.000000,Excellent,
ECG_CH2,2840,2022-12-13 03:24:13,2022-12-13 03:24:28,15,3000,200,0.638023,0.736950,0.000000,1.000000,Excellent,
ECG_CH2,2841,2022-12-13 03:24:28,2022-12-13 03:24:43,15,3000,200,0.594517,0.693561,0.000000,1.000000,Excellent,
ECG_CH2,2842,2022-12-13 03:24:43,2022-12-13 03:24:58,15,3000,200,0.708658,0.822848,0.000000,1.000000,Barely acceptable,
ECG_CH2,2843,2022-12-13 03:24:58,2022-12-13 03:25:13,15,3000,200,0.624736,0.724025,0.000000,1.000000,Excellent,
ECG_CH2,2844,2022-12-13 03:25:13,2022-12-13 03:25:28,15,3000,200,0.580498,0.707667,0.000000,1.000000,Excellent,
ECG_CH2,2845,2022-12-13 03:25:28,2022-12-13 03:25:43,15,3000,200,0.642479,0.762413,0.000000,1.000000,Excellent,
ECG_CH2,2846,2022-12-13 03:25:43,2022-12-13 03:25:58,15,3000,200,0.679554,0.797533,0.000000,1.000000,Excellent,
ECG_CH2,2847,2022-12-13 03:25:58,2022-12-13 03:26:13,15,3000,200,0.566677,0.518513,0.000000,1.000000,Excellent,
ECG_CH2,2848,2022-12-13 03:26:13,2022-12-13 03:26:28,15,3000,200,0.783124,0.831951,0.000000,1.000000,Excellent,
ECG_CH2,2849,2022-12-13 03:26:28,2022-12-13 03:26:43,15,3000,200,0.667044,0.716494,0.000000,1.000000,Barely acceptable,
ECG_CH2,2850,2022-12-13 03:26:43,2022-12-13 03:26:58,15,3000,200,0.756587,0.880515,0.000000,1.000000,Barely acceptable,
ECG_CH2,2851,2022-12-13 03:26:58,2022-12-13 03:27:13,15,3000,200,0.641317,0.747034,0.000000,1.000000,Barely acceptable,
ECG_CH2,2852,2022-12-13 03:27:13,2022-12-13 03:27:28,15,3000,200,0.590291,0.750814,0.000000,1.000000,Excellent,
ECG_CH2,2853,2022-12-13 03:27:28,2022-12-13 03:27:43,15,3000,200,0.586182,0.692848,0.000000,1.000000,Barely acceptable,
ECG_CH2,2854,2022-12-13 03:27:43,2022-12-13 03:27:58,15,3000,200,0.728851,0.900394,0.000000,1.000000,Barely acceptable,
ECG_CH2,2855,2022-12-13 03:27:58,2022-12-13 03:28:13,15,3000,200,0.515152,0.609090,0.000000,1.000000,Excellent,
ECG_CH2,2856,2022-12-13 03:28:13,2022-12-13 03:28:28,15,3000,200,0.627925,0.626205,0.000000,1.000000,Excellent,
ECG_CH2,2857,2022-12-13 03:28:28,2022-12-13 03:28:43,15,3000,200,0.601455,0.781851,0.000000,1.000000,Excellent,
ECG_CH2,2858,2022-12-13 03:28:43,2022-12-13 03:28:58,15,3000,200,0.628059,0.630452,0.000000,1.000000,Excellent,
ECG_CH2,2859,2022-12-13 03:28:58,2022-12-13 03:29:13,15,3000,200,0.730405,0.886848,0.000000,1.000000,Barely acceptable,
ECG_CH2,2860,2022-12-13 03:29:13,2022-12-13 03:29:28,15,3000,200,0.579471,0.646341,0.000000,1.000000,Excellent,
ECG_CH2,2861,2022-12-13 03:29:28,2022-12-13 03:29:43,15,3000,200,0.720096,0.892187,0.000000,1.000000,Barely acceptable,
ECG_CH2,2862,2022-12-13 03:29:43,2022-12-13 03:29:58,15,3000,200,0.755086,0.899213,0.000000,1.000000,Barely acceptable,
ECG_CH2,2863,2022-12-13 03:29:58,2022-12-13 03:30:13,15,3000,200,0.654321,0.778303,0.000000,1.000000,Excellent,
ECG_CH2,2864,2022-12-13 03:30:13,2022-12-13 03:30:28,15,3000,200,0.641982,0.722718,0.000000,1.000000,Excellent,
ECG_CH2,2865,2022-12-13 03:30:28,2022-12-13 03:30:43,15,3000,200,0.644930,0.778148,0.000000,1.000000,Excellent,
ECG_CH2,2866,2022-12-13 03:30:43,2022-12-13 03:30:58,15,3000,200,0.685189,0.773195,0.000000,1.000000,Excellent,
ECG_CH2,2867,2022-12-13 03:30:58,2022-12-13 03:31:13,15,3000,200,0.525910,0.499634,0.000000,1.000000,Excellent,
ECG_CH2,2868,2022-12-13 03:31:13,2022-12-13 03:31:28,15,3000,200,0.692466,0.778143,0.000000,1.000000,Excellent,
ECG_CH2,2869,2022-12-13 03:31:28,2022-12-13 03:31:43,15,3000,200,0.635175,0.730513,0.000000,1.000000,Excellent,
ECG_CH2,2870,2022-12-13 03:31:43,2022-12-13 03:31:58,15,3000,200,0.729843,0.879037,0.000000,1.000000,Excellent,
ECG_CH2,2871,2022-12-13 03:31:58,2022-12-13 03:32:13,15,3000,200,0.610693,0.779929,0.000000,1.000000,Excellent,
ECG_CH2,2872,2022-12-13 03:32:13,2022-12-13 03:32:28,15,3000,200,0.527531,0.579643,0.000000,1.000000,Excellent,
ECG_CH2,2873,2022-12-13 03:32:28,2022-12-13 03:32:43,15,3000,200,0.527428,0.550405,0.000000,1.000000,Excellent,
ECG_CH2,2874,2022-12-13 03:32:43,2022-12-13 03:32:58,15,3000,200,0.626520,0.674895,0.000000,1.000000,Excellent,
ECG_CH2,2875,2022-12-13 03:32:58,2022-12-13 03:33:13,15,3000,200,0.615546,0.655044,0.000000,1.000000,Excellent,
ECG_CH2,2876,2022-12-13 03:33:13,2022-12-13 03:33:28,15,3000,200,0.678902,0.815494,0.000000,1.000000,Excellent,
ECG_CH2,2877,2022-12-13 03:33:28,2022-12-13 03:33:43,15,3000,200,0.621155,0.719877,0.000000,1.000000,Excellent,
ECG_CH2,2878,2022-12-13 03:33:43,2022-12-13 03:33:58,15,3000,200,0.605977,0.595731,0.000000,1.000000,Excellent,
ECG_CH2,2879,2022-12-13 03:33:58,2022-12-13 03:34:13,15,3000,200,0.650296,0.728898,0.000000,1.000000,Excellent,
ECG_CH2,2880,2022-12-13 03:34:13,2022-12-13 03:34:28,15,3000,200,0.575741,0.631188,0.000000,1.000000,Excellent,
ECG_CH2,2881,2022-12-13 03:34:28,2022-12-13 03:34:43,15,3000,200,0.511181,0.486162,0.000000,1.000000,Excellent,
ECG_CH2,2882,2022-12-13 03:34:43,2022-12-13 03:34:58,15,3000,200,0.389789,0.394392,0.000000,1.000000,Excellent,
ECG_CH2,2883,2022-12-13 03:34:58,2022-12-13 03:35:13,15,3000,200,0.772318,0.926821,0.000000,1.000000,Excellent,
ECG_CH2,2884,2022-12-13 03:35:13,2022-12-13 03:35:28,15,3000,200,0.768762,0.872106,0.000000,1.000000,Excellent,
ECG_CH2,2885,2022-12-13 03:35:28,2022-12-13 03:35:43,15,3000,200,0.745169,0.838254,0.000000,1.000000,Excellent,
ECG_CH2,2886,2022-12-13 03:35:43,2022-12-13 03:35:58,15,3000,200,0.524304,0.649455,0.000000,1.000000,Excellent,
ECG_CH2,2887,2022-12-13 03:35:58,2022-12-13 03:36:13,15,3000,200,0.610805,0.728511,0.000000,1.000000,Excellent,
ECG_CH2,2888,2022-12-13 03:36:13,2022-12-13 03:36:28,15,3000,200,0.530653,0.554462,0.000000,1.000000,Excellent,
ECG_CH2,2889,2022-12-13 03:36:28,2022-12-13 03:36:43,15,3000,200,0.815405,0.861338,0.000000,1.000000,Barely acceptable,
ECG_CH2,2890,2022-12-13 03:36:43,2022-12-13 03:36:58,15,3000,200,0.629743,0.675623,0.000000,1.000000,Excellent,
ECG_CH2,2891,2022-12-13 03:36:58,2022-12-13 03:37:13,15,3000,200,0.476674,0.466375,0.000000,1.000000,Excellent,
ECG_CH2,2892,2022-12-13 03:37:13,2022-12-13 03:37:28,15,3000,200,0.509749,0.629087,0.000000,1.000000,Excellent,
ECG_CH2,2893,2022-12-13 03:37:28,2022-12-13 03:37:43,15,3000,200,0.599228,0.763391,0.000000,1.000000,Excellent,
ECG_CH2,2894,2022-12-13 03:37:43,2022-12-13 03:37:58,15,3000,200,0.667004,0.771682,0.000000,1.000000,Excellent,
ECG_CH2,2895,2022-12-13 03:37:58,2022-12-13 03:38:13,15,3000,200,0.735999,0.859493,0.000000,1.000000,Excellent,
ECG_CH2,2896,2022-12-13 03:38:13,2022-12-13 03:38:28,15,3000,200,0.689669,0.854872,0.000000,1.000000,Excellent,
ECG_CH2,2897,2022-12-13 03:38:28,2022-12-13 03:38:43,15,3000,200,0.605438,0.706250,0.000000,1.000000,Excellent,
ECG_CH2,2898,2022-12-13 03:38:43,2022-12-13 03:38:58,15,3000,200,0.622908,0.678392,0.000000,1.000000,Excellent,
ECG_CH2,2899,2022-12-13 03:38:58,2022-12-13 03:39:13,15,3000,200,0.611487,0.736609,0.000000,1.000000,Excellent,
ECG_CH2,2900,2022-12-13 03:39:13,2022-12-13 03:39:28,15,3000,200,0.666130,0.836502,0.000000,1.000000,Excellent,
ECG_CH2,2901,2022-12-13 03:39:28,2022-12-13 03:39:43,15,3000,200,0.499129,0.488389,0.000000,1.000000,Excellent,
ECG_CH2,2902,2022-12-13 03:39:43,2022-12-13 03:39:58,15,3000,200,0.532044,0.546407,0.000000,1.000000,Barely acceptable,
ECG_CH2,2903,2022-12-13 03:39:58,2022-12-13 03:40:13,15,3000,200,0.516567,0.623936,0.000000,1.000000,Excellent,
ECG_CH2,2904,2022-12-13 03:40:13,2022-12-13 03:40:28,15,3000,200,0.465128,0.482284,0.000000,1.000000,Excellent,
ECG_CH2,2905,2022-12-13 03:40:28,2022-12-13 03:40:43,15,3000,200,0.596088,0.792679,0.000000,1.000000,Excellent,
ECG_CH2,2906,2022-12-13 03:40:43,2022-12-13 03:40:58,15,3000,200,0.634730,0.745182,0.000000,1.000000,Excellent,
ECG_CH2,2907,2022-12-13 03:40:58,2022-12-13 03:41:13,15,3000,200,0.596426,0.546257,0.000000,1.000000,Excellent,
ECG_CH2,2908,2022-12-13 03:41:13,2022-12-13 03:41:28,15,3000,200,0.618903,0.689281,0.000000,1.000000,Excellent,
ECG_CH2,2909,2022-12-13 03:41:28,2022-12-13 03:41:43,15,3000,200,0.804543,0.950977,0.000000,1.000000,Excellent,
ECG_CH2,2910,2022-12-13 03:41:43,2022-12-13 03:41:58,15,3000,200,0.692805,0.867239,0.000000,1.000000,Excellent,
ECG_CH2,2911,2022-12-13 03:41:58,2022-12-13 03:42:13,15,3000,200,0.590653,0.640853,0.000000,1.000000,Excellent,
ECG_CH2,2912,2022-12-13 03:42:13,2022-12-13 03:42:28,15,3000,200,0.667058,0.820007,0.000000,1.000000,Excellent,
ECG_CH2,2913,2022-12-13 03:42:28,2022-12-13 03:42:43,15,3000,200,0.616900,0.735683,0.000000,1.000000,Excellent,
ECG_CH2,2914,2022-12-13 03:42:43,2022-12-13 03:42:58,15,3000,200,0.606329,0.738885,0.000000,1.000000,Excellent,
ECG_CH2,2915,2022-12-13 03:42:58,2022-12-13 03:43:13,15,3000,200,0.591179,0.554534,0.000000,1.000000,Excellent,
ECG_CH2,2916,2022-12-13 03:43:13,2022-12-13 03:43:28,15,3000,200,0.643863,0.781233,0.000000,1.000000,Excellent,
ECG_CH2,2917,2022-12-13 03:43:28,2022-12-13 03:43:43,15,3000,200,0.408874,0.300929,0.000000,1.000000,Excellent,
ECG_CH2,2918,2022-12-13 03:43:43,2022-12-13 03:43:58,15,3000,200,0.462521,0.446538,0.000000,1.000000,Excellent,
ECG_CH2,2919,2022-12-13 03:43:58,2022-12-13 03:44:13,15,3000,200,0.676014,0.792385,0.000000,1.000000,Excellent,
ECG_CH2,2920,2022-12-13 03:44:13,2022-12-13 03:44:28,15,3000,200,0.664471,0.683716,0.000000,1.000000,Excellent,
ECG_CH2,2921,2022-12-13 03:44:28,2022-12-13 03:44:43,15,3000,200,0.624062,0.698081,0.000000,1.000000,Excellent,
ECG_CH2,2922,2022-12-13 03:44:43,2022-12-13 03:44:58,15,3000,200,0.596028,0.550657,0.000000,1.000000,Excellent,
ECG_CH2,2923,2022-12-13 03:44:58,2022-12-13 03:45:13,15,3000,200,0.642058,0.809931,0.000000,1.000000,Excellent,
ECG_CH2,2924,2022-12-13 03:45:13,2022-12-13 03:45:28,15,3000,200,0.648344,0.835644,0.000000,1.000000,Excellent,
ECG_CH2,2925,2022-12-13 03:45:28,2022-12-13 03:45:43,15,3000,200,0.495010,0.511671,0.000000,1.000000,Excellent,
ECG_CH2,2926,2022-12-13 03:45:43,2022-12-13 03:45:58,15,3000,200,0.568484,0.553514,0.000000,1.000000,Excellent,
ECG_CH2,2927,2022-12-13 03:45:58,2022-12-13 03:46:13,15,3000,200,0.663274,0.710732,0.000000,1.000000,Excellent,
ECG_CH2,2928,2022-12-13 03:46:13,2022-12-13 03:46:28,15,3000,200,0.817529,0.937655,0.000000,1.000000,Excellent,
ECG_CH2,2929,2022-12-13 03:46:28,2022-12-13 03:46:43,15,3000,200,0.495988,0.491093,0.000000,1.000000,Excellent,
ECG_CH2,2930,2022-12-13 03:46:43,2022-12-13 03:46:58,15,3000,200,0.659425,0.741627,0.000000,1.000000,Excellent,
ECG_CH2,2931,2022-12-13 03:46:58,2022-12-13 03:47:13,15,3000,200,0.533585,0.619893,0.000000,1.000000,Excellent,
ECG_CH2,2932,2022-12-13 03:47:13,2022-12-13 03:47:28,15,3000,200,0.626616,0.615309,0.000000,1.000000,Excellent,
ECG_CH2,2933,2022-12-13 03:47:28,2022-12-13 03:47:43,15,3000,200,0.547707,0.676867,0.000000,1.000000,Excellent,
ECG_CH2,2934,2022-12-13 03:47:43,2022-12-13 03:47:58,15,3000,200,0.510226,0.424195,0.000000,1.000000,Excellent,
ECG_CH2,2935,2022-12-13 03:47:58,2022-12-13 03:48:13,15,3000,200,0.569861,0.643044,0.000000,1.000000,Excellent,
ECG_CH2,2936,2022-12-13 03:48:13,2022-12-13 03:48:28,15,3000,200,0.666547,0.674438,0.000000,1.000000,Barely acceptable,
ECG_CH2,2937,2022-12-13 03:48:28,2022-12-13 03:48:43,15,3000,200,0.602317,0.715199,0.000000,1.000000,Excellent,
ECG_CH2,2938,2022-12-13 03:48:43,2022-12-13 03:48:58,15,3000,200,0.647415,0.849480,0.000000,1.000000,Excellent,
ECG_CH2,2939,2022-12-13 03:48:58,2022-12-13 03:49:13,15,3000,200,0.715202,0.767976,0.000000,1.000000,Excellent,
ECG_CH2,2940,2022-12-13 03:49:13,2022-12-13 03:49:28,15,3000,200,0.562992,0.581169,0.000000,1.000000,Excellent,
ECG_CH2,2941,2022-12-13 03:49:28,2022-12-13 03:49:43,15,3000,200,0.560915,0.538124,0.000000,1.000000,Excellent,
ECG_CH2,2942,2022-12-13 03:49:43,2022-12-13 03:49:58,15,3000,200,0.685865,0.802007,0.000000,1.000000,Excellent,
ECG_CH2,2943,2022-12-13 03:49:58,2022-12-13 03:50:13,15,3000,200,0.533563,0.686742,0.000000,1.000000,Excellent,
ECG_CH2,2944,2022-12-13 03:50:13,2022-12-13 03:50:28,15,3000,200,0.666183,0.774477,0.000000,1.000000,Excellent,
ECG_CH2,2945,2022-12-13 03:50:28,2022-12-13 03:50:43,15,3000,200,0.624822,0.700691,0.000000,1.000000,Excellent,
ECG_CH2,2946,2022-12-13 03:50:43,2022-12-13 03:50:58,15,3000,200,0.729120,0.819652,0.000000,1.000000,Excellent,
ECG_CH2,2947,2022-12-13 03:50:58,2022-12-13 03:51:13,15,3000,200,0.711263,0.796802,0.000000,1.000000,Excellent,
ECG_CH2,2948,2022-12-13 03:51:13,2022-12-13 03:51:28,15,3000,200,0.709198,0.807866,0.000000,1.000000,Excellent,
ECG_CH2,2949,2022-12-13 03:51:28,2022-12-13 03:51:43,15,3000,200,0.598442,0.610043,0.000000,1.000000,Excellent,
ECG_CH2,2950,2022-12-13 03:51:43,2022-12-13 03:51:58,15,3000,200,0.484772,0.519649,0.000000,1.000000,Excellent,
ECG_CH2,2951,2022-12-13 03:51:58,2022-12-13 03:52:13,15,3000,200,0.638380,0.633854,0.000000,1.000000,Excellent,
ECG_CH2,2952,2022-12-13 03:52:13,2022-12-13 03:52:28,15,3000,200,0.620699,0.721325,0.000000,1.000000,Excellent,
ECG_CH2,2953,2022-12-13 03:52:28,2022-12-13 03:52:43,15,3000,200,0.573161,0.681184,0.000000,1.000000,Excellent,
ECG_CH2,2954,2022-12-13 03:52:43,2022-12-13 03:52:58,15,3000,200,0.632089,0.822840,0.000000,1.000000,Excellent,
ECG_CH2,2955,2022-12-13 03:52:58,2022-12-13 03:53:13,15,3000,200,0.512562,0.560799,0.000000,1.000000,Excellent,
ECG_CH2,2956,2022-12-13 03:53:13,2022-12-13 03:53:28,15,3000,200,0.554359,0.683830,0.000000,1.000000,Excellent,
ECG_CH2,2957,2022-12-13 03:53:28,2022-12-13 03:53:43,15,3000,200,0.572725,0.727215,0.000000,1.000000,Excellent,
ECG_CH2,2958,2022-12-13 03:53:43,2022-12-13 03:53:58,15,3000,200,0.530490,0.452564,0.000000,1.000000,Excellent,
ECG_CH2,2959,2022-12-13 03:53:58,2022-12-13 03:54:13,15,3000,200,0.665183,0.837367,0.000000,1.000000,Excellent,
ECG_CH2,2960,2022-12-13 03:54:13,2022-12-13 03:54:28,15,3000,200,0.596077,0.599060,0.000000,1.000000,Excellent,
ECG_CH2,2961,2022-12-13 03:54:28,2022-12-13 03:54:43,15,3000,200,0.678400,0.796020,0.000000,1.000000,Excellent,
ECG_CH2,2962,2022-12-13 03:54:43,2022-12-13 03:54:58,15,3000,200,0.517228,0.526898,0.000000,1.000000,Excellent,
ECG_CH2,2963,2022-12-13 03:54:58,2022-12-13 03:55:13,15,3000,200,0.837937,0.890936,0.000000,1.000000,Barely acceptable,
ECG_CH2,2964,2022-12-13 03:55:13,2022-12-13 03:55:28,15,3000,200,0.800318,0.862205,0.000000,1.000000,Excellent,
ECG_CH2,2965,2022-12-13 03:55:28,2022-12-13 03:55:43,15,3000,200,0.739555,0.861780,0.000000,1.000000,Excellent,
ECG_CH2,2966,2022-12-13 03:55:43,2022-12-13 03:55:58,15,3000,200,0.840704,0.879319,0.000000,1.000000,Barely acceptable,
ECG_CH2,2967,2022-12-13 03:55:58,2022-12-13 03:56:13,15,3000,200,0.697175,0.905018,0.000000,1.000000,Barely acceptable,
ECG_CH2,2968,2022-12-13 03:56:13,2022-12-13 03:56:28,15,3000,200,0.669504,0.699061,0.000000,1.000000,Excellent,
ECG_CH2,2969,2022-12-13 03:56:28,2022-12-13 03:56:43,15,3000,200,0.660376,0.731574,0.000000,1.000000,Excellent,
ECG_CH2,2970,2022-12-13 03:56:43,2022-12-13 03:56:58,15,3000,200,0.602118,0.571989,0.000000,1.000000,Barely acceptable,
ECG_CH2,2971,2022-12-13 03:56:58,2022-12-13 03:57:13,15,3000,200,0.646894,0.650102,0.000000,1.000000,Excellent,
ECG_CH2,2972,2022-12-13 03:57:13,2022-12-13 03:57:28,15,3000,200,0.654875,0.660504,0.000000,1.000000,Excellent,
ECG_CH2,2973,2022-12-13 03:57:28,2022-12-13 03:57:43,15,3000,200,0.543576,0.532586,0.000000,1.000000,Excellent,
ECG_CH2,2974,2022-12-13 03:57:43,2022-12-13 03:57:58,15,3000,200,0.511119,0.511352,0.000000,1.000000,Excellent,
ECG_CH2,2975,2022-12-13 03:57:58,2022-12-13 03:58:13,15,3000,200,0.812347,0.944590,0.000000,1.000000,Excellent,
ECG_CH2,2976,2022-12-13 03:58:13,2022-12-13 03:58:28,15,3000,200,0.683804,0.861660,0.000000,1.000000,Barely acceptable,
ECG_CH2,2977,2022-12-13 03:58:28,2022-12-13 03:58:43,15,3000,200,0.606661,0.741132,0.000000,1.000000,Barely acceptable,
ECG_CH2,2978,2022-12-13 03:58:43,2022-12-13 03:58:58,15,3000,200,0.608709,0.640200,0.000000,1.000000,Barely acceptable,
ECG_CH2,2979,2022-12-13 03:58:58,2022-12-13 03:59:13,15,3000,200,0.571263,0.651662,0.000000,1.000000,Excellent,
ECG_CH2,2980,2022-12-13 03:59:13,2022-12-13 03:59:28,15,3000,200,0.514365,0.612864,0.000000,1.000000,Excellent,
ECG_CH2,2981,2022-12-13 03:59:28,2022-12-13 03:59:43,15,3000,200,0.726226,0.786285,0.000000,1.000000,Barely acceptable,
ECG_CH2,2982,2022-12-13 03:59:43,2022-12-13 03:59:58,15,3000,200,0.677646,0.810471,0.000000,1.000000,Excellent,
ECG_CH2,2983,2022-12-13 03:59:58,2022-12-13 04:00:13,15,3000,200,0.479430,0.399802,0.000000,1.000000,Barely acceptable,
ECG_CH2,2984,2022-12-13 04:00:13,2022-12-13 04:00:28,15,3000,200,0.682877,0.738087,0.000000,1.000000,Barely acceptable,
ECG_CH2,2985,2022-12-13 04:00:28,2022-12-13 04:00:43,15,3000,200,0.546399,0.647859,0.000000,1.000000,Barely acceptable,
ECG_CH2,2986,2022-12-13 04:00:43,2022-12-13 04:00:58,15,3000,200,0.669184,0.784075,0.000000,1.000000,Barely acceptable,
ECG_CH2,2987,2022-12-13 04:00:58,2022-12-13 04:01:13,15,3000,200,0.571893,0.632557,0.000000,1.000000,Barely acceptable,
ECG_CH2,2988,2022-12-13 04:01:13,2022-12-13 04:01:28,15,3000,200,0.434096,0.373417,0.000000,1.000000,Excellent,
ECG_CH2,2989,2022-12-13 04:01:28,2022-12-13 04:01:43,15,3000,200,0.769405,0.854554,0.000000,1.000000,Barely acceptable,
ECG_CH2,2990,2022-12-13 04:01:43,2022-12-13 04:01:58,15,3000,200,0.459259,0.442059,0.000000,1.000000,Excellent,
ECG_CH2,2991,2022-12-13 04:01:58,2022-12-13 04:02:13,15,3000,200,0.592257,0.667376,0.000000,1.000000,Excellent,
ECG_CH2,2992,2022-12-13 04:02:13,2022-12-13 04:02:28,15,3000,200,0.684874,0.781062,0.000000,1.000000,Barely acceptable,
ECG_CH2,2993,2022-12-13 04:02:28,2022-12-13 04:02:43,15,3000,200,0.635957,0.768616,0.000000,1.000000,Excellent,
ECG_CH2,2994,2022-12-13 04:02:43,2022-12-13 04:02:58,15,3000,200,0.702692,0.811844,0.000000,1.000000,Barely acceptable,
ECG_CH2,2995,2022-12-13 04:02:58,2022-12-13 04:03:13,15,3000,200,0.578509,0.535179,0.000000,1.000000,Excellent,
ECG_CH2,2996,2022-12-13 04:03:13,2022-12-13 04:03:28,15,3000,200,0.699270,0.782125,0.000000,1.000000,Barely acceptable,
ECG_CH2,2997,2022-12-13 04:03:28,2022-12-13 04:03:43,15,3000,200,0.586715,0.717355,0.000000,1.000000,Excellent,
ECG_CH2,2998,2022-12-13 04:03:43,2022-12-13 04:03:58,15,3000,200,0.634138,0.766836,0.000000,1.000000,Barely acceptable,
ECG_CH2,2999,2022-12-13 04:03:58,2022-12-13 04:04:13,15,3000,200,0.589636,0.519526,0.000000,1.000000,Barely acceptable,
ECG_CH2,3000,2022-12-13 04:04:13,2022-12-13 04:04:28,15,3000,200,0.577135,0.594548,0.000000,1.000000,Excellent,
ECG_CH2,3001,2022-12-13 04:04:28,2022-12-13 04:04:43,15,3000,200,0.692842,0.717613,0.000000,1.000000,Excellent,
ECG_CH2,3002,2022-12-13 04:04:43,2022-12-13 04:04:58,15,3000,200,0.535613,0.578773,0.000000,1.000000,Excellent,
ECG_CH2,3003,2022-12-13 04:04:58,2022-12-13 04:05:13,15,3000,200,0.430453,0.324387,0.000000,1.000000,Excellent,
ECG_CH2,3004,2022-12-13 04:05:13,2022-12-13 04:05:28,15,3000,200,0.627962,0.727860,0.000000,1.000000,Barely acceptable,
ECG_CH2,3005,2022-12-13 04:05:28,2022-12-13 04:05:43,15,3000,200,0.516264,0.545985,0.000000,1.000000,Excellent,
ECG_CH2,3006,2022-12-13 04:05:43,2022-12-13 04:05:58,15,3000,200,0.626463,0.788132,0.000000,1.000000,Barely acceptable,
ECG_CH2,3007,2022-12-13 04:05:58,2022-12-13 04:06:13,15,3000,200,0.543243,0.569520,0.000000,1.000000,Excellent,
ECG_CH2,3008,2022-12-13 04:06:13,2022-12-13 04:06:28,15,3000,200,0.430384,0.405795,0.000000,1.000000,Excellent,
ECG_CH2,3009,2022-12-13 04:06:28,2022-12-13 04:06:43,15,3000,200,0.734189,0.775428,0.000000,1.000000,Excellent,
ECG_CH2,3010,2022-12-13 04:06:43,2022-12-13 04:06:58,15,3000,200,0.763133,0.895031,0.000000,1.000000,Barely acceptable,
ECG_CH2,3011,2022-12-13 04:06:58,2022-12-13 04:07:13,15,3000,200,0.663712,0.706245,0.000000,1.000000,Excellent,
ECG_CH2,3012,2022-12-13 04:07:13,2022-12-13 04:07:28,15,3000,200,0.354457,0.188966,0.000000,1.000000,Excellent,
ECG_CH2,3013,2022-12-13 04:07:28,2022-12-13 04:07:43,15,3000,200,0.668232,0.725716,0.000000,1.000000,Excellent,
ECG_CH2,3014,2022-12-13 04:07:43,2022-12-13 04:07:58,15,3000,200,0.585059,0.618494,0.000000,1.000000,Excellent,
ECG_CH2,3015,2022-12-13 04:07:58,2022-12-13 04:08:13,15,3000,200,0.494774,0.500605,0.000000,1.000000,Excellent,
ECG_CH2,3016,2022-12-13 04:08:13,2022-12-13 04:08:28,15,3000,200,0.498871,0.418630,0.000000,1.000000,Barely acceptable,
ECG_CH2,3017,2022-12-13 04:08:28,2022-12-13 04:08:43,15,3000,200,0.596370,0.554599,0.000000,1.000000,Barely acceptable,
ECG_CH2,3018,2022-12-13 04:08:43,2022-12-13 04:08:58,15,3000,200,0.337788,0.132299,0.000000,1.000000,Excellent,
ECG_CH2,3019,2022-12-13 04:08:58,2022-12-13 04:09:13,15,3000,200,0.493433,0.406521,0.000000,1.000000,Excellent,
ECG_CH2,3020,2022-12-13 04:09:13,2022-12-13 04:09:28,15,3000,200,0.508031,0.513629,0.000000,1.000000,Excellent,
ECG_CH2,3021,2022-12-13 04:09:28,2022-12-13 04:09:43,15,3000,200,0.679048,0.792528,0.000000,1.000000,Barely acceptable,
ECG_CH2,3022,2022-12-13 04:09:43,2022-12-13 04:09:58,15,3000,200,0.604522,0.741990,0.000000,1.000000,Excellent,
ECG_CH2,3023,2022-12-13 04:09:58,2022-12-13 04:10:13,15,3000,200,0.593153,0.624644,0.000000,1.000000,Excellent,
ECG_CH2,3024,2022-12-13 04:10:13,2022-12-13 04:10:28,15,3000,200,0.497363,0.568957,0.000000,1.000000,Excellent,
ECG_CH2,3025,2022-12-13 04:10:28,2022-12-13 04:10:43,15,3000,200,0.691492,0.770190,0.000000,1.000000,Excellent,
ECG_CH2,3026,2022-12-13 04:10:43,2022-12-13 04:10:58,15,3000,200,0.546748,0.619577,0.000000,1.000000,Excellent,
ECG_CH2,3027,2022-12-13 04:10:58,2022-12-13 04:11:13,15,3000,200,0.709629,0.774362,0.000000,1.000000,Excellent,
ECG_CH2,3028,2022-12-13 04:11:13,2022-12-13 04:11:28,15,3000,200,0.644523,0.825020,0.000000,1.000000,Excellent,
ECG_CH2,3029,2022-12-13 04:11:28,2022-12-13 04:11:43,15,3000,200,0.604356,0.631482,0.000000,1.000000,Excellent,
ECG_CH2,3030,2022-12-13 04:11:43,2022-12-13 04:11:58,15,3000,200,0.510873,0.682716,0.000000,1.000000,Excellent,
ECG_CH2,3031,2022-12-13 04:11:58,2022-12-13 04:12:13,15,3000,200,0.620766,0.628802,0.000000,1.000000,Excellent,
ECG_CH2,3032,2022-12-13 04:12:13,2022-12-13 04:12:28,15,3000,200,0.560725,0.590507,0.000000,1.000000,Excellent,
ECG_CH2,3033,2022-12-13 04:12:28,2022-12-13 04:12:43,15,3000,200,0.539315,0.538771,0.000000,1.000000,Excellent,
ECG_CH2,3034,2022-12-13 04:12:43,2022-12-13 04:12:58,15,3000,200,0.607622,0.695852,0.000000,1.000000,Excellent,
ECG_CH2,3035,2022-12-13 04:12:58,2022-12-13 04:13:13,15,3000,200,0.516150,0.394966,0.000000,1.000000,Excellent,
ECG_CH2,3036,2022-12-13 04:13:13,2022-12-13 04:13:28,15,3000,200,0.478890,0.489828,0.000000,1.000000,Barely acceptable,
ECG_CH2,3037,2022-12-13 04:13:28,2022-12-13 04:13:43,15,3000,200,0.693514,0.746900,0.000000,1.000000,Excellent,
ECG_CH2,3038,2022-12-13 04:13:43,2022-12-13 04:13:58,15,3000,200,0.624275,0.708842,0.000000,1.000000,Excellent,
ECG_CH2,3039,2022-12-13 04:13:58,2022-12-13 04:14:13,15,3000,200,0.619289,0.798759,0.000000,1.000000,Excellent,
ECG_CH2,3040,2022-12-13 04:14:13,2022-12-13 04:14:28,15,3000,200,0.502195,0.667191,0.000000,1.000000,Excellent,
ECG_CH2,3041,2022-12-13 04:14:28,2022-12-13 04:14:43,15,3000,200,0.645028,0.817896,0.000000,1.000000,Excellent,
ECG_CH2,3042,2022-12-13 04:14:43,2022-12-13 04:14:58,15,3000,200,0.625843,0.665289,0.000000,1.000000,Excellent,
ECG_CH2,3043,2022-12-13 04:14:58,2022-12-13 04:15:13,15,3000,200,0.643652,0.820713,0.000000,1.000000,Excellent,
ECG_CH2,3044,2022-12-13 04:15:13,2022-12-13 04:15:28,15,3000,200,0.510340,0.535615,0.000000,1.000000,Excellent,
ECG_CH2,3045,2022-12-13 04:15:28,2022-12-13 04:15:43,15,3000,200,0.727182,0.795127,0.000000,1.000000,Excellent,
ECG_CH2,3046,2022-12-13 04:15:43,2022-12-13 04:15:58,15,3000,200,0.644181,0.645310,0.000000,1.000000,Excellent,
ECG_CH2,3047,2022-12-13 04:15:58,2022-12-13 04:16:13,15,3000,200,0.675474,0.777008,0.000000,1.000000,Excellent,
ECG_CH2,3048,2022-12-13 04:16:13,2022-12-13 04:16:28,15,3000,200,0.570566,0.638103,0.000000,1.000000,Excellent,
ECG_CH2,3049,2022-12-13 04:16:28,2022-12-13 04:16:43,15,3000,200,0.690661,0.800993,0.000000,1.000000,Excellent,
ECG_CH2,3050,2022-12-13 04:16:43,2022-12-13 04:16:58,15,3000,200,0.579458,0.720792,0.000000,1.000000,Barely acceptable,
ECG_CH2,3051,2022-12-13 04:16:58,2022-12-13 04:17:13,15,3000,200,0.649630,0.783000,0.000000,1.000000,Excellent,
ECG_CH2,3052,2022-12-13 04:17:13,2022-12-13 04:17:28,15,3000,200,0.672395,0.822289,0.000000,1.000000,Excellent,
ECG_CH2,3053,2022-12-13 04:17:28,2022-12-13 04:17:43,15,3000,200,0.692505,0.911142,0.000000,1.000000,Unacceptable,
ECG_CH2,3054,2022-12-13 04:17:43,2022-12-13 04:17:58,15,3000,200,0.673643,0.696621,0.000000,1.000000,Barely acceptable,
ECG_CH2,3055,2022-12-13 04:17:58,2022-12-13 04:18:13,15,3000,200,0.649026,0.768487,0.000000,1.000000,Excellent,
ECG_CH2,3056,2022-12-13 04:18:13,2022-12-13 04:18:28,15,3000,200,0.734754,0.760542,0.000000,1.000000,Excellent,
ECG_CH2,3057,2022-12-13 04:18:28,2022-12-13 04:18:43,15,3000,200,0.514876,0.467155,0.000000,1.000000,Excellent,
ECG_CH2,3058,2022-12-13 04:18:43,2022-12-13 04:18:58,15,3000,200,0.641591,0.667471,0.000000,1.000000,Excellent,
ECG_CH2,3059,2022-12-13 04:18:58,2022-12-13 04:19:13,15,3000,200,0.599658,0.656332,0.000000,1.000000,Excellent,
ECG_CH2,3060,2022-12-13 04:19:13,2022-12-13 04:19:28,15,3000,200,0.655426,0.659215,0.000000,1.000000,Barely acceptable,
ECG_CH2,3061,2022-12-13 04:19:28,2022-12-13 04:19:43,15,3000,200,0.710563,0.764892,0.000000,1.000000,Barely acceptable,
ECG_CH2,3062,2022-12-13 04:19:43,2022-12-13 04:19:58,15,3000,200,0.585006,0.608179,0.000000,1.000000,Excellent,
ECG_CH2,3063,2022-12-13 04:19:58,2022-12-13 04:20:13,15,3000,200,0.668601,0.828580,0.000000,1.000000,Excellent,
ECG_CH2,3064,2022-12-13 04:20:13,2022-12-13 04:20:28,15,3000,200,0.782115,0.853232,0.000000,1.000000,Excellent,
ECG_CH2,3065,2022-12-13 04:20:28,2022-12-13 04:20:43,15,3000,200,0.643854,0.772683,0.000000,1.000000,Excellent,
ECG_CH2,3066,2022-12-13 04:20:43,2022-12-13 04:20:58,15,3000,200,0.500461,0.557215,0.000000,1.000000,Excellent,
ECG_CH2,3067,2022-12-13 04:20:58,2022-12-13 04:21:13,15,3000,200,0.624550,0.708714,0.000000,1.000000,Barely acceptable,
ECG_CH2,3068,2022-12-13 04:21:13,2022-12-13 04:21:28,15,3000,200,0.719718,0.881049,0.000000,1.000000,Excellent,
ECG_CH2,3069,2022-12-13 04:21:28,2022-12-13 04:21:43,15,3000,200,0.689027,0.878223,0.000000,1.000000,Excellent,
ECG_CH2,3070,2022-12-13 04:21:43,2022-12-13 04:21:58,15,3000,200,0.677712,0.801608,0.000000,1.000000,Barely acceptable,
ECG_CH2,3071,2022-12-13 04:21:58,2022-12-13 04:22:13,15,3000,200,0.619656,0.763575,0.000000,1.000000,Barely acceptable,
ECG_CH2,3072,2022-12-13 04:22:13,2022-12-13 04:22:28,15,3000,200,0.691498,0.877225,0.000000,1.000000,Barely acceptable,
ECG_CH2,3073,2022-12-13 04:22:28,2022-12-13 04:22:43,15,3000,200,0.775615,0.876875,0.000000,1.000000,Barely acceptable,
ECG_CH2,3074,2022-12-13 04:22:43,2022-12-13 04:22:58,15,3000,200,0.699101,0.816478,0.000000,1.000000,Barely acceptable,
ECG_CH2,3075,2022-12-13 04:22:58,2022-12-13 04:23:13,15,3000,200,0.657725,0.796314,0.000000,1.000000,Excellent,
ECG_CH2,3076,2022-12-13 04:23:13,2022-12-13 04:23:28,15,3000,200,0.696831,0.778888,0.000000,1.000000,Barely acceptable,
ECG_CH2,3077,2022-12-13 04:23:28,2022-12-13 04:23:43,15,3000,200,0.751525,0.784645,0.000000,1.000000,Barely acceptable,
ECG_CH2,3078,2022-12-13 04:23:43,2022-12-13 04:23:58,15,3000,200,0.703479,0.896108,0.000000,1.000000,Excellent,
ECG_CH2,3079,2022-12-13 04:23:58,2022-12-13 04:24:13,15,3000,200,0.620806,0.552904,0.000000,1.000000,Excellent,
ECG_CH2,3080,2022-12-13 04:24:13,2022-12-13 04:24:28,15,3000,200,0.475453,0.416773,0.000000,1.000000,Barely acceptable,
ECG_CH2,3081,2022-12-13 04:24:28,2022-12-13 04:24:43,15,3000,200,0.546307,0.480767,0.000000,1.000000,Barely acceptable,
ECG_CH2,3082,2022-12-13 04:24:43,2022-12-13 04:24:58,15,3000,200,0.741397,0.884507,0.000000,1.000000,Barely acceptable,
ECG_CH2,3083,2022-12-13 04:24:58,2022-12-13 04:25:13,15,3000,200,0.603408,0.553907,0.000000,1.000000,Barely acceptable,
ECG_CH2,3084,2022-12-13 04:25:13,2022-12-13 04:25:28,15,3000,200,0.675605,0.764923,0.000000,1.000000,Barely acceptable,
ECG_CH2,3085,2022-12-13 04:25:28,2022-12-13 04:25:43,15,3000,200,0.690908,0.836279,0.000000,1.000000,Excellent,
ECG_CH2,3086,2022-12-13 04:25:43,2022-12-13 04:25:58,15,3000,200,0.479457,0.258664,0.000000,1.000000,Excellent,
ECG_CH2,3087,2022-12-13 04:25:58,2022-12-13 04:26:13,15,3000,200,0.732880,0.816041,0.000000,1.000000,Excellent,
ECG_CH2,3088,2022-12-13 04:26:13,2022-12-13 04:26:28,15,3000,200,0.547591,0.658199,0.000000,1.000000,Barely acceptable,
ECG_CH2,3089,2022-12-13 04:26:28,2022-12-13 04:26:43,15,3000,200,0.623908,0.737862,0.000000,1.000000,Excellent,
ECG_CH2,3090,2022-12-13 04:26:43,2022-12-13 04:26:58,15,3000,200,0.715166,0.880350,0.000000,1.000000,Excellent,
ECG_CH2,3091,2022-12-13 04:26:58,2022-12-13 04:27:13,15,3000,200,0.647021,0.687921,0.000000,1.000000,Barely acceptable,
ECG_CH2,3092,2022-12-13 04:27:13,2022-12-13 04:27:28,15,3000,200,0.390882,0.430051,0.000000,1.000000,Barely acceptable,
ECG_CH2,3093,2022-12-13 04:27:28,2022-12-13 04:27:43,15,3000,200,0.550568,0.571809,0.000000,1.000000,Barely acceptable,
ECG_CH2,3094,2022-12-13 04:27:43,2022-12-13 04:27:58,15,3000,200,0.679637,0.868431,0.000000,1.000000,Excellent,
ECG_CH2,3095,2022-12-13 04:27:58,2022-12-13 04:28:13,15,3000,200,0.699189,0.806811,0.000000,1.000000,Barely acceptable,
ECG_CH2,3096,2022-12-13 04:28:13,2022-12-13 04:28:28,15,3000,200,0.619961,0.730769,0.000000,1.000000,Barely acceptable,
ECG_CH2,3097,2022-12-13 04:28:28,2022-12-13 04:28:43,15,3000,200,0.676392,0.758136,0.000000,1.000000,Excellent,
ECG_CH2,3098,2022-12-13 04:28:43,2022-12-13 04:28:58,15,3000,200,0.461461,0.552079,0.000000,1.000000,Excellent,
ECG_CH2,3099,2022-12-13 04:28:58,2022-12-13 04:29:13,15,3000,200,0.715901,0.877229,0.000000,1.000000,Excellent,
ECG_CH2,3100,2022-12-13 04:29:13,2022-12-13 04:29:28,15,3000,200,0.655382,0.654606,0.000000,1.000000,Excellent,
ECG_CH2,3101,2022-12-13 04:29:28,2022-12-13 04:29:43,15,3000,200,0.572413,0.584002,0.000000,1.000000,Excellent,
ECG_CH2,3102,2022-12-13 04:29:43,2022-12-13 04:29:58,15,3000,200,0.490124,0.341244,0.000000,1.000000,Excellent,
ECG_CH2,3103,2022-12-13 04:29:58,2022-12-13 04:30:13,15,3000,200,0.660460,0.825164,0.000000,1.000000,Barely acceptable,
ECG_CH2,3104,2022-12-13 04:30:13,2022-12-13 04:30:28,15,3000,200,0.586488,0.638629,0.000000,1.000000,Excellent,
ECG_CH2,3105,2022-12-13 04:30:28,2022-12-13 04:30:43,15,3000,200,0.563915,0.509268,0.000000,1.000000,Barely acceptable,
ECG_CH2,3106,2022-12-13 04:30:43,2022-12-13 04:30:58,15,3000,200,0.761849,0.903040,0.000000,1.000000,Barely acceptable,
ECG_CH2,3107,2022-12-13 04:30:58,2022-12-13 04:31:13,15,3000,200,0.620056,0.655046,0.000000,1.000000,Excellent,
ECG_CH2,3108,2022-12-13 04:31:13,2022-12-13 04:31:28,15,3000,200,0.759169,0.802659,0.000000,1.000000,Barely acceptable,
ECG_CH2,3109,2022-12-13 04:31:28,2022-12-13 04:31:43,15,3000,200,0.571178,0.560608,0.000000,1.000000,Excellent,
ECG_CH2,3110,2022-12-13 04:31:43,2022-12-13 04:31:58,15,3000,200,0.644834,0.612729,0.000000,1.000000,Excellent,
ECG_CH2,3111,2022-12-13 04:31:58,2022-12-13 04:32:13,15,3000,200,0.497230,0.472505,0.000000,1.000000,Excellent,
ECG_CH2,3112,2022-12-13 04:32:13,2022-12-13 04:32:28,15,3000,200,0.689234,0.813730,0.000000,1.000000,Barely acceptable,
ECG_CH2,3113,2022-12-13 04:32:28,2022-12-13 04:32:43,15,3000,200,0.662113,0.779880,0.000000,1.000000,Excellent,
ECG_CH2,3114,2022-12-13 04:32:43,2022-12-13 04:32:58,15,3000,200,0.572835,0.571493,0.000000,1.000000,Barely acceptable,
ECG_CH2,3115,2022-12-13 04:32:58,2022-12-13 04:33:13,15,3000,200,0.749729,0.817261,0.000000,1.000000,Excellent,
ECG_CH2,3116,2022-12-13 04:33:13,2022-12-13 04:33:28,15,3000,200,0.578053,0.561765,0.000000,1.000000,Excellent,
ECG_CH2,3117,2022-12-13 04:33:28,2022-12-13 04:33:43,15,3000,200,0.683469,0.868399,0.000000,1.000000,Excellent,
ECG_CH2,3118,2022-12-13 04:33:43,2022-12-13 04:33:58,15,3000,200,0.716197,0.896495,0.000000,1.000000,Barely acceptable,
ECG_CH2,3119,2022-12-13 04:33:58,2022-12-13 04:34:13,15,3000,200,0.557515,0.636507,0.000000,1.000000,Excellent,
ECG_CH2,3120,2022-12-13 04:34:13,2022-12-13 04:34:28,15,3000,200,0.696909,0.703137,0.000000,1.000000,Excellent,
ECG_CH2,3121,2022-12-13 04:34:28,2022-12-13 04:34:43,15,3000,200,0.737605,0.880805,0.000000,1.000000,Excellent,
ECG_CH2,3122,2022-12-13 04:34:43,2022-12-13 04:34:58,15,3000,200,0.539263,0.668346,0.000000,1.000000,Excellent,
ECG_CH2,3123,2022-12-13 04:34:58,2022-12-13 04:35:13,15,3000,200,0.713078,0.740276,0.000000,1.000000,Excellent,
ECG_CH2,3124,2022-12-13 04:35:13,2022-12-13 04:35:28,15,3000,200,0.444234,0.389975,0.000000,1.000000,Excellent,
ECG_CH2,3125,2022-12-13 04:35:28,2022-12-13 04:35:43,15,3000,200,0.612833,0.650166,0.000000,1.000000,Excellent,
ECG_CH2,3126,2022-12-13 04:35:43,2022-12-13 04:35:58,15,3000,200,0.597294,0.715690,0.000000,1.000000,Excellent,
ECG_CH2,3127,2022-12-13 04:35:58,2022-12-13 04:36:13,15,3000,200,0.704273,0.850631,0.000000,1.000000,Excellent,
ECG_CH2,3128,2022-12-13 04:36:13,2022-12-13 04:36:28,15,3000,200,0.557253,0.636401,0.000000,1.000000,Excellent,
ECG_CH2,3129,2022-12-13 04:36:28,2022-12-13 04:36:43,15,3000,200,0.454285,0.326727,0.000000,1.000000,Excellent,
ECG_CH2,3130,2022-12-13 04:36:43,2022-12-13 04:36:58,15,3000,200,0.704787,0.833263,0.000000,1.000000,Excellent,
ECG_CH2,3131,2022-12-13 04:36:58,2022-12-13 04:37:13,15,3000,200,0.624168,0.848701,0.000000,1.000000,Barely acceptable,
ECG_CH2,3132,2022-12-13 04:37:13,2022-12-13 04:37:28,15,3000,200,0.672830,0.718288,0.000000,1.000000,Excellent,
ECG_CH2,3133,2022-12-13 04:37:28,2022-12-13 04:37:43,15,3000,200,0.755604,0.861512,0.000000,1.000000,Excellent,
ECG_CH2,3134,2022-12-13 04:37:43,2022-12-13 04:37:58,15,3000,200,0.650107,0.815284,0.000000,1.000000,Excellent,
ECG_CH2,3135,2022-12-13 04:37:58,2022-12-13 04:38:13,15,3000,200,0.679405,0.698457,0.000000,1.000000,Excellent,
ECG_CH2,3136,2022-12-13 04:38:13,2022-12-13 04:38:28,15,3000,200,0.639082,0.666573,0.000000,1.000000,Excellent,
ECG_CH2,3137,2022-12-13 04:38:28,2022-12-13 04:38:43,15,3000,200,0.562908,0.562108,0.000000,1.000000,Excellent,
ECG_CH2,3138,2022-12-13 04:38:43,2022-12-13 04:38:58,15,3000,200,0.512464,0.607488,0.000000,1.000000,Excellent,
ECG_CH2,3139,2022-12-13 04:38:58,2022-12-13 04:39:13,15,3000,200,0.752319,0.844330,0.000000,1.000000,Excellent,
ECG_CH2,3140,2022-12-13 04:39:13,2022-12-13 04:39:28,15,3000,200,0.690827,0.751260,0.000000,1.000000,Excellent,
ECG_CH2,3141,2022-12-13 04:39:28,2022-12-13 04:39:43,15,3000,200,0.506493,0.525176,0.000000,1.000000,Excellent,
ECG_CH2,3142,2022-12-13 04:39:43,2022-12-13 04:39:58,15,3000,200,0.823767,0.872717,0.000000,1.000000,Excellent,
ECG_CH2,3143,2022-12-13 04:39:58,2022-12-13 04:40:13,15,3000,200,0.764060,0.889623,0.000000,1.000000,Barely acceptable,
ECG_CH2,3144,2022-12-13 04:40:13,2022-12-13 04:40:28,15,3000,200,0.736443,0.794836,0.000000,1.000000,Excellent,
ECG_CH2,3145,2022-12-13 04:40:28,2022-12-13 04:40:43,15,3000,200,0.457776,0.336468,0.000000,1.000000,Excellent,
ECG_CH2,3146,2022-12-13 04:40:43,2022-12-13 04:40:58,15,3000,200,0.578544,0.730207,0.000000,1.000000,Excellent,
ECG_CH2,3147,2022-12-13 04:40:58,2022-12-13 04:41:13,15,3000,200,0.552172,0.705083,0.000000,1.000000,Excellent,
ECG_CH2,3148,2022-12-13 04:41:13,2022-12-13 04:41:28,15,3000,200,0.699343,0.745135,0.000000,1.000000,Barely acceptable,
ECG_CH2,3149,2022-12-13 04:41:28,2022-12-13 04:41:43,15,3000,200,0.618255,0.741289,0.000000,1.000000,Excellent,
ECG_CH2,3150,2022-12-13 04:41:43,2022-12-13 04:41:58,15,3000,200,0.515456,0.501156,0.000000,1.000000,Excellent,
ECG_CH2,3151,2022-12-13 04:41:58,2022-12-13 04:42:13,15,3000,200,0.654641,0.744304,0.000000,1.000000,Excellent,
ECG_CH2,3152,2022-12-13 04:42:13,2022-12-13 04:42:28,15,3000,200,0.594005,0.630160,0.000000,1.000000,Excellent,
ECG_CH2,3153,2022-12-13 04:42:28,2022-12-13 04:42:43,15,3000,200,0.615400,0.625024,0.000000,1.000000,Barely acceptable,
ECG_CH2,3154,2022-12-13 04:42:43,2022-12-13 04:42:58,15,3000,200,0.753748,0.847983,0.000000,1.000000,Excellent,
ECG_CH2,3155,2022-12-13 04:42:58,2022-12-13 04:43:13,15,3000,200,0.643256,0.662807,0.000000,1.000000,Excellent,
ECG_CH2,3156,2022-12-13 04:43:13,2022-12-13 04:43:28,15,3000,200,0.568378,0.614221,0.000000,1.000000,Excellent,
ECG_CH2,3157,2022-12-13 04:43:28,2022-12-13 04:43:43,15,3000,200,0.614768,0.675458,0.000000,1.000000,Excellent,
ECG_CH2,3158,2022-12-13 04:43:43,2022-12-13 04:43:58,15,3000,200,0.494281,0.549410,0.000000,1.000000,Excellent,
ECG_CH2,3159,2022-12-13 04:43:58,2022-12-13 04:44:13,15,3000,200,0.732314,0.793685,0.000000,1.000000,Excellent,
ECG_CH2,3160,2022-12-13 04:44:13,2022-12-13 04:44:28,15,3000,200,0.550231,0.598048,0.000000,1.000000,Excellent,
ECG_CH2,3161,2022-12-13 04:44:28,2022-12-13 04:44:43,15,3000,200,0.372061,0.202720,0.000000,1.000000,Excellent,
ECG_CH2,3162,2022-12-13 04:44:43,2022-12-13 04:44:58,15,3000,200,0.514583,0.524856,0.000000,1.000000,Excellent,
ECG_CH2,3163,2022-12-13 04:44:58,2022-12-13 04:45:13,15,3000,200,0.766306,0.886948,0.000000,1.000000,Excellent,
ECG_CH2,3164,2022-12-13 04:45:13,2022-12-13 04:45:28,15,3000,200,0.678324,0.814201,0.000000,1.000000,Barely acceptable,
ECG_CH2,3165,2022-12-13 04:45:28,2022-12-13 04:45:43,15,3000,200,0.556458,0.425592,0.000000,1.000000,Barely acceptable,
ECG_CH2,3166,2022-12-13 04:45:43,2022-12-13 04:45:58,15,3000,200,0.636759,0.734863,0.000000,1.000000,Excellent,
ECG_CH2,3167,2022-12-13 04:45:58,2022-12-13 04:46:13,15,3000,200,0.489031,0.498258,0.000000,1.000000,Excellent,
ECG_CH2,3168,2022-12-13 04:46:13,2022-12-13 04:46:28,15,3000,200,0.563377,0.508726,0.000000,1.000000,Excellent,
ECG_CH2,3169,2022-12-13 04:46:28,2022-12-13 04:46:43,15,3000,200,0.376161,0.355587,0.000000,1.000000,Excellent,
ECG_CH2,3170,2022-12-13 04:46:43,2022-12-13 04:46:58,15,3000,200,0.657116,0.768286,0.000000,1.000000,Excellent,
ECG_CH2,3171,2022-12-13 04:46:58,2022-12-13 04:47:13,15,3000,200,0.670795,0.705446,0.000000,1.000000,Excellent,
ECG_CH2,3172,2022-12-13 04:47:13,2022-12-13 04:47:28,15,3000,200,0.622461,0.772005,0.000000,1.000000,Excellent,
ECG_CH2,3173,2022-12-13 04:47:28,2022-12-13 04:47:43,15,3000,200,0.659390,0.755174,0.000000,1.000000,Excellent,
ECG_CH2,3174,2022-12-13 04:47:43,2022-12-13 04:47:58,15,3000,200,0.528550,0.560308,0.000000,1.000000,Excellent,
ECG_CH2,3175,2022-12-13 04:47:58,2022-12-13 04:48:13,15,3000,200,0.503436,0.497677,0.000000,1.000000,Excellent,
ECG_CH2,3176,2022-12-13 04:48:13,2022-12-13 04:48:28,15,3000,200,0.477440,0.469648,0.000000,1.000000,Excellent,
ECG_CH2,3177,2022-12-13 04:48:28,2022-12-13 04:48:43,15,3000,200,0.613100,0.697843,0.000000,1.000000,Excellent,
ECG_CH2,3178,2022-12-13 04:48:43,2022-12-13 04:48:58,15,3000,200,0.694272,0.748534,0.000000,1.000000,Excellent,
ECG_CH2,3179,2022-12-13 04:48:58,2022-12-13 04:49:13,15,3000,200,0.492187,0.585278,0.000000,1.000000,Excellent,
ECG_CH2,3180,2022-12-13 04:49:13,2022-12-13 04:49:28,15,3000,200,0.511098,0.475603,0.000000,1.000000,Excellent,
ECG_CH2,3181,2022-12-13 04:49:28,2022-12-13 04:49:43,15,3000,200,0.622949,0.752221,0.000000,1.000000,Excellent,
ECG_CH2,3182,2022-12-13 04:49:43,2022-12-13 04:49:58,15,3000,200,0.714623,0.827458,0.000000,1.000000,Excellent,
ECG_CH2,3183,2022-12-13 04:49:58,2022-12-13 04:50:13,15,3000,200,0.523574,0.392415,0.000000,1.000000,Excellent,
ECG_CH2,3184,2022-12-13 04:50:13,2022-12-13 04:50:28,15,3000,200,0.680720,0.844269,0.000000,1.000000,Excellent,
ECG_CH2,3185,2022-12-13 04:50:28,2022-12-13 04:50:43,15,3000,200,0.507048,0.429492,0.000000,1.000000,Excellent,
ECG_CH2,3186,2022-12-13 04:50:43,2022-12-13 04:50:58,15,3000,200,0.688238,0.780109,0.000000,1.000000,Excellent,
ECG_CH2,3187,2022-12-13 04:50:58,2022-12-13 04:51:13,15,3000,200,0.582164,0.646556,0.000000,1.000000,Excellent,
ECG_CH2,3188,2022-12-13 04:51:13,2022-12-13 04:51:28,15,3000,200,0.817372,0.920860,0.000000,1.000000,Excellent,
ECG_CH2,3189,2022-12-13 04:51:28,2022-12-13 04:51:43,15,3000,200,0.748922,0.866950,0.000000,1.000000,Excellent,
ECG_CH2,3190,2022-12-13 04:51:43,2022-12-13 04:51:58,15,3000,200,0.660996,0.727491,0.000000,1.000000,Barely acceptable,
ECG_CH2,3191,2022-12-13 04:51:58,2022-12-13 04:52:13,15,3000,200,0.551236,0.503776,0.000000,1.000000,Excellent,
ECG_CH2,3192,2022-12-13 04:52:13,2022-12-13 04:52:28,15,3000,200,0.722327,0.790931,0.000000,1.000000,Excellent,
ECG_CH2,3193,2022-12-13 04:52:28,2022-12-13 04:52:43,15,3000,200,0.706610,0.828152,0.000000,1.000000,Excellent,
ECG_CH2,3194,2022-12-13 04:52:43,2022-12-13 04:52:58,15,3000,200,0.666105,0.775211,0.000000,1.000000,Excellent,
ECG_CH2,3195,2022-12-13 04:52:58,2022-12-13 04:53:13,15,3000,200,0.646781,0.734626,0.000000,1.000000,Excellent,
ECG_CH2,3196,2022-12-13 04:53:13,2022-12-13 04:53:28,15,3000,200,0.508710,0.479996,0.000000,1.000000,Excellent,
ECG_CH2,3197,2022-12-13 04:53:28,2022-12-13 04:53:43,15,3000,200,0.611114,0.656490,0.000000,1.000000,Excellent,
ECG_CH2,3198,2022-12-13 04:53:43,2022-12-13 04:53:58,15,3000,200,0.513815,0.484351,0.000000,1.000000,Excellent,
ECG_CH2,3199,2022-12-13 04:53:58,2022-12-13 04:54:13,15,3000,200,0.557145,0.594441,0.000000,1.000000,Excellent,
ECG_CH2,3200,2022-12-13 04:54:13,2022-12-13 04:54:28,15,3000,200,0.586870,0.658900,0.000000,1.000000,Excellent,
ECG_CH2,3201,2022-12-13 04:54:28,2022-12-13 04:54:43,15,3000,200,0.687119,0.747603,0.000000,1.000000,Excellent,
ECG_CH2,3202,2022-12-13 04:54:43,2022-12-13 04:54:58,15,3000,200,0.526461,0.620408,0.000000,1.000000,Excellent,
ECG_CH2,3203,2022-12-13 04:54:58,2022-12-13 04:55:13,15,3000,200,0.749438,0.862591,0.000000,1.000000,Excellent,
ECG_CH2,3204,2022-12-13 04:55:13,2022-12-13 04:55:28,15,3000,200,0.709341,0.781231,0.000000,1.000000,Excellent,
ECG_CH2,3205,2022-12-13 04:55:28,2022-12-13 04:55:43,15,3000,200,0.602874,0.705381,0.000000,1.000000,Excellent,
ECG_CH2,3206,2022-12-13 04:55:43,2022-12-13 04:55:58,15,3000,200,0.674373,0.747817,0.000000,1.000000,Excellent,
ECG_CH2,3207,2022-12-13 04:55:58,2022-12-13 04:56:13,15,3000,200,0.581806,0.590730,0.000000,1.000000,Excellent,
ECG_CH2,3208,2022-12-13 04:56:13,2022-12-13 04:56:28,15,3000,200,0.595741,0.573212,0.000000,1.000000,Excellent,
ECG_CH2,3209,2022-12-13 04:56:28,2022-12-13 04:56:43,15,3000,200,0.745542,0.808380,0.000000,1.000000,Excellent,
ECG_CH2,3210,2022-12-13 04:56:43,2022-12-13 04:56:58,15,3000,200,0.618231,0.653485,0.000000,1.000000,Excellent,
ECG_CH2,3211,2022-12-13 04:56:58,2022-12-13 04:57:13,15,3000,200,0.727353,0.916308,0.000000,1.000000,Excellent,
ECG_CH2,3212,2022-12-13 04:57:13,2022-12-13 04:57:28,15,3000,200,0.548099,0.591833,0.000000,1.000000,Excellent,
ECG_CH2,3213,2022-12-13 04:57:28,2022-12-13 04:57:43,15,3000,200,0.662126,0.768995,0.000000,1.000000,Excellent,
ECG_CH2,3214,2022-12-13 04:57:43,2022-12-13 04:57:58,15,3000,200,0.654464,0.680304,0.000000,1.000000,Excellent,
ECG_CH2,3215,2022-12-13 04:57:58,2022-12-13 04:58:13,15,3000,200,0.654415,0.675078,0.000000,1.000000,Barely acceptable,
ECG_CH2,3216,2022-12-13 04:58:13,2022-12-13 04:58:28,15,3000,200,0.517363,0.571564,0.000000,1.000000,Barely acceptable,
ECG_CH2,3217,2022-12-13 04:58:28,2022-12-13 04:58:43,15,3000,200,0.724938,0.798737,0.000000,1.000000,Barely acceptable,
ECG_CH2,3218,2022-12-13 04:58:43,2022-12-13 04:58:58,15,3000,200,0.676563,0.737753,0.000000,1.000000,Barely acceptable,
ECG_CH2,3219,2022-12-13 04:58:58,2022-12-13 04:59:13,15,3000,200,0.689923,0.784034,0.000000,1.000000,Barely acceptable,
ECG_CH2,3220,2022-12-13 04:59:13,2022-12-13 04:59:28,15,3000,200,0.476661,0.501443,0.000000,1.000000,Excellent,
ECG_CH2,3221,2022-12-13 04:59:28,2022-12-13 04:59:43,15,3000,200,0.536149,0.573065,0.000000,1.000000,Barely acceptable,
ECG_CH2,3222,2022-12-13 04:59:43,2022-12-13 04:59:58,15,3000,200,0.536096,0.643598,0.000000,1.000000,Excellent,
ECG_CH2,3223,2022-12-13 04:59:58,2022-12-13 05:00:13,15,3000,200,0.605075,0.700359,0.000000,1.000000,Excellent,
ECG_CH2,3224,2022-12-13 05:00:13,2022-12-13 05:00:28,15,3000,200,0.603464,0.755880,0.000000,1.000000,Barely acceptable,
ECG_CH2,3225,2022-12-13 05:00:28,2022-12-13 05:00:43,15,3000,200,0.629298,0.792313,0.000000,1.000000,Barely acceptable,
ECG_CH2,3226,2022-12-13 05:00:43,2022-12-13 05:00:58,15,3000,200,0.600670,0.588961,0.000000,1.000000,Excellent,
ECG_CH2,3227,2022-12-13 05:00:58,2022-12-13 05:01:13,15,3000,200,0.585871,0.712278,0.000000,1.000000,Excellent,
ECG_CH2,3228,2022-12-13 05:01:13,2022-12-13 05:01:28,15,3000,200,0.650126,0.751703,0.000000,1.000000,Barely acceptable,
ECG_CH2,3229,2022-12-13 05:01:28,2022-12-13 05:01:43,15,3000,200,0.520456,0.546967,0.000000,1.000000,Barely acceptable,
ECG_CH2,3230,2022-12-13 05:01:43,2022-12-13 05:01:58,15,3000,200,0.670317,0.873019,0.000000,1.000000,Excellent,
ECG_CH2,3231,2022-12-13 05:01:58,2022-12-13 05:02:13,15,3000,200,0.602846,0.620392,0.000000,1.000000,Excellent,
ECG_CH2,3232,2022-12-13 05:02:13,2022-12-13 05:02:28,15,3000,200,0.489058,0.553509,0.000000,1.000000,Excellent,
ECG_CH2,3233,2022-12-13 05:02:28,2022-12-13 05:02:43,15,3000,200,0.586666,0.646549,0.000000,1.000000,Excellent,
ECG_CH2,3234,2022-12-13 05:02:43,2022-12-13 05:02:58,15,3000,200,0.614996,0.786247,0.000000,1.000000,Excellent,
ECG_CH2,3235,2022-12-13 05:02:58,2022-12-13 05:03:13,15,3000,200,0.422726,0.456499,0.000000,1.000000,Excellent,
ECG_CH2,3236,2022-12-13 05:03:13,2022-12-13 05:03:28,15,3000,200,0.749777,0.792488,0.000000,1.000000,Excellent,
ECG_CH2,3237,2022-12-13 05:03:28,2022-12-13 05:03:43,15,3000,200,0.737840,0.815395,0.000000,1.000000,Barely acceptable,
ECG_CH2,3238,2022-12-13 05:03:43,2022-12-13 05:03:58,15,3000,200,0.609998,0.670602,0.000000,1.000000,Excellent,
ECG_CH2,3239,2022-12-13 05:03:58,2022-12-13 05:04:13,15,3000,200,0.627569,0.568530,0.000000,1.000000,Excellent,
ECG_CH2,3240,2022-12-13 05:04:13,2022-12-13 05:04:28,15,3000,200,0.775951,0.858764,0.000000,1.000000,Barely acceptable,
ECG_CH2,3241,2022-12-13 05:04:28,2022-12-13 05:04:43,15,3000,200,0.602234,0.731504,0.000000,1.000000,Barely acceptable,
ECG_CH2,3242,2022-12-13 05:04:43,2022-12-13 05:04:58,15,3000,200,0.551560,0.540434,0.000000,1.000000,Excellent,
ECG_CH2,3243,2022-12-13 05:04:58,2022-12-13 05:05:13,15,3000,200,0.704366,0.836971,0.000000,1.000000,Excellent,
ECG_CH2,3244,2022-12-13 05:05:13,2022-12-13 05:05:28,15,3000,200,0.737103,0.892042,0.000000,1.000000,Excellent,
ECG_CH2,3245,2022-12-13 05:05:28,2022-12-13 05:05:43,15,3000,200,0.586302,0.718850,0.000000,1.000000,Excellent,
ECG_CH2,3246,2022-12-13 05:05:43,2022-12-13 05:05:58,15,3000,200,0.584808,0.599253,0.000000,1.000000,Barely acceptable,
ECG_CH2,3247,2022-12-13 05:05:58,2022-12-13 05:06:13,15,3000,200,0.600183,0.668982,0.000000,1.000000,Excellent,
ECG_CH2,3248,2022-12-13 05:06:13,2022-12-13 05:06:28,15,3000,200,0.561433,0.658565,0.000000,1.000000,Excellent,
ECG_CH2,3249,2022-12-13 05:06:28,2022-12-13 05:06:43,15,3000,200,0.759659,0.839639,0.000000,1.000000,Barely acceptable,
ECG_CH2,3250,2022-12-13 05:06:43,2022-12-13 05:06:58,15,3000,200,0.669860,0.715609,0.000000,1.000000,Excellent,
ECG_CH2,3251,2022-12-13 05:06:58,2022-12-13 05:07:13,15,3000,200,0.576725,0.615219,0.000000,1.000000,Excellent,
ECG_CH2,3252,2022-12-13 05:07:13,2022-12-13 05:07:28,15,3000,200,0.521078,0.520338,0.000000,1.000000,Barely acceptable,
ECG_CH2,3253,2022-12-13 05:07:28,2022-12-13 05:07:43,15,3000,200,0.593631,0.777287,0.000000,1.000000,Barely acceptable,
ECG_CH2,3254,2022-12-13 05:07:43,2022-12-13 05:07:58,15,3000,200,0.549352,0.761427,0.000000,1.000000,Excellent,
ECG_CH2,3255,2022-12-13 05:07:58,2022-12-13 05:08:13,15,3000,200,0.425443,0.429632,0.000000,1.000000,Excellent,
ECG_CH2,3256,2022-12-13 05:08:13,2022-12-13 05:08:28,15,3000,200,0.588482,0.712276,0.000000,1.000000,Excellent,
ECG_CH2,3257,2022-12-13 05:08:28,2022-12-13 05:08:43,15,3000,200,0.533653,0.683111,0.000000,1.000000,Excellent,
ECG_CH2,3258,2022-12-13 05:08:43,2022-12-13 05:08:58,15,3000,200,0.553676,0.581246,0.000000,1.000000,Excellent,
ECG_CH2,3259,2022-12-13 05:08:58,2022-12-13 05:09:13,15,3000,200,0.537838,0.588191,0.000000,1.000000,Excellent,
ECG_CH2,3260,2022-12-13 05:09:13,2022-12-13 05:09:28,15,3000,200,0.637614,0.792199,0.000000,1.000000,Barely acceptable,
ECG_CH2,3261,2022-12-13 05:09:28,2022-12-13 05:09:43,15,3000,200,0.717937,0.817801,0.000000,1.000000,Excellent,
ECG_CH2,3262,2022-12-13 05:09:43,2022-12-13 05:09:58,15,3000,200,0.615208,0.659203,0.000000,1.000000,Barely acceptable,
ECG_CH2,3263,2022-12-13 05:09:58,2022-12-13 05:10:13,15,3000,200,0.411777,0.444960,0.000000,1.000000,Excellent,
ECG_CH2,3264,2022-12-13 05:10:13,2022-12-13 05:10:28,15,3000,200,0.525731,0.694243,0.000000,1.000000,Barely acceptable,
ECG_CH2,3265,2022-12-13 05:10:28,2022-12-13 05:10:43,15,3000,200,0.682478,0.920773,0.000000,1.000000,Excellent,
ECG_CH2,3266,2022-12-13 05:10:43,2022-12-13 05:10:58,15,3000,200,0.641850,0.688581,0.000000,1.000000,Excellent,
ECG_CH2,3267,2022-12-13 05:10:58,2022-12-13 05:11:13,15,3000,200,0.527469,0.451984,0.000000,1.000000,Excellent,
ECG_CH2,3268,2022-12-13 05:11:13,2022-12-13 05:11:28,15,3000,200,0.682500,0.864221,0.000000,1.000000,Excellent,
ECG_CH2,3269,2022-12-13 05:11:28,2022-12-13 05:11:43,15,3000,200,0.696889,0.749477,0.000000,1.000000,Excellent,
ECG_CH2,3270,2022-12-13 05:11:43,2022-12-13 05:11:58,15,3000,200,0.535284,0.625646,0.000000,1.000000,Excellent,
ECG_CH2,3271,2022-12-13 05:11:58,2022-12-13 05:12:13,15,3000,200,0.532451,0.526405,0.000000,1.000000,Excellent,
ECG_CH2,3272,2022-12-13 05:12:13,2022-12-13 05:12:28,15,3000,200,0.762712,0.871017,0.000000,1.000000,Excellent,
ECG_CH2,3273,2022-12-13 05:12:28,2022-12-13 05:12:43,15,3000,200,0.649979,0.754038,0.000000,1.000000,Excellent,
ECG_CH2,3274,2022-12-13 05:12:43,2022-12-13 05:12:58,15,3000,200,0.461927,0.355981,0.000000,1.000000,Barely acceptable,
ECG_CH2,3275,2022-12-13 05:12:58,2022-12-13 05:13:13,15,3000,200,0.746124,0.794359,0.000000,1.000000,Barely acceptable,
ECG_CH2,3276,2022-12-13 05:13:13,2022-12-13 05:13:28,15,3000,200,0.572298,0.549169,0.000000,1.000000,Excellent,
ECG_CH2,3277,2022-12-13 05:13:28,2022-12-13 05:13:43,15,3000,200,0.614634,0.802684,0.000000,1.000000,Excellent,
ECG_CH2,3278,2022-12-13 05:13:43,2022-12-13 05:13:58,15,3000,200,0.552208,0.518435,0.000000,1.000000,Barely acceptable,
ECG_CH2,3279,2022-12-13 05:13:58,2022-12-13 05:14:13,15,3000,200,0.419635,0.453514,0.000000,1.000000,Barely acceptable,
ECG_CH2,3280,2022-12-13 05:14:13,2022-12-13 05:14:28,15,3000,200,0.774136,0.900385,0.000000,1.000000,Barely acceptable,
ECG_CH2,3281,2022-12-13 05:14:28,2022-12-13 05:14:43,15,3000,200,0.803426,0.900698,0.000000,1.000000,Excellent,
ECG_CH2,3282,2022-12-13 05:14:43,2022-12-13 05:14:58,15,3000,200,0.757112,0.903822,0.000000,1.000000,Excellent,
ECG_CH2,3283,2022-12-13 05:14:58,2022-12-13 05:15:13,15,3000,200,0.747556,0.819700,0.000000,1.000000,Excellent,
ECG_CH2,3284,2022-12-13 05:15:13,2022-12-13 05:15:28,15,3000,200,0.611311,0.671023,0.000000,1.000000,Excellent,
ECG_CH2,3285,2022-12-13 05:15:28,2022-12-13 05:15:43,15,3000,200,0.579293,0.634186,0.000000,1.000000,Excellent,
ECG_CH2,3286,2022-12-13 05:15:43,2022-12-13 05:15:58,15,3000,200,0.727839,0.859718,0.000000,1.000000,Excellent,
ECG_CH2,3287,2022-12-13 05:15:58,2022-12-13 05:16:13,15,3000,200,0.675938,0.734492,0.000000,1.000000,Barely acceptable,
ECG_CH2,3288,2022-12-13 05:16:13,2022-12-13 05:16:28,15,3000,200,0.566380,0.479648,0.000000,1.000000,Barely acceptable,
ECG_CH2,3289,2022-12-13 05:16:28,2022-12-13 05:16:43,15,3000,200,0.622691,0.665876,0.000000,1.000000,Excellent,
ECG_CH2,3290,2022-12-13 05:16:43,2022-12-13 05:16:58,15,3000,200,0.542272,0.473849,0.000000,1.000000,Excellent,
ECG_CH2,3291,2022-12-13 05:16:58,2022-12-13 05:17:13,15,3000,200,0.706288,0.840805,0.000000,1.000000,Excellent,
ECG_CH2,3292,2022-12-13 05:17:13,2022-12-13 05:17:28,15,3000,200,0.636798,0.761087,0.000000,1.000000,Excellent,
ECG_CH2,3293,2022-12-13 05:17:28,2022-12-13 05:17:43,15,3000,200,0.734705,0.812992,0.000000,1.000000,Barely acceptable,
ECG_CH2,3294,2022-12-13 05:17:43,2022-12-13 05:17:58,15,3000,200,0.749616,0.855320,0.000000,1.000000,Excellent,
ECG_CH2,3295,2022-12-13 05:17:58,2022-12-13 05:18:13,15,3000,200,0.675259,0.815099,0.000000,1.000000,Excellent,
ECG_CH2,3296,2022-12-13 05:18:13,2022-12-13 05:18:28,15,3000,200,0.596501,0.509815,0.000000,1.000000,Excellent,
ECG_CH2,3297,2022-12-13 05:18:28,2022-12-13 05:18:43,15,3000,200,0.640530,0.723004,0.000000,1.000000,Excellent,
ECG_CH2,3298,2022-12-13 05:18:43,2022-12-13 05:18:58,15,3000,200,0.491750,0.618449,0.000000,1.000000,Excellent,
ECG_CH2,3299,2022-12-13 05:18:58,2022-12-13 05:19:13,15,3000,200,0.671582,0.749547,0.000000,1.000000,Excellent,
ECG_CH2,3300,2022-12-13 05:19:13,2022-12-13 05:19:28,15,3000,200,0.659251,0.792448,0.000000,1.000000,Excellent,
ECG_CH2,3301,2022-12-13 05:19:28,2022-12-13 05:19:43,15,3000,200,0.575089,0.619693,0.000000,1.000000,Excellent,
ECG_CH2,3302,2022-12-13 05:19:43,2022-12-13 05:19:58,15,3000,200,0.580874,0.603706,0.000000,1.000000,Excellent,
ECG_CH2,3303,2022-12-13 05:19:58,2022-12-13 05:20:13,15,3000,200,0.530548,0.620352,0.000000,1.000000,Excellent,
ECG_CH2,3304,2022-12-13 05:20:13,2022-12-13 05:20:28,15,3000,200,0.602808,0.618616,0.000000,1.000000,Excellent,
ECG_CH2,3305,2022-12-13 05:20:28,2022-12-13 05:20:43,15,3000,200,0.759108,0.892835,0.000000,1.000000,Excellent,
ECG_CH2,3306,2022-12-13 05:20:43,2022-12-13 05:20:58,15,3000,200,0.750991,0.860834,0.000000,1.000000,Barely acceptable,
ECG_CH2,3307,2022-12-13 05:20:58,2022-12-13 05:21:13,15,3000,200,0.724375,0.801435,0.000000,1.000000,Excellent,
ECG_CH2,3308,2022-12-13 05:21:13,2022-12-13 05:21:28,15,3000,200,0.682007,0.797322,0.000000,1.000000,Barely acceptable,
ECG_CH2,3309,2022-12-13 05:21:28,2022-12-13 05:21:43,15,3000,200,0.714716,0.853403,0.000000,1.000000,Excellent,
ECG_CH2,3310,2022-12-13 05:21:43,2022-12-13 05:21:58,15,3000,200,0.656573,0.788034,0.000000,1.000000,Excellent,
ECG_CH2,3311,2022-12-13 05:21:58,2022-12-13 05:22:13,15,3000,200,0.608369,0.555714,0.000000,1.000000,Barely acceptable,
ECG_CH2,3312,2022-12-13 05:22:13,2022-12-13 05:22:28,15,3000,200,0.638358,0.733067,0.000000,1.000000,Excellent,
ECG_CH2,3313,2022-12-13 05:22:28,2022-12-13 05:22:43,15,3000,200,0.701419,0.815235,0.000000,1.000000,Excellent,
ECG_CH2,3314,2022-12-13 05:22:43,2022-12-13 05:22:58,15,3000,200,0.665188,0.720782,0.000000,1.000000,Barely acceptable,
ECG_CH2,3315,2022-12-13 05:22:58,2022-12-13 05:23:13,15,3000,200,0.623734,0.749054,0.000000,1.000000,Excellent,
ECG_CH2,3316,2022-12-13 05:23:13,2022-12-13 05:23:28,15,3000,200,0.681115,0.807056,0.000000,1.000000,Excellent,
ECG_CH2,3317,2022-12-13 05:23:28,2022-12-13 05:23:43,15,3000,200,0.626763,0.722565,0.000000,1.000000,Barely acceptable,
ECG_CH2,3318,2022-12-13 05:23:43,2022-12-13 05:23:58,15,3000,200,0.475283,0.517913,0.000000,1.000000,Barely acceptable,
ECG_CH2,3319,2022-12-13 05:23:58,2022-12-13 05:24:13,15,3000,200,0.589406,0.668160,0.000000,1.000000,Barely acceptable,
ECG_CH2,3320,2022-12-13 05:24:13,2022-12-13 05:24:28,15,3000,200,0.690817,0.724755,0.000000,1.000000,Barely acceptable,
ECG_CH2,3321,2022-12-13 05:24:28,2022-12-13 05:24:43,15,3000,200,0.775808,0.887500,0.000000,1.000000,Excellent,
ECG_CH2,3322,2022-12-13 05:24:43,2022-12-13 05:24:58,15,3000,200,0.622739,0.667733,0.000000,1.000000,Excellent,
ECG_CH2,3323,2022-12-13 05:24:58,2022-12-13 05:25:13,15,3000,200,0.695457,0.771450,0.000000,1.000000,Excellent,
ECG_CH2,3324,2022-12-13 05:25:13,2022-12-13 05:25:28,15,3000,200,0.461385,0.454757,0.000000,1.000000,Excellent,
ECG_CH2,3325,2022-12-13 05:25:28,2022-12-13 05:25:43,15,3000,200,0.714643,0.859090,0.000000,1.000000,Barely acceptable,
ECG_CH2,3326,2022-12-13 05:25:43,2022-12-13 05:25:58,15,3000,200,0.705355,0.777496,0.000000,1.000000,Excellent,
ECG_CH2,3327,2022-12-13 05:25:58,2022-12-13 05:26:13,15,3000,200,0.578845,0.579110,0.000000,1.000000,Excellent,
ECG_CH2,3328,2022-12-13 05:26:13,2022-12-13 05:26:28,15,3000,200,0.541763,0.679583,0.000000,1.000000,Excellent,
ECG_CH2,3329,2022-12-13 05:26:28,2022-12-13 05:26:43,15,3000,200,0.644568,0.714031,0.000000,1.000000,Barely acceptable,
ECG_CH2,3330,2022-12-13 05:26:43,2022-12-13 05:26:58,15,3000,200,0.588622,0.589353,0.000000,1.000000,Barely acceptable,
ECG_CH2,3331,2022-12-13 05:26:58,2022-12-13 05:27:13,15,3000,200,0.591183,0.751836,0.000000,1.000000,Excellent,
ECG_CH2,3332,2022-12-13 05:27:13,2022-12-13 05:27:28,15,3000,200,0.566781,0.503997,0.000000,1.000000,Excellent,
ECG_CH2,3333,2022-12-13 05:27:28,2022-12-13 05:27:43,15,3000,200,0.695123,0.916378,0.000000,1.000000,Excellent,
ECG_CH2,3334,2022-12-13 05:27:43,2022-12-13 05:27:58,15,3000,200,0.838066,0.942172,0.000000,1.000000,Excellent,
ECG_CH2,3335,2022-12-13 05:27:58,2022-12-13 05:28:13,15,3000,200,0.450277,0.368062,0.000000,1.000000,Barely acceptable,
ECG_CH2,3336,2022-12-13 05:28:13,2022-12-13 05:28:28,15,3000,200,0.625279,0.734724,0.000000,1.000000,Barely acceptable,
ECG_CH2,3337,2022-12-13 05:28:28,2022-12-13 05:28:43,15,3000,200,0.599036,0.561243,0.000000,1.000000,Excellent,
ECG_CH2,3338,2022-12-13 05:28:43,2022-12-13 05:28:58,15,3000,200,0.611521,0.791753,0.000000,1.000000,Excellent,
ECG_CH2,3339,2022-12-13 05:28:58,2022-12-13 05:29:13,15,3000,200,0.502880,0.468766,0.000000,1.000000,Excellent,
ECG_CH2,3340,2022-12-13 05:29:13,2022-12-13 05:29:28,15,3000,200,0.680387,0.790017,0.000000,1.000000,Excellent,
ECG_CH2,3341,2022-12-13 05:29:28,2022-12-13 05:29:43,15,3000,200,0.606984,0.831044,0.000000,1.000000,Barely acceptable,
ECG_CH2,3342,2022-12-13 05:29:43,2022-12-13 05:29:58,15,3000,200,0.745049,0.856078,0.000000,1.000000,Excellent,
ECG_CH2,3343,2022-12-13 05:29:58,2022-12-13 05:30:13,15,3000,200,0.664263,0.662777,0.000000,1.000000,Excellent,
ECG_CH2,3344,2022-12-13 05:30:13,2022-12-13 05:30:28,15,3000,200,0.588701,0.623591,0.000000,1.000000,Excellent,
ECG_CH2,3345,2022-12-13 05:30:28,2022-12-13 05:30:43,15,3000,200,0.650901,0.689083,0.000000,1.000000,Excellent,
ECG_CH2,3346,2022-12-13 05:30:43,2022-12-13 05:30:58,15,3000,200,0.582081,0.729821,0.000000,1.000000,Excellent,
ECG_CH2,3347,2022-12-13 05:30:58,2022-12-13 05:31:13,15,3000,200,0.745448,0.839369,0.000000,1.000000,Unacceptable,
ECG_CH2,3348,2022-12-13 05:31:13,2022-12-13 05:31:28,15,3000,200,0.634828,0.641249,0.000000,1.000000,Excellent,
ECG_CH2,3349,2022-12-13 05:31:28,2022-12-13 05:31:43,15,3000,200,0.739011,0.777407,0.000000,1.000000,Excellent,
ECG_CH2,3350,2022-12-13 05:31:43,2022-12-13 05:31:58,15,3000,200,0.626888,0.804570,0.000000,1.000000,Excellent,
ECG_CH2,3351,2022-12-13 05:31:58,2022-12-13 05:32:13,15,3000,200,0.721256,0.931535,0.000000,1.000000,Barely acceptable,
ECG_CH2,3352,2022-12-13 05:32:13,2022-12-13 05:32:28,15,3000,200,0.516440,0.657795,0.000000,1.000000,Excellent,
ECG_CH2,3353,2022-12-13 05:32:28,2022-12-13 05:32:43,15,3000,200,0.752010,0.818257,0.000000,1.000000,Excellent,
ECG_CH2,3354,2022-12-13 05:32:43,2022-12-13 05:32:58,15,3000,200,0.727991,0.837489,0.000000,1.000000,Excellent,
ECG_CH2,3355,2022-12-13 05:32:58,2022-12-13 05:33:13,15,3000,200,0.751012,0.920139,0.000000,1.000000,Barely acceptable,
ECG_CH2,3356,2022-12-13 05:33:13,2022-12-13 05:33:28,15,3000,200,0.716631,0.899399,0.000000,1.000000,Excellent,
ECG_CH2,3357,2022-12-13 05:33:28,2022-12-13 05:33:43,15,3000,200,0.716893,0.833788,0.000000,1.000000,Barely acceptable,
ECG_CH2,3358,2022-12-13 05:33:43,2022-12-13 05:33:58,15,3000,200,0.530004,0.603719,0.000000,1.000000,Excellent,
ECG_CH2,3359,2022-12-13 05:33:58,2022-12-13 05:34:13,15,3000,200,0.731775,0.765058,0.000000,1.000000,Barely acceptable,
ECG_CH2,3360,2022-12-13 05:34:13,2022-12-13 05:34:28,15,3000,200,0.816711,0.905627,0.000000,1.000000,Barely acceptable,
ECG_CH2,3361,2022-12-13 05:34:28,2022-12-13 05:34:43,15,3000,200,0.641130,0.643082,0.000000,1.000000,Excellent,
ECG_CH2,3362,2022-12-13 05:34:43,2022-12-13 05:34:58,15,3000,200,0.815026,0.917301,0.000000,1.000000,Excellent,
ECG_CH2,3363,2022-12-13 05:34:58,2022-12-13 05:35:13,15,3000,200,0.678075,0.755823,0.000000,1.000000,Barely acceptable,
ECG_CH2,3364,2022-12-13 05:35:13,2022-12-13 05:35:28,15,3000,200,0.615304,0.689643,0.000000,1.000000,Barely acceptable,
ECG_CH2,3365,2022-12-13 05:35:28,2022-12-13 05:35:43,15,3000,200,0.532859,0.623412,0.000000,1.000000,Excellent,
ECG_CH2,3366,2022-12-13 05:35:43,2022-12-13 05:35:58,15,3000,200,0.558443,0.704456,0.000000,1.000000,Barely acceptable,
ECG_CH2,3367,2022-12-13 05:35:58,2022-12-13 05:36:13,15,3000,200,0.664795,0.781360,0.000000,1.000000,Barely acceptable,
ECG_CH2,3368,2022-12-13 05:36:13,2022-12-13 05:36:28,15,3000,200,0.811641,0.881303,0.000000,1.000000,Unacceptable,
ECG_CH2,3369,2022-12-13 05:36:28,2022-12-13 05:36:43,15,3000,200,0.560691,0.540522,0.000000,1.000000,Excellent,
ECG_CH2,3370,2022-12-13 05:36:43,2022-12-13 05:36:58,15,3000,200,0.741882,0.747856,0.000000,1.000000,Excellent,
ECG_CH2,3371,2022-12-13 05:36:58,2022-12-13 05:37:13,15,3000,200,0.747790,0.836250,0.000000,1.000000,Excellent,
ECG_CH2,3372,2022-12-13 05:37:13,2022-12-13 05:37:28,15,3000,200,0.518662,0.765092,0.000000,1.000000,Excellent,
ECG_CH2,3373,2022-12-13 05:37:28,2022-12-13 05:37:43,15,3000,200,0.774015,0.859736,0.000000,1.000000,Excellent,
ECG_CH2,3374,2022-12-13 05:37:43,2022-12-13 05:37:58,15,3000,200,0.628009,0.683074,0.000000,1.000000,Excellent,
ECG_CH2,3375,2022-12-13 05:37:58,2022-12-13 05:38:13,15,3000,200,0.748770,0.815871,0.000000,1.000000,Excellent,
ECG_CH2,3376,2022-12-13 05:38:13,2022-12-13 05:38:28,15,3000,200,0.630915,0.771285,0.000000,1.000000,Barely acceptable,
ECG_CH2,3377,2022-12-13 05:38:28,2022-12-13 05:38:43,15,3000,200,0.710267,0.869182,0.000000,1.000000,Excellent,
ECG_CH2,3378,2022-12-13 05:38:43,2022-12-13 05:38:58,15,3000,200,0.453604,0.513380,0.000000,1.000000,Excellent,
ECG_CH2,3379,2022-12-13 05:38:58,2022-12-13 05:39:13,15,3000,200,0.631230,0.681723,0.000000,1.000000,Excellent,
ECG_CH2,3380,2022-12-13 05:39:13,2022-12-13 05:39:28,15,3000,200,0.568194,0.629106,0.000000,1.000000,Excellent,
ECG_CH2,3381,2022-12-13 05:39:28,2022-12-13 05:39:43,15,3000,200,0.515905,0.420525,0.000000,1.000000,Excellent,
ECG_CH2,3382,2022-12-13 05:39:43,2022-12-13 05:39:58,15,3000,200,0.510010,0.553493,0.000000,1.000000,Excellent,
ECG_CH2,3383,2022-12-13 05:39:58,2022-12-13 05:40:13,15,3000,200,0.578212,0.630478,0.000000,1.000000,Excellent,
ECG_CH2,3384,2022-12-13 05:40:13,2022-12-13 05:40:28,15,3000,200,0.714234,0.852782,0.000000,1.000000,Excellent,
ECG_CH2,3385,2022-12-13 05:40:28,2022-12-13 05:40:43,15,3000,200,0.664880,0.672002,0.000000,1.000000,Excellent,
ECG_CH2,3386,2022-12-13 05:40:43,2022-12-13 05:40:58,15,3000,200,0.576199,0.520846,0.000000,1.000000,Excellent,
ECG_CH2,3387,2022-12-13 05:40:58,2022-12-13 05:41:13,15,3000,200,0.727309,0.848405,0.000000,1.000000,Barely acceptable,
ECG_CH2,3388,2022-12-13 05:41:13,2022-12-13 05:41:28,15,3000,200,0.672449,0.776879,0.000000,1.000000,Barely acceptable,
ECG_CH2,3389,2022-12-13 05:41:28,2022-12-13 05:41:43,15,3000,200,0.540092,0.568116,0.000000,1.000000,Excellent,
ECG_CH2,3390,2022-12-13 05:41:43,2022-12-13 05:41:58,15,3000,200,0.647190,0.686699,0.000000,1.000000,Barely acceptable,
ECG_CH2,3391,2022-12-13 05:41:58,2022-12-13 05:42:13,15,3000,200,0.541308,0.582914,0.000000,1.000000,Barely acceptable,
ECG_CH2,3392,2022-12-13 05:42:13,2022-12-13 05:42:28,15,3000,200,0.697534,0.930308,0.000000,1.000000,Excellent,
ECG_CH2,3393,2022-12-13 05:42:28,2022-12-13 05:42:43,15,3000,200,0.806851,0.924068,0.000000,1.000000,Excellent,
ECG_CH2,3394,2022-12-13 05:42:43,2022-12-13 05:42:58,15,3000,200,0.694802,0.920076,0.000000,1.000000,Barely acceptable,
ECG_CH2,3395,2022-12-13 05:42:58,2022-12-13 05:43:13,15,3000,200,0.489038,0.465003,0.000000,1.000000,Barely acceptable,
ECG_CH2,3396,2022-12-13 05:43:13,2022-12-13 05:43:28,15,3000,200,0.753428,0.835641,0.000000,1.000000,Excellent,
ECG_CH2,3397,2022-12-13 05:43:28,2022-12-13 05:43:43,15,3000,200,0.699022,0.810189,0.000000,1.000000,Excellent,
ECG_CH2,3398,2022-12-13 05:43:43,2022-12-13 05:43:58,15,3000,200,0.729858,0.862272,0.000000,1.000000,Barely acceptable,
ECG_CH2,3399,2022-12-13 05:43:58,2022-12-13 05:44:13,15,3000,200,0.661444,0.792038,0.000000,1.000000,Excellent,
ECG_CH2,3400,2022-12-13 05:44:13,2022-12-13 05:44:28,15,3000,200,0.706756,0.827622,0.000000,1.000000,Excellent,
ECG_CH2,3401,2022-12-13 05:44:28,2022-12-13 05:44:43,15,3000,200,0.815377,0.861872,0.000000,1.000000,Excellent,
ECG_CH2,3402,2022-12-13 05:44:43,2022-12-13 05:44:58,15,3000,200,0.695032,0.860882,0.000000,1.000000,Excellent,
ECG_CH2,3403,2022-12-13 05:44:58,2022-12-13 05:45:13,15,3000,200,0.490984,0.592733,0.000000,1.000000,Barely acceptable,
ECG_CH2,3404,2022-12-13 05:45:13,2022-12-13 05:45:28,15,3000,200,0.757340,0.824200,0.000000,1.000000,Excellent,
ECG_CH2,3405,2022-12-13 05:45:28,2022-12-13 05:45:43,15,3000,200,0.617846,0.677809,0.000000,1.000000,Barely acceptable,
ECG_CH2,3406,2022-12-13 05:45:43,2022-12-13 05:45:58,15,3000,200,0.673883,0.695639,0.000000,1.000000,Barely acceptable,
ECG_CH2,3407,2022-12-13 05:45:58,2022-12-13 05:46:13,15,3000,200,0.474091,0.505542,0.000000,1.000000,Barely acceptable,
ECG_CH2,3408,2022-12-13 05:46:13,2022-12-13 05:46:28,15,3000,200,0.741575,0.889959,0.000000,1.000000,Excellent,
ECG_CH2,3409,2022-12-13 05:46:28,2022-12-13 05:46:43,15,3000,200,0.696349,0.787663,0.000000,1.000000,Barely acceptable,
ECG_CH2,3410,2022-12-13 05:46:43,2022-12-13 05:46:58,15,3000,200,0.585402,0.640871,0.000000,1.000000,Barely acceptable,
ECG_CH2,3411,2022-12-13 05:46:58,2022-12-13 05:47:13,15,3000,200,0.573820,0.603040,0.000000,1.000000,Barely acceptable,
ECG_CH2,3412,2022-12-13 05:47:13,2022-12-13 05:47:28,15,3000,200,0.714241,0.754416,0.000000,1.000000,Barely acceptable,
ECG_CH2,3413,2022-12-13 05:47:28,2022-12-13 05:47:43,15,3000,200,0.738028,0.822866,0.000000,1.000000,Barely acceptable,
ECG_CH2,3414,2022-12-13 05:47:43,2022-12-13 05:47:58,15,3000,200,0.534417,0.601186,0.000000,1.000000,Barely acceptable,
ECG_CH2,3415,2022-12-13 05:47:58,2022-12-13 05:48:13,15,3000,200,0.711566,0.754096,0.000000,1.000000,Barely acceptable,
ECG_CH2,3416,2022-12-13 05:48:13,2022-12-13 05:48:28,15,3000,200,0.835357,0.939075,0.000000,1.000000,Unacceptable,
ECG_CH2,3417,2022-12-13 05:48:28,2022-12-13 05:48:43,15,3000,200,0.693078,0.786488,0.000000,1.000000,Barely acceptable,
ECG_CH2,3418,2022-12-13 05:48:43,2022-12-13 05:48:58,15,3000,200,0.572641,0.601207,0.000000,1.000000,Barely acceptable,
ECG_CH2,3419,2022-12-13 05:48:58,2022-12-13 05:49:13,15,3000,200,0.574369,0.548409,0.000000,1.000000,Excellent,
ECG_CH2,3420,2022-12-13 05:49:13,2022-12-13 05:49:28,15,3000,200,0.578250,0.599787,0.000000,1.000000,Barely acceptable,
ECG_CH2,3421,2022-12-13 05:49:28,2022-12-13 05:49:43,15,3000,200,0.504120,0.448483,0.000000,1.000000,Excellent,
ECG_CH2,3422,2022-12-13 05:49:43,2022-12-13 05:49:58,15,3000,200,0.695783,0.678129,0.000000,1.000000,Excellent,
ECG_CH2,3423,2022-12-13 05:49:58,2022-12-13 05:50:13,15,3000,200,0.718942,0.750036,0.000000,1.000000,Barely acceptable,
ECG_CH2,3424,2022-12-13 05:50:13,2022-12-13 05:50:28,15,3000,200,0.580226,0.592666,0.000000,1.000000,Barely acceptable,
ECG_CH2,3425,2022-12-13 05:50:28,2022-12-13 05:50:43,15,3000,200,0.731055,0.864490,0.000000,1.000000,Barely acceptable,
ECG_CH2,3426,2022-12-13 05:50:43,2022-12-13 05:50:58,15,3000,200,0.628279,0.729309,0.000000,1.000000,Barely acceptable,
ECG_CH2,3427,2022-12-13 05:50:58,2022-12-13 05:51:13,15,3000,200,0.522219,0.446489,0.000000,1.000000,Barely acceptable,
ECG_CH2,3428,2022-12-13 05:51:13,2022-12-13 05:51:28,15,3000,200,0.714912,0.852496,0.000000,1.000000,Excellent,
ECG_CH2,3429,2022-12-13 05:51:28,2022-12-13 05:51:43,15,3000,200,0.606079,0.605690,0.000000,1.000000,Barely acceptable,
ECG_CH2,3430,2022-12-13 05:51:43,2022-12-13 05:51:58,15,3000,200,0.606005,0.586499,0.000000,1.000000,Excellent,
ECG_CH2,3431,2022-12-13 05:51:58,2022-12-13 05:52:13,15,3000,200,0.653179,0.655771,0.000000,1.000000,Barely acceptable,
ECG_CH2,3432,2022-12-13 05:52:13,2022-12-13 05:52:28,15,3000,200,0.595833,0.620065,0.000000,1.000000,Barely acceptable,
ECG_CH2,3433,2022-12-13 05:52:28,2022-12-13 05:52:43,15,3000,200,0.731286,0.746127,0.000000,1.000000,Barely acceptable,
ECG_CH2,3434,2022-12-13 05:52:43,2022-12-13 05:52:58,15,3000,200,0.509900,0.439884,0.000000,1.000000,Excellent,
ECG_CH2,3435,2022-12-13 05:52:58,2022-12-13 05:53:13,15,3000,200,0.772935,0.836497,0.000000,1.000000,Excellent,
ECG_CH2,3436,2022-12-13 05:53:13,2022-12-13 05:53:28,15,3000,200,0.697722,0.794446,0.000000,1.000000,Barely acceptable,
ECG_CH2,3437,2022-12-13 05:53:28,2022-12-13 05:53:43,15,3000,200,0.607402,0.760226,0.000000,1.000000,Barely acceptable,
ECG_CH2,3438,2022-12-13 05:53:43,2022-12-13 05:53:58,15,3000,200,0.672150,0.881839,0.000000,1.000000,Excellent,
ECG_CH2,3439,2022-12-13 05:53:58,2022-12-13 05:54:13,15,3000,200,0.661686,0.763718,0.000000,1.000000,Excellent,
ECG_CH2,3440,2022-12-13 05:54:13,2022-12-13 05:54:28,15,3000,200,0.526450,0.604066,0.000000,1.000000,Excellent,
ECG_CH2,3441,2022-12-13 05:54:28,2022-12-13 05:54:43,15,3000,200,0.703651,0.884212,0.000000,1.000000,Excellent,
ECG_CH2,3442,2022-12-13 05:54:43,2022-12-13 05:54:58,15,3000,200,0.752294,0.781335,0.000000,1.000000,Excellent,
ECG_CH2,3443,2022-12-13 05:54:58,2022-12-13 05:55:13,15,3000,200,0.790037,0.844835,0.000000,1.000000,Excellent,
ECG_CH2,3444,2022-12-13 05:55:13,2022-12-13 05:55:28,15,3000,200,0.776779,0.910861,0.000000,1.000000,Barely acceptable,
ECG_CH2,3445,2022-12-13 05:55:28,2022-12-13 05:55:43,15,3000,200,0.591816,0.662076,0.000000,1.000000,Excellent,
ECG_CH2,3446,2022-12-13 05:55:43,2022-12-13 05:55:58,15,3000,200,0.464007,0.429447,0.000000,1.000000,Barely acceptable,
ECG_CH2,3447,2022-12-13 05:55:58,2022-12-13 05:56:13,15,3000,200,0.737650,0.755086,0.000000,1.000000,Excellent,
ECG_CH2,3448,2022-12-13 05:56:13,2022-12-13 05:56:28,15,3000,200,0.673647,0.685499,0.000000,1.000000,Excellent,
ECG_CH2,3449,2022-12-13 05:56:28,2022-12-13 05:56:43,15,3000,200,0.652280,0.745865,0.000000,1.000000,Barely acceptable,
ECG_CH2,3450,2022-12-13 05:56:43,2022-12-13 05:56:58,15,3000,200,0.821611,0.928449,0.000000,1.000000,Barely acceptable,
ECG_CH2,3451,2022-12-13 05:56:58,2022-12-13 05:57:13,15,3000,200,0.597485,0.586815,0.000000,1.000000,Excellent,
ECG_CH2,3452,2022-12-13 05:57:13,2022-12-13 05:57:28,15,3000,200,0.507441,0.547705,0.000000,1.000000,Excellent,
ECG_CH2,3453,2022-12-13 05:57:28,2022-12-13 05:57:43,15,3000,200,0.788280,0.913497,0.000000,1.000000,Excellent,
ECG_CH2,3454,2022-12-13 05:57:43,2022-12-13 05:57:58,15,3000,200,0.700300,0.836053,0.000000,1.000000,Barely acceptable,
ECG_CH2,3455,2022-12-13 05:57:58,2022-12-13 05:58:13,15,3000,200,0.577964,0.645429,0.000000,1.000000,Barely acceptable,
ECG_CH2,3456,2022-12-13 05:58:13,2022-12-13 05:58:28,15,3000,200,0.639893,0.815151,0.000000,1.000000,Barely acceptable,
ECG_CH2,3457,2022-12-13 05:58:28,2022-12-13 05:58:43,15,3000,200,0.800808,0.863635,0.000000,1.000000,Barely acceptable,
ECG_CH2,3458,2022-12-13 05:58:43,2022-12-13 05:58:58,15,3000,200,0.749103,0.861637,0.000000,1.000000,Excellent,
ECG_CH2,3459,2022-12-13 05:58:58,2022-12-13 05:59:13,15,3000,200,0.825625,0.911181,0.000000,1.000000,Excellent,
ECG_CH2,3460,2022-12-13 05:59:13,2022-12-13 05:59:28,15,3000,200,0.695724,0.763524,0.000000,1.000000,Excellent,
ECG_CH2,3461,2022-12-13 05:59:28,2022-12-13 05:59:43,15,3000,200,0.734165,0.822224,0.000000,1.000000,Excellent,
ECG_CH2,3462,2022-12-13 05:59:43,2022-12-13 05:59:58,15,3000,200,0.787112,0.872843,0.000000,1.000000,Excellent,
ECG_CH2,3463,2022-12-13 05:59:58,2022-12-13 06:00:13,15,3000,200,0.800932,0.932293,0.000000,1.000000,Barely acceptable,
ECG_CH2,3464,2022-12-13 06:00:13,2022-12-13 06:00:28,15,3000,200,0.613925,0.760836,0.000000,1.000000,Excellent,
ECG_CH2,3465,2022-12-13 06:00:28,2022-12-13 06:00:43,15,3000,200,0.730434,0.793549,0.000000,1.000000,Excellent,
ECG_CH2,3466,2022-12-13 06:00:43,2022-12-13 06:00:58,15,3000,200,0.567368,0.620297,0.000000,1.000000,Excellent,
ECG_CH2,3467,2022-12-13 06:00:58,2022-12-13 06:01:13,15,3000,200,0.629668,0.714237,0.000000,1.000000,Excellent,
ECG_CH2,3468,2022-12-13 06:01:13,2022-12-13 06:01:28,15,3000,200,0.626415,0.632534,0.000000,1.000000,Excellent,
ECG_CH2,3469,2022-12-13 06:01:28,2022-12-13 06:01:43,15,3000,200,0.697120,0.768271,0.000000,1.000000,Excellent,
ECG_CH2,3470,2022-12-13 06:01:43,2022-12-13 06:01:58,15,3000,200,0.752123,0.830092,0.000000,1.000000,Excellent,
ECG_CH2,3471,2022-12-13 06:01:58,2022-12-13 06:02:13,15,3000,200,0.725804,0.897072,0.000000,1.000000,Excellent,
ECG_CH2,3472,2022-12-13 06:02:13,2022-12-13 06:02:28,15,3000,200,0.731000,0.835312,0.000000,1.000000,Excellent,
ECG_CH2,3473,2022-12-13 06:02:28,2022-12-13 06:02:43,15,3000,200,0.649091,0.717982,0.000000,1.000000,Barely acceptable,
ECG_CH2,3474,2022-12-13 06:02:43,2022-12-13 06:02:58,15,3000,200,0.693293,0.824719,0.000000,1.000000,Barely acceptable,
ECG_CH2,3475,2022-12-13 06:02:58,2022-12-13 06:03:13,15,3000,200,0.702572,0.797135,0.000000,1.000000,Excellent,
ECG_CH2,3476,2022-12-13 06:03:13,2022-12-13 06:03:28,15,3000,200,0.520123,0.534188,0.000000,1.000000,Excellent,
ECG_CH2,3477,2022-12-13 06:03:28,2022-12-13 06:03:43,15,3000,200,0.559490,0.576019,0.000000,1.000000,Excellent,
ECG_CH2,3478,2022-12-13 06:03:43,2022-12-13 06:03:58,15,3000,200,0.630203,0.773122,0.000000,1.000000,Excellent,
ECG_CH2,3479,2022-12-13 06:03:58,2022-12-13 06:04:13,15,3000,200,0.689625,0.878193,0.000000,1.000000,Excellent,
ECG_CH2,3480,2022-12-13 06:04:13,2022-12-13 06:04:28,15,3000,200,0.709493,0.721034,0.000000,1.000000,Excellent,
ECG_CH2,3481,2022-12-13 06:04:28,2022-12-13 06:04:43,15,3000,200,0.819272,0.852965,0.000000,1.000000,Barely acceptable,
ECG_CH2,3482,2022-12-13 06:04:43,2022-12-13 06:04:58,15,3000,200,0.645587,0.743241,0.000000,1.000000,Excellent,
ECG_CH2,3483,2022-12-13 06:04:58,2022-12-13 06:05:13,15,3000,200,0.621842,0.687247,0.000000,1.000000,Excellent,
ECG_CH2,3484,2022-12-13 06:05:13,2022-12-13 06:05:28,15,3000,200,0.714482,0.885750,0.000000,1.000000,Barely acceptable,
ECG_CH2,3485,2022-12-13 06:05:28,2022-12-13 06:05:43,15,3000,200,0.714669,0.819629,0.000000,1.000000,Barely acceptable,
ECG_CH2,3486,2022-12-13 06:05:43,2022-12-13 06:05:58,15,3000,200,0.751571,0.911603,0.000000,1.000000,Barely acceptable,
ECG_CH2,3487,2022-12-13 06:05:58,2022-12-13 06:06:13,15,3000,200,0.806023,0.914583,0.000000,1.000000,Barely acceptable,
ECG_CH2,3488,2022-12-13 06:06:13,2022-12-13 06:06:28,15,3000,200,0.699394,0.737489,0.000000,1.000000,Excellent,
ECG_CH2,3489,2022-12-13 06:06:28,2022-12-13 06:06:43,15,3000,200,0.731471,0.871863,0.000000,1.000000,Excellent,
ECG_CH2,3490,2022-12-13 06:06:43,2022-12-13 06:06:58,15,3000,200,0.727131,0.918241,0.000000,1.000000,Barely acceptable,
ECG_CH2,3491,2022-12-13 06:06:58,2022-12-13 06:07:13,15,3000,200,0.552057,0.648323,0.000000,1.000000,Excellent,
ECG_CH2,3492,2022-12-13 06:07:13,2022-12-13 06:07:28,15,3000,200,0.722244,0.831293,0.000000,1.000000,Excellent,
ECG_CH2,3493,2022-12-13 06:07:28,2022-12-13 06:07:43,15,3000,200,0.693522,0.815961,0.000000,1.000000,Barely acceptable,
ECG_CH2,3494,2022-12-13 06:07:43,2022-12-13 06:07:58,15,3000,200,0.624260,0.726815,0.000000,1.000000,Excellent,
ECG_CH2,3495,2022-12-13 06:07:58,2022-12-13 06:08:13,15,3000,200,0.585922,0.617340,0.000000,1.000000,Excellent,
ECG_CH2,3496,2022-12-13 06:08:13,2022-12-13 06:08:28,15,3000,200,0.629145,0.753893,0.000000,1.000000,Excellent,
ECG_CH2,3497,2022-12-13 06:08:28,2022-12-13 06:08:43,15,3000,200,0.771641,0.879243,0.000000,1.000000,Barely acceptable,
ECG_CH2,3498,2022-12-13 06:08:43,2022-12-13 06:08:58,15,3000,200,0.586013,0.590802,0.000000,1.000000,Excellent,
ECG_CH2,3499,2022-12-13 06:08:58,2022-12-13 06:09:13,15,3000,200,0.640425,0.707215,0.000000,1.000000,Excellent,
ECG_CH2,3500,2022-12-13 06:09:13,2022-12-13 06:09:28,15,3000,200,0.803707,0.919235,0.000000,1.000000,Excellent,
ECG_CH2,3501,2022-12-13 06:09:28,2022-12-13 06:09:43,15,3000,200,0.606460,0.749877,0.000000,1.000000,Excellent,
ECG_CH2,3502,2022-12-13 06:09:43,2022-12-13 06:09:58,15,3000,200,0.627774,0.685670,0.000000,1.000000,Excellent,
ECG_CH2,3503,2022-12-13 06:09:58,2022-12-13 06:10:13,15,3000,200,0.643216,0.645709,0.000000,1.000000,Excellent,
ECG_CH2,3504,2022-12-13 06:10:13,2022-12-13 06:10:28,15,3000,200,0.587304,0.719865,0.000000,1.000000,Excellent,
ECG_CH2,3505,2022-12-13 06:10:28,2022-12-13 06:10:43,15,3000,200,0.511153,0.588039,0.000000,1.000000,Excellent,
ECG_CH2,3506,2022-12-13 06:10:43,2022-12-13 06:10:58,15,3000,200,0.722036,0.802192,0.000000,1.000000,Excellent,
ECG_CH2,3507,2022-12-13 06:10:58,2022-12-13 06:11:13,15,3000,200,0.719085,0.857135,0.000000,1.000000,Barely acceptable,
ECG_CH2,3508,2022-12-13 06:11:13,2022-12-13 06:11:28,15,3000,200,0.628271,0.757347,0.000000,1.000000,Excellent,
ECG_CH2,3509,2022-12-13 06:11:28,2022-12-13 06:11:43,15,3000,200,0.547012,0.563059,0.000000,1.000000,Excellent,
ECG_CH2,3510,2022-12-13 06:11:43,2022-12-13 06:11:58,15,3000,200,0.605695,0.664852,0.000000,1.000000,Excellent,
ECG_CH2,3511,2022-12-13 06:11:58,2022-12-13 06:12:13,15,3000,200,0.674820,0.843542,0.000000,1.000000,Excellent,
ECG_CH2,3512,2022-12-13 06:12:13,2022-12-13 06:12:28,15,3000,200,0.565993,0.587116,0.000000,1.000000,Excellent,
ECG_CH2,3513,2022-12-13 06:12:28,2022-12-13 06:12:43,15,3000,200,0.611464,0.699545,0.000000,1.000000,Excellent,
ECG_CH2,3514,2022-12-13 06:12:43,2022-12-13 06:12:58,15,3000,200,0.778570,0.859094,0.000000,1.000000,Excellent,
ECG_CH2,3515,2022-12-13 06:12:58,2022-12-13 06:13:13,15,3000,200,0.681615,0.780390,0.000000,1.000000,Excellent,
ECG_CH2,3516,2022-12-13 06:13:13,2022-12-13 06:13:28,15,3000,200,0.658685,0.862471,0.000000,1.000000,Excellent,
ECG_CH2,3517,2022-12-13 06:13:28,2022-12-13 06:13:43,15,3000,200,0.730841,0.840942,0.000000,1.000000,Excellent,
ECG_CH2,3518,2022-12-13 06:13:43,2022-12-13 06:13:58,15,3000,200,0.614906,0.634860,0.000000,1.000000,Excellent,
ECG_CH2,3519,2022-12-13 06:13:58,2022-12-13 06:14:13,15,3000,200,0.617720,0.671470,0.000000,1.000000,Excellent,
ECG_CH2,3520,2022-12-13 06:14:13,2022-12-13 06:14:28,15,3000,200,0.724454,0.848672,0.000000,1.000000,Excellent,
ECG_CH2,3521,2022-12-13 06:14:28,2022-12-13 06:14:43,15,3000,200,0.735476,0.829982,0.000000,1.000000,Excellent,
ECG_CH2,3522,2022-12-13 06:14:43,2022-12-13 06:14:58,15,3000,200,0.638672,0.649075,0.000000,1.000000,Excellent,
ECG_CH2,3523,2022-12-13 06:14:58,2022-12-13 06:15:13,15,3000,200,0.565692,0.596495,0.000000,1.000000,Excellent,
ECG_CH2,3524,2022-12-13 06:15:13,2022-12-13 06:15:28,15,3000,200,0.648869,0.759592,0.000000,1.000000,Excellent,
ECG_CH2,3525,2022-12-13 06:15:28,2022-12-13 06:15:43,15,3000,200,0.601784,0.623577,0.000000,1.000000,Excellent,
ECG_CH2,3526,2022-12-13 06:15:43,2022-12-13 06:15:58,15,3000,200,0.603632,0.689459,0.000000,1.000000,Excellent,
ECG_CH2,3527,2022-12-13 06:15:58,2022-12-13 06:16:13,15,3000,200,0.651994,0.642177,0.000000,1.000000,Excellent,
ECG_CH2,3528,2022-12-13 06:16:13,2022-12-13 06:16:28,15,3000,200,0.803162,0.881334,0.000000,1.000000,Excellent,
ECG_CH2,3529,2022-12-13 06:16:28,2022-12-13 06:16:43,15,3000,200,0.529167,0.559766,0.000000,1.000000,Excellent,
ECG_CH2,3530,2022-12-13 06:16:43,2022-12-13 06:16:58,15,3000,200,0.720472,0.802231,0.000000,1.000000,Excellent,
ECG_CH2,3531,2022-12-13 06:16:58,2022-12-13 06:17:13,15,3000,200,0.661705,0.833145,0.000000,1.000000,Excellent,
ECG_CH2,3532,2022-12-13 06:17:13,2022-12-13 06:17:28,15,3000,200,0.767549,0.807469,0.000000,1.000000,Excellent,
ECG_CH2,3533,2022-12-13 06:17:28,2022-12-13 06:17:43,15,3000,200,0.606550,0.668860,0.000000,1.000000,Excellent,
ECG_CH2,3534,2022-12-13 06:17:43,2022-12-13 06:17:58,15,3000,200,0.688512,0.734300,0.000000,1.000000,Excellent,
ECG_CH2,3535,2022-12-13 06:17:58,2022-12-13 06:18:13,15,3000,200,0.718343,0.757199,0.000000,1.000000,Excellent,
ECG_CH2,3536,2022-12-13 06:18:13,2022-12-13 06:18:28,15,3000,200,0.522678,0.520178,0.000000,1.000000,Excellent,
ECG_CH2,3537,2022-12-13 06:18:28,2022-12-13 06:18:43,15,3000,200,0.852839,0.924218,0.000000,1.000000,Excellent,
ECG_CH2,3538,2022-12-13 06:18:43,2022-12-13 06:18:58,15,3000,200,0.664468,0.766411,0.000000,1.000000,Excellent,
ECG_CH2,3539,2022-12-13 06:18:58,2022-12-13 06:19:13,15,3000,200,0.833047,0.884093,0.000000,1.000000,Excellent,
ECG_CH2,3540,2022-12-13 06:19:13,2022-12-13 06:19:28,15,3000,200,0.409676,0.414611,0.000000,1.000000,Excellent,
ECG_CH2,3541,2022-12-13 06:19:28,2022-12-13 06:19:43,15,3000,200,0.548154,0.587123,0.000000,1.000000,Excellent,
ECG_CH2,3542,2022-12-13 06:19:43,2022-12-13 06:19:58,15,3000,200,0.611179,0.663329,0.000000,1.000000,Excellent,
ECG_CH2,3543,2022-12-13 06:19:58,2022-12-13 06:20:13,15,3000,200,0.712157,0.802827,0.000000,1.000000,Excellent,
ECG_CH2,3544,2022-12-13 06:20:13,2022-12-13 06:20:28,15,3000,200,0.728853,0.808540,0.000000,1.000000,Excellent,
ECG_CH2,3545,2022-12-13 06:20:28,2022-12-13 06:20:43,15,3000,200,0.653256,0.760454,0.000000,1.000000,Excellent,
ECG_CH2,3546,2022-12-13 06:20:43,2022-12-13 06:20:58,15,3000,200,0.644941,0.637353,0.000000,1.000000,Excellent,
ECG_CH2,3547,2022-12-13 06:20:58,2022-12-13 06:21:13,15,3000,200,0.784565,0.811249,0.000000,1.000000,Excellent,
ECG_CH2,3548,2022-12-13 06:21:13,2022-12-13 06:21:28,15,3000,200,0.417977,0.318205,0.000000,1.000000,Excellent,
ECG_CH2,3549,2022-12-13 06:21:28,2022-12-13 06:21:43,15,3000,200,0.731233,0.771162,0.000000,1.000000,Excellent,
ECG_CH2,3550,2022-12-13 06:21:43,2022-12-13 06:21:58,15,3000,200,0.660374,0.740002,0.000000,1.000000,Excellent,
ECG_CH2,3551,2022-12-13 06:21:58,2022-12-13 06:22:13,15,3000,200,0.656243,0.713039,0.000000,1.000000,Excellent,
ECG_CH2,3552,2022-12-13 06:22:13,2022-12-13 06:22:28,15,3000,200,0.599870,0.811634,0.000000,1.000000,Excellent,
ECG_CH2,3553,2022-12-13 06:22:28,2022-12-13 06:22:43,15,3000,200,0.673756,0.702494,0.000000,1.000000,Excellent,
ECG_CH2,3554,2022-12-13 06:22:43,2022-12-13 06:22:58,15,3000,200,0.487404,0.413196,0.000000,1.000000,Excellent,
ECG_CH2,3555,2022-12-13 06:22:58,2022-12-13 06:23:13,15,3000,200,0.715898,0.838981,0.000000,1.000000,Excellent,
ECG_CH2,3556,2022-12-13 06:23:13,2022-12-13 06:23:28,15,3000,200,0.695035,0.731537,0.000000,1.000000,Excellent,
ECG_CH2,3557,2022-12-13 06:23:28,2022-12-13 06:23:43,15,3000,200,0.502616,0.563774,0.000000,1.000000,Excellent,
ECG_CH2,3558,2022-12-13 06:23:43,2022-12-13 06:23:58,15,3000,200,0.594992,0.657163,0.000000,1.000000,Excellent,
ECG_CH2,3559,2022-12-13 06:23:58,2022-12-13 06:24:13,15,3000,200,0.700777,0.835910,0.000000,1.000000,Excellent,
ECG_CH2,3560,2022-12-13 06:24:13,2022-12-13 06:24:28,15,3000,200,0.629141,0.703615,0.000000,1.000000,Excellent,
ECG_CH2,3561,2022-12-13 06:24:28,2022-12-13 06:24:43,15,3000,200,0.715110,0.897187,0.000000,1.000000,Excellent,
ECG_CH2,3562,2022-12-13 06:24:43,2022-12-13 06:24:58,15,3000,200,0.726877,0.834602,0.000000,1.000000,Excellent,
ECG_CH2,3563,2022-12-13 06:24:58,2022-12-13 06:25:13,15,3000,200,0.684821,0.685727,0.000000,1.000000,Excellent,
ECG_CH2,3564,2022-12-13 06:25:13,2022-12-13 06:25:28,15,3000,200,0.565357,0.638805,0.000000,1.000000,Excellent,
ECG_CH2,3565,2022-12-13 06:25:28,2022-12-13 06:25:43,15,3000,200,0.589941,0.558016,0.000000,1.000000,Barely acceptable,
ECG_CH2,3566,2022-12-13 06:25:43,2022-12-13 06:25:58,15,3000,200,0.657154,0.701598,0.000000,1.000000,Excellent,
ECG_CH2,3567,2022-12-13 06:25:58,2022-12-13 06:26:13,15,3000,200,0.702086,0.830428,0.000000,1.000000,Barely acceptable,
ECG_CH2,3568,2022-12-13 06:26:13,2022-12-13 06:26:28,15,3000,200,0.645048,0.836016,0.000000,1.000000,Excellent,
ECG_CH2,3569,2022-12-13 06:26:28,2022-12-13 06:26:43,15,3000,200,0.635831,0.634055,0.000000,1.000000,Excellent,
ECG_CH2,3570,2022-12-13 06:26:43,2022-12-13 06:26:58,15,3000,200,0.477779,0.559126,0.000000,1.000000,Excellent,
ECG_CH2,3571,2022-12-13 06:26:58,2022-12-13 06:27:13,15,3000,200,0.634824,0.717251,0.000000,1.000000,Excellent,
ECG_CH2,3572,2022-12-13 06:27:13,2022-12-13 06:27:28,15,3000,200,0.536863,0.652365,0.000000,1.000000,Excellent,
ECG_CH2,3573,2022-12-13 06:27:28,2022-12-13 06:27:43,15,3000,200,0.643526,0.741701,0.000000,1.000000,Excellent,
ECG_CH2,3574,2022-12-13 06:27:43,2022-12-13 06:27:58,15,3000,200,0.697154,0.729641,0.000000,1.000000,Barely acceptable,
ECG_CH2,3575,2022-12-13 06:27:58,2022-12-13 06:28:13,15,3000,200,0.501581,0.608845,0.000000,1.000000,Excellent,
ECG_CH2,3576,2022-12-13 06:28:13,2022-12-13 06:28:28,15,3000,200,0.652914,0.786349,0.000000,1.000000,Excellent,
ECG_CH2,3577,2022-12-13 06:28:28,2022-12-13 06:28:43,15,3000,200,0.624230,0.772206,0.000000,1.000000,Barely acceptable,
ECG_CH2,3578,2022-12-13 06:28:43,2022-12-13 06:28:58,15,3000,200,0.682496,0.836889,0.000000,1.000000,Excellent,
ECG_CH2,3579,2022-12-13 06:28:58,2022-12-13 06:29:13,15,3000,200,0.613603,0.555825,0.000000,1.000000,Barely acceptable,
ECG_CH2,3580,2022-12-13 06:29:13,2022-12-13 06:29:28,15,3000,200,0.626875,0.644864,0.000000,1.000000,Excellent,
ECG_CH2,3581,2022-12-13 06:29:28,2022-12-13 06:29:43,15,3000,200,0.775498,0.855151,0.000000,1.000000,Excellent,
ECG_CH2,3582,2022-12-13 06:29:43,2022-12-13 06:29:58,15,3000,200,0.652593,0.794085,0.000000,1.000000,Excellent,
ECG_CH2,3583,2022-12-13 06:29:58,2022-12-13 06:30:13,15,3000,200,0.790906,0.893842,0.000000,1.000000,Excellent,
ECG_CH2,3584,2022-12-13 06:30:13,2022-12-13 06:30:28,15,3000,200,0.746444,0.736329,0.000000,1.000000,Excellent,
ECG_CH2,3585,2022-12-13 06:30:28,2022-12-13 06:30:43,15,3000,200,0.670058,0.826018,0.000000,1.000000,Excellent,
ECG_CH2,3586,2022-12-13 06:30:43,2022-12-13 06:30:58,15,3000,200,0.724212,0.793349,0.000000,1.000000,Excellent,
ECG_CH2,3587,2022-12-13 06:30:58,2022-12-13 06:31:13,15,3000,200,0.592549,0.588214,0.000000,1.000000,Excellent,
ECG_CH2,3588,2022-12-13 06:31:13,2022-12-13 06:31:28,15,3000,200,0.596051,0.660561,0.000000,1.000000,Barely acceptable,
ECG_CH2,3589,2022-12-13 06:31:28,2022-12-13 06:31:43,15,3000,200,0.753810,0.893285,0.000000,1.000000,Excellent,
ECG_CH2,3590,2022-12-13 06:31:43,2022-12-13 06:31:58,15,3000,200,0.582059,0.727257,0.000000,1.000000,Excellent,
ECG_CH2,3591,2022-12-13 06:31:58,2022-12-13 06:32:13,15,3000,200,0.766641,0.814824,0.000000,1.000000,Barely acceptable,
ECG_CH2,3592,2022-12-13 06:32:13,2022-12-13 06:32:28,15,3000,200,0.701477,0.763669,0.000000,1.000000,Excellent,
ECG_CH2,3593,2022-12-13 06:32:28,2022-12-13 06:32:43,15,3000,200,0.685331,0.750970,0.000000,1.000000,Barely acceptable,
ECG_CH2,3594,2022-12-13 06:32:43,2022-12-13 06:32:58,15,3000,200,0.658625,0.793275,0.000000,1.000000,Excellent,
ECG_CH2,3595,2022-12-13 06:32:58,2022-12-13 06:33:13,15,3000,200,0.670063,0.786986,0.000000,1.000000,Excellent,
ECG_CH2,3596,2022-12-13 06:33:13,2022-12-13 06:33:28,15,3000,200,0.560608,0.632915,0.000000,1.000000,Barely acceptable,
ECG_CH2,3597,2022-12-13 06:33:28,2022-12-13 06:33:43,15,3000,200,0.580315,0.817107,0.000000,1.000000,Excellent,
ECG_CH2,3598,2022-12-13 06:33:43,2022-12-13 06:33:58,15,3000,200,0.617000,0.601457,0.000000,1.000000,Excellent,
ECG_CH2,3599,2022-12-13 06:33:58,2022-12-13 06:34:13,15,3000,200,0.618487,0.639144,0.000000,1.000000,Excellent,
ECG_CH2,3600,2022-12-13 06:34:13,2022-12-13 06:34:28,15,3000,200,0.663694,0.858557,0.000000,1.000000,Excellent,
ECG_CH2,3601,2022-12-13 06:34:28,2022-12-13 06:34:43,15,3000,200,0.776363,0.844278,0.000000,1.000000,Barely acceptable,
ECG_CH2,3602,2022-12-13 06:34:43,2022-12-13 06:34:58,15,3000,200,0.786034,0.953506,0.000000,1.000000,Barely acceptable,
ECG_CH2,3603,2022-12-13 06:34:58,2022-12-13 06:35:13,15,3000,200,0.639433,0.808794,0.000000,1.000000,Excellent,
ECG_CH2,3604,2022-12-13 06:35:13,2022-12-13 06:35:28,15,3000,200,0.709753,0.826142,0.000000,1.000000,Excellent,
ECG_CH2,3605,2022-12-13 06:35:28,2022-12-13 06:35:43,15,3000,200,0.594754,0.649365,0.000000,1.000000,Excellent,
ECG_CH2,3606,2022-12-13 06:35:43,2022-12-13 06:35:58,15,3000,200,0.454561,0.382865,0.000000,1.000000,Excellent,
ECG_CH2,3607,2022-12-13 06:35:58,2022-12-13 06:36:13,15,3000,200,0.733562,0.850423,0.000000,1.000000,Excellent,
ECG_CH2,3608,2022-12-13 06:36:13,2022-12-13 06:36:28,15,3000,200,0.595568,0.665664,0.000000,1.000000,Excellent,
ECG_CH2,3609,2022-12-13 06:36:28,2022-12-13 06:36:43,15,3000,200,0.734491,0.810888,0.000000,1.000000,Excellent,
ECG_CH2,3610,2022-12-13 06:36:43,2022-12-13 06:36:58,15,3000,200,0.632529,0.701448,0.000000,1.000000,Excellent,
ECG_CH2,3611,2022-12-13 06:36:58,2022-12-13 06:37:13,15,3000,200,0.559802,0.603460,0.000000,1.000000,Excellent,
ECG_CH2,3612,2022-12-13 06:37:13,2022-12-13 06:37:28,15,3000,200,0.613229,0.649646,0.000000,1.000000,Excellent,
ECG_CH2,3613,2022-12-13 06:37:28,2022-12-13 06:37:43,15,3000,200,0.788071,0.814262,0.000000,1.000000,Excellent,
ECG_CH2,3614,2022-12-13 06:37:43,2022-12-13 06:37:58,15,3000,200,0.707097,0.827893,0.000000,1.000000,Excellent,
ECG_CH2,3615,2022-12-13 06:37:58,2022-12-13 06:38:13,15,3000,200,0.516186,0.570569,0.000000,1.000000,Excellent,
ECG_CH2,3616,2022-12-13 06:38:13,2022-12-13 06:38:28,15,3000,200,0.811867,0.938924,0.000000,1.000000,Barely acceptable,
ECG_CH2,3617,2022-12-13 06:38:28,2022-12-13 06:38:43,15,3000,200,0.706365,0.910355,0.000000,1.000000,Excellent,
ECG_CH2,3618,2022-12-13 06:38:43,2022-12-13 06:38:58,15,3000,200,0.679358,0.831551,0.000000,1.000000,Excellent,
ECG_CH2,3619,2022-12-13 06:38:58,2022-12-13 06:39:13,15,3000,200,0.775269,0.893323,0.000000,1.000000,Excellent,
ECG_CH2,3620,2022-12-13 06:39:13,2022-12-13 06:39:28,15,3000,200,0.621970,0.608951,0.000000,1.000000,Excellent,
ECG_CH2,3621,2022-12-13 06:39:28,2022-12-13 06:39:43,15,3000,200,0.473014,0.379314,0.000000,1.000000,Excellent,
ECG_CH2,3622,2022-12-13 06:39:43,2022-12-13 06:39:58,15,3000,200,0.508293,0.477534,0.000000,1.000000,Excellent,
ECG_CH2,3623,2022-12-13 06:39:58,2022-12-13 06:40:13,15,3000,200,0.552912,0.568246,0.000000,1.000000,Excellent,
ECG_CH2,3624,2022-12-13 06:40:13,2022-12-13 06:40:28,15,3000,200,0.607429,0.821976,0.000000,1.000000,Excellent,
ECG_CH2,3625,2022-12-13 06:40:28,2022-12-13 06:40:43,15,3000,200,0.454249,0.546077,0.000000,1.000000,Excellent,
ECG_CH2,3626,2022-12-13 06:40:43,2022-12-13 06:40:58,15,3000,200,0.587099,0.713697,0.000000,1.000000,Excellent,
ECG_CH2,3627,2022-12-13 06:40:58,2022-12-13 06:41:13,15,3000,200,0.586914,0.658688,0.000000,1.000000,Excellent,
ECG_CH2,3628,2022-12-13 06:41:13,2022-12-13 06:41:28,15,3000,200,0.496503,0.449649,0.000000,1.000000,Excellent,
ECG_CH2,3629,2022-12-13 06:41:28,2022-12-13 06:41:43,15,3000,200,0.623336,0.583651,0.000000,1.000000,Excellent,
ECG_CH2,3630,2022-12-13 06:41:43,2022-12-13 06:41:58,15,3000,200,0.764284,0.794952,0.000000,1.000000,Excellent,
ECG_CH2,3631,2022-12-13 06:41:58,2022-12-13 06:42:13,15,3000,200,0.552921,0.569652,0.000000,1.000000,Excellent,
ECG_CH2,3632,2022-12-13 06:42:13,2022-12-13 06:42:28,15,3000,200,0.590121,0.674566,0.000000,1.000000,Excellent,
ECG_CH2,3633,2022-12-13 06:42:28,2022-12-13 06:42:43,15,3000,200,0.595215,0.756890,0.000000,1.000000,Excellent,
ECG_CH2,3634,2022-12-13 06:42:43,2022-12-13 06:42:58,15,3000,200,0.441278,0.430030,0.000000,1.000000,Excellent,
ECG_CH2,3635,2022-12-13 06:42:58,2022-12-13 06:43:13,15,3000,200,0.524657,0.565362,0.000000,1.000000,Excellent,
ECG_CH2,3636,2022-12-13 06:43:13,2022-12-13 06:43:28,15,3000,200,0.583577,0.639321,0.000000,1.000000,Excellent,
ECG_CH2,3637,2022-12-13 06:43:28,2022-12-13 06:43:43,15,3000,200,0.545603,0.645898,0.000000,1.000000,Excellent,
ECG_CH2,3638,2022-12-13 06:43:43,2022-12-13 06:43:58,15,3000,200,0.649449,0.721331,0.000000,1.000000,Excellent,
ECG_CH2,3639,2022-12-13 06:43:58,2022-12-13 06:44:13,15,3000,200,0.729358,0.818431,0.000000,1.000000,Excellent,
ECG_CH2,3640,2022-12-13 06:44:13,2022-12-13 06:44:28,15,3000,200,0.602752,0.717773,0.000000,1.000000,Excellent,
ECG_CH2,3641,2022-12-13 06:44:28,2022-12-13 06:44:43,15,3000,200,0.638549,0.699264,0.000000,1.000000,Excellent,
ECG_CH2,3642,2022-12-13 06:44:43,2022-12-13 06:44:58,15,3000,200,0.628934,0.625428,0.000000,1.000000,Excellent,
ECG_CH2,3643,2022-12-13 06:44:58,2022-12-13 06:45:13,15,3000,200,0.723941,0.785530,0.000000,1.000000,Excellent,
ECG_CH2,3644,2022-12-13 06:45:13,2022-12-13 06:45:28,15,3000,200,0.676819,0.863865,0.000000,1.000000,Excellent,
ECG_CH2,3645,2022-12-13 06:45:28,2022-12-13 06:45:43,15,3000,200,0.605380,0.703862,0.000000,1.000000,Excellent,
ECG_CH2,3646,2022-12-13 06:45:43,2022-12-13 06:45:58,15,3000,200,0.757539,0.843957,0.000000,1.000000,Excellent,
ECG_CH2,3647,2022-12-13 06:45:58,2022-12-13 06:46:13,15,3000,200,0.552425,0.689255,0.000000,1.000000,Excellent,
ECG_CH2,3648,2022-12-13 06:46:13,2022-12-13 06:46:28,15,3000,200,0.690939,0.828437,0.000000,1.000000,Excellent,
ECG_CH2,3649,2022-12-13 06:46:28,2022-12-13 06:46:43,15,3000,200,0.716699,0.763900,0.000000,1.000000,Barely acceptable,
ECG_CH2,3650,2022-12-13 06:46:43,2022-12-13 06:46:58,15,3000,200,0.691227,0.787473,0.000000,1.000000,Barely acceptable,
ECG_CH2,3651,2022-12-13 06:46:58,2022-12-13 06:47:13,15,3000,200,0.595968,0.579415,0.000000,1.000000,Barely acceptable,
ECG_CH2,3652,2022-12-13 06:47:13,2022-12-13 06:47:28,15,3000,200,0.729036,0.755624,0.000000,1.000000,Excellent,
ECG_CH2,3653,2022-12-13 06:47:28,2022-12-13 06:47:43,15,3000,200,0.613324,0.623051,0.000000,1.000000,Excellent,
ECG_CH2,3654,2022-12-13 06:47:43,2022-12-13 06:47:58,15,3000,200,0.784987,0.875642,0.000000,1.000000,Excellent,
ECG_CH2,3655,2022-12-13 06:47:58,2022-12-13 06:48:13,15,3000,200,0.692211,0.764083,0.000000,1.000000,Excellent,
ECG_CH2,3656,2022-12-13 06:48:13,2022-12-13 06:48:28,15,3000,200,0.689978,0.757342,0.000000,1.000000,Barely acceptable,
ECG_CH2,3657,2022-12-13 06:48:28,2022-12-13 06:48:43,15,3000,200,0.783022,0.860648,0.000000,1.000000,Barely acceptable,
ECG_CH2,3658,2022-12-13 06:48:43,2022-12-13 06:48:58,15,3000,200,0.610178,0.714872,0.000000,1.000000,Barely acceptable,
ECG_CH2,3659,2022-12-13 06:48:58,2022-12-13 06:49:13,15,3000,200,0.801503,0.882603,0.000000,1.000000,Excellent,
ECG_CH2,3660,2022-12-13 06:49:13,2022-12-13 06:49:28,15,3000,200,0.759231,0.834801,0.000000,1.000000,Excellent,
ECG_CH2,3661,2022-12-13 06:49:28,2022-12-13 06:49:43,15,3000,200,0.629100,0.696976,0.000000,1.000000,Excellent,
ECG_CH2,3662,2022-12-13 06:49:43,2022-12-13 06:49:58,15,3000,200,0.738641,0.813878,0.000000,1.000000,Barely acceptable,
ECG_CH2,3663,2022-12-13 06:49:58,2022-12-13 06:50:13,15,3000,200,0.650176,0.828523,0.000000,1.000000,Excellent,
ECG_CH2,3664,2022-12-13 06:50:13,2022-12-13 06:50:28,15,3000,200,0.824418,0.940035,0.000000,1.000000,Excellent,
ECG_CH2,3665,2022-12-13 06:50:28,2022-12-13 06:50:43,15,3000,200,0.780404,0.918190,0.000000,1.000000,Excellent,
ECG_CH2,3666,2022-12-13 06:50:43,2022-12-13 06:50:58,15,3000,200,0.686754,0.700455,0.000000,1.000000,Excellent,
ECG_CH2,3667,2022-12-13 06:50:58,2022-12-13 06:51:13,15,3000,200,0.801121,0.920153,0.000000,1.000000,Barely acceptable,
ECG_CH2,3668,2022-12-13 06:51:13,2022-12-13 06:51:28,15,3000,200,0.674796,0.641924,0.000000,1.000000,Excellent,
ECG_CH2,3669,2022-12-13 06:51:28,2022-12-13 06:51:43,15,3000,200,0.638323,0.732753,0.000000,1.000000,Excellent,
ECG_CH2,3670,2022-12-13 06:51:43,2022-12-13 06:51:58,15,3000,200,0.695204,0.764498,0.000000,1.000000,Barely acceptable,
ECG_CH2,3671,2022-12-13 06:51:58,2022-12-13 06:52:13,15,3000,200,0.714820,0.794250,0.000000,1.000000,Excellent,
ECG_CH2,3672,2022-12-13 06:52:13,2022-12-13 06:52:28,15,3000,200,0.658884,0.785190,0.000000,1.000000,Excellent,
ECG_CH2,3673,2022-12-13 06:52:28,2022-12-13 06:52:43,15,3000,200,0.635685,0.656898,0.000000,1.000000,Excellent,
ECG_CH2,3674,2022-12-13 06:52:43,2022-12-13 06:52:58,15,3000,200,0.519115,0.531993,0.000000,1.000000,Excellent,
ECG_CH2,3675,2022-12-13 06:52:58,2022-12-13 06:53:13,15,3000,200,0.644248,0.722605,0.000000,1.000000,Excellent,
ECG_CH2,3676,2022-12-13 06:53:13,2022-12-13 06:53:28,15,3000,200,0.621483,0.739153,0.000000,1.000000,Barely acceptable,
ECG_CH2,3677,2022-12-13 06:53:28,2022-12-13 06:53:43,15,3000,200,0.721880,0.857404,0.000000,1.000000,Barely acceptable,
ECG_CH2,3678,2022-12-13 06:53:43,2022-12-13 06:53:58,15,3000,200,0.761304,0.855098,0.000000,1.000000,Excellent,
ECG_CH2,3679,2022-12-13 06:53:58,2022-12-13 06:54:13,15,3000,200,0.703280,0.843814,0.000000,1.000000,Excellent,
ECG_CH2,3680,2022-12-13 06:54:13,2022-12-13 06:54:28,15,3000,200,0.556440,0.597179,0.000000,1.000000,Barely acceptable,
ECG_CH2,3681,2022-12-13 06:54:28,2022-12-13 06:54:43,15,3000,200,0.669975,0.892721,0.000000,1.000000,Excellent,
ECG_CH2,3682,2022-12-13 06:54:43,2022-12-13 06:54:58,15,3000,200,0.878296,0.956401,0.000000,1.000000,Barely acceptable,
ECG_CH2,3683,2022-12-13 06:54:58,2022-12-13 06:55:13,15,3000,200,0.717101,0.727277,0.000000,1.000000,Excellent,
ECG_CH2,3684,2022-12-13 06:55:13,2022-12-13 06:55:28,15,3000,200,0.600031,0.582851,0.000000,1.000000,Barely acceptable,
ECG_CH2,3685,2022-12-13 06:55:28,2022-12-13 06:55:43,15,3000,200,0.516591,0.490912,0.000000,1.000000,Excellent,
ECG_CH2,3686,2022-12-13 06:55:43,2022-12-13 06:55:58,15,3000,200,0.576078,0.711533,0.000000,1.000000,Excellent,
ECG_CH2,3687,2022-12-13 06:55:58,2022-12-13 06:56:13,15,3000,200,0.617858,0.703176,0.000000,1.000000,Barely acceptable,
ECG_CH2,3688,2022-12-13 06:56:13,2022-12-13 06:56:28,15,3000,200,0.716730,0.718162,0.000000,1.000000,Barely acceptable,
ECG_CH2,3689,2022-12-13 06:56:28,2022-12-13 06:56:43,15,3000,200,0.604612,0.687321,0.000000,1.000000,Excellent,
ECG_CH2,3690,2022-12-13 06:56:43,2022-12-13 06:56:58,15,3000,200,0.784690,0.809644,0.000000,1.000000,Barely acceptable,
ECG_CH2,3691,2022-12-13 06:56:58,2022-12-13 06:57:13,15,3000,200,0.531543,0.575537,0.000000,1.000000,Excellent,
ECG_CH2,3692,2022-12-13 06:57:13,2022-12-13 06:57:28,15,3000,200,0.669627,0.795434,0.000000,1.000000,Excellent,
ECG_CH2,3693,2022-12-13 06:57:28,2022-12-13 06:57:43,15,3000,200,0.635480,0.713898,0.000000,1.000000,Barely acceptable,
ECG_CH2,3694,2022-12-13 06:57:43,2022-12-13 06:57:58,15,3000,200,0.776866,0.898500,0.000000,1.000000,Excellent,
ECG_CH2,3695,2022-12-13 06:57:58,2022-12-13 06:58:13,15,3000,200,0.554532,0.767235,0.000000,1.000000,Excellent,
ECG_CH2,3696,2022-12-13 06:58:13,2022-12-13 06:58:28,15,3000,200,0.737781,0.745913,0.000000,1.000000,Excellent,
ECG_CH2,3697,2022-12-13 06:58:28,2022-12-13 06:58:43,15,3000,200,0.665785,0.781699,0.000000,1.000000,Barely acceptable,
ECG_CH2,3698,2022-12-13 06:58:43,2022-12-13 06:58:58,15,3000,200,0.767421,0.867775,0.000000,1.000000,Barely acceptable,
ECG_CH2,3699,2022-12-13 06:58:58,2022-12-13 06:59:13,15,3000,200,0.729909,0.762926,0.000000,1.000000,Barely acceptable,
ECG_CH2,3700,2022-12-13 06:59:13,2022-12-13 06:59:28,15,3000,200,0.746447,0.800099,0.000000,1.000000,Excellent,
ECG_CH2,3701,2022-12-13 06:59:28,2022-12-13 06:59:43,15,3000,200,0.710819,0.795736,0.000000,1.000000,Excellent,
ECG_CH2,3702,2022-12-13 06:59:43,2022-12-13 06:59:58,15,3000,200,0.651945,0.652616,0.000000,1.000000,Excellent,
ECG_CH2,3703,2022-12-13 06:59:58,2022-12-13 07:00:13,15,3000,200,0.769703,0.850893,0.000000,1.000000,Excellent,
ECG_CH2,3704,2022-12-13 07:00:13,2022-12-13 07:00:28,15,3000,200,0.853741,0.908852,0.000000,1.000000,Excellent,
ECG_CH2,3705,2022-12-13 07:00:28,2022-12-13 07:00:43,15,3000,200,0.698861,0.745872,0.000000,1.000000,Excellent,
ECG_CH2,3706,2022-12-13 07:00:43,2022-12-13 07:00:58,15,3000,200,0.656492,0.679730,0.000000,1.000000,Excellent,
ECG_CH2,3707,2022-12-13 07:00:58,2022-12-13 07:01:13,15,3000,200,0.632132,0.756288,0.000000,1.000000,Excellent,
ECG_CH2,3708,2022-12-13 07:01:13,2022-12-13 07:01:28,15,3000,200,0.734742,0.781322,0.000000,1.000000,Excellent,
ECG_CH2,3709,2022-12-13 07:01:28,2022-12-13 07:01:43,15,3000,200,0.740733,0.809350,0.000000,1.000000,Excellent,
ECG_CH2,3710,2022-12-13 07:01:43,2022-12-13 07:01:58,15,3000,200,0.613275,0.620114,0.000000,1.000000,Excellent,
ECG_CH2,3711,2022-12-13 07:01:58,2022-12-13 07:02:13,15,3000,200,0.713716,0.782960,0.000000,1.000000,Barely acceptable,
ECG_CH2,3712,2022-12-13 07:02:13,2022-12-13 07:02:28,15,3000,200,0.631762,0.746231,0.000000,1.000000,Excellent,
ECG_CH2,3713,2022-12-13 07:02:28,2022-12-13 07:02:43,15,3000,200,0.644916,0.721922,0.000000,1.000000,Barely acceptable,
ECG_CH2,3714,2022-12-13 07:02:43,2022-12-13 07:02:58,15,3000,200,0.624477,0.628885,0.000000,1.000000,Excellent,
ECG_CH2,3715,2022-12-13 07:02:58,2022-12-13 07:03:13,15,3000,200,0.817554,0.823875,0.000000,1.000000,Barely acceptable,
ECG_CH2,3716,2022-12-13 07:03:13,2022-12-13 07:03:28,15,3000,200,0.689740,0.784575,0.000000,1.000000,Excellent,
ECG_CH2,3717,2022-12-13 07:03:28,2022-12-13 07:03:43,15,3000,200,0.590772,0.613041,0.000000,1.000000,Excellent,
ECG_CH2,3718,2022-12-13 07:03:43,2022-12-13 07:03:58,15,3000,200,0.625147,0.718861,0.000000,1.000000,Excellent,
ECG_CH2,3719,2022-12-13 07:03:58,2022-12-13 07:04:13,15,3000,200,0.611014,0.700074,0.000000,1.000000,Barely acceptable,
ECG_CH2,3720,2022-12-13 07:04:13,2022-12-13 07:04:28,15,3000,200,0.811784,0.883050,0.000000,1.000000,Excellent,
ECG_CH2,3721,2022-12-13 07:04:28,2022-12-13 07:04:43,15,3000,200,0.686655,0.757766,0.000000,1.000000,Excellent,
ECG_CH2,3722,2022-12-13 07:04:43,2022-12-13 07:04:58,15,3000,200,0.595052,0.605456,0.000000,1.000000,Excellent,
ECG_CH2,3723,2022-12-13 07:04:58,2022-12-13 07:05:13,15,3000,200,0.738337,0.833093,0.000000,1.000000,Excellent,
ECG_CH2,3724,2022-12-13 07:05:13,2022-12-13 07:05:28,15,3000,200,0.734048,0.839507,0.000000,1.000000,Excellent,
ECG_CH2,3725,2022-12-13 07:05:28,2022-12-13 07:05:43,15,3000,200,0.666459,0.783718,0.000000,1.000000,Excellent,
ECG_CH2,3726,2022-12-13 07:05:43,2022-12-13 07:05:58,15,3000,200,0.625366,0.688095,0.000000,1.000000,Barely acceptable,
ECG_CH2,3727,2022-12-13 07:05:58,2022-12-13 07:06:13,15,3000,200,0.757375,0.860147,0.000000,1.000000,Barely acceptable,
ECG_CH2,3728,2022-12-13 07:06:13,2022-12-13 07:06:28,15,3000,200,0.727812,0.839368,0.000000,1.000000,Barely acceptable,
ECG_CH2,3729,2022-12-13 07:06:28,2022-12-13 07:06:43,15,3000,200,0.723679,0.832442,0.000000,1.000000,Excellent,
ECG_CH2,3730,2022-12-13 07:06:43,2022-12-13 07:06:58,15,3000,200,0.736946,0.842690,0.000000,1.000000,Barely acceptable,
ECG_CH2,3731,2022-12-13 07:06:58,2022-12-13 07:07:13,15,3000,200,0.673744,0.770741,0.000000,1.000000,Excellent,
ECG_CH2,3732,2022-12-13 07:07:13,2022-12-13 07:07:28,15,3000,200,0.663898,0.767078,0.000000,1.000000,Excellent,
ECG_CH2,3733,2022-12-13 07:07:28,2022-12-13 07:07:43,15,3000,200,0.579461,0.666153,0.000000,1.000000,Barely acceptable,
ECG_CH2,3734,2022-12-13 07:07:43,2022-12-13 07:07:58,15,3000,200,0.734079,0.873425,0.000000,1.000000,Excellent,
ECG_CH2,3735,2022-12-13 07:07:58,2022-12-13 07:08:13,15,3000,200,0.601613,0.726500,0.000000,1.000000,Excellent,
ECG_CH2,3736,2022-12-13 07:08:13,2022-12-13 07:08:28,15,3000,200,0.630073,0.704315,0.000000,1.000000,Excellent,
ECG_CH2,3737,2022-12-13 07:08:28,2022-12-13 07:08:43,15,3000,200,0.692493,0.751213,0.000000,1.000000,Excellent,
ECG_CH2,3738,2022-12-13 07:08:43,2022-12-13 07:08:58,15,3000,200,0.717008,0.778926,0.000000,1.000000,Barely acceptable,
ECG_CH2,3739,2022-12-13 07:08:58,2022-12-13 07:09:13,15,3000,200,0.689178,0.732040,0.000000,1.000000,Barely acceptable,
ECG_CH2,3740,2022-12-13 07:09:13,2022-12-13 07:09:28,15,3000,200,0.616742,0.703397,0.000000,1.000000,Excellent,
ECG_CH2,3741,2022-12-13 07:09:28,2022-12-13 07:09:43,15,3000,200,0.662169,0.788160,0.000000,1.000000,Excellent,
ECG_CH2,3742,2022-12-13 07:09:43,2022-12-13 07:09:58,15,3000,200,0.690214,0.828353,0.000000,1.000000,Excellent,
ECG_CH2,3743,2022-12-13 07:09:58,2022-12-13 07:10:13,15,3000,200,0.832490,0.942032,0.000000,1.000000,Unacceptable,
ECG_CH2,3744,2022-12-13 07:10:13,2022-12-13 07:10:28,15,3000,200,0.675051,0.725025,0.000000,1.000000,Excellent,
ECG_CH2,3745,2022-12-13 07:10:28,2022-12-13 07:10:43,15,3000,200,0.662959,0.738248,0.000000,1.000000,Barely acceptable,
ECG_CH2,3746,2022-12-13 07:10:43,2022-12-13 07:10:58,15,3000,200,0.612343,0.683835,0.000000,1.000000,Excellent,
ECG_CH2,3747,2022-12-13 07:10:58,2022-12-13 07:11:13,15,3000,200,0.667874,0.739934,0.000000,1.000000,Excellent,
ECG_CH2,3748,2022-12-13 07:11:13,2022-12-13 07:11:28,15,3000,200,0.656097,0.719403,0.000000,1.000000,Excellent,
ECG_CH2,3749,2022-12-13 07:11:28,2022-12-13 07:11:43,15,3000,200,0.636312,0.721494,0.000000,1.000000,Barely acceptable,
ECG_CH2,3750,2022-12-13 07:11:43,2022-12-13 07:11:58,15,3000,200,0.792457,0.883497,0.000000,1.000000,Excellent,
ECG_CH2,3751,2022-12-13 07:11:58,2022-12-13 07:12:13,15,3000,200,0.749737,0.886264,0.000000,1.000000,Excellent,
ECG_CH2,3752,2022-12-13 07:12:13,2022-12-13 07:12:28,15,3000,200,0.771435,0.849551,0.000000,1.000000,Excellent,
ECG_CH2,3753,2022-12-13 07:12:28,2022-12-13 07:12:43,15,3000,200,0.709484,0.818943,0.000000,1.000000,Excellent,
ECG_CH2,3754,2022-12-13 07:12:43,2022-12-13 07:12:58,15,3000,200,0.628291,0.648580,0.000000,1.000000,Excellent,
ECG_CH2,3755,2022-12-13 07:12:58,2022-12-13 07:13:13,15,3000,200,0.664388,0.704861,0.000000,1.000000,Excellent,
ECG_CH2,3756,2022-12-13 07:13:13,2022-12-13 07:13:28,15,3000,200,0.655213,0.694899,0.000000,1.000000,Excellent,
ECG_CH2,3757,2022-12-13 07:13:28,2022-12-13 07:13:43,15,3000,200,0.814877,0.909568,0.000000,1.000000,Barely acceptable,
ECG_CH2,3758,2022-12-13 07:13:43,2022-12-13 07:13:58,15,3000,200,0.748051,0.852757,0.000000,1.000000,Excellent,
ECG_CH2,3759,2022-12-13 07:13:58,2022-12-13 07:14:13,15,3000,200,0.601204,0.677135,0.000000,1.000000,Barely acceptable,
ECG_CH2,3760,2022-12-13 07:14:13,2022-12-13 07:14:28,15,3000,200,0.786105,0.850402,0.000000,1.000000,Excellent,
ECG_CH2,3761,2022-12-13 07:14:28,2022-12-13 07:14:43,15,3000,200,0.697257,0.766602,0.000000,1.000000,Excellent,
ECG_CH2,3762,2022-12-13 07:14:43,2022-12-13 07:14:58,15,3000,200,0.837636,0.920311,0.000000,1.000000,Barely acceptable,
ECG_CH2,3763,2022-12-13 07:14:58,2022-12-13 07:15:13,15,3000,200,0.607839,0.695568,0.000000,1.000000,Excellent,
ECG_CH2,3764,2022-12-13 07:15:13,2022-12-13 07:15:28,15,3000,200,0.837133,0.925059,0.000000,1.000000,Excellent,
ECG_CH2,3765,2022-12-13 07:15:28,2022-12-13 07:15:43,15,3000,200,0.637222,0.743524,0.000000,1.000000,Excellent,
ECG_CH2,3766,2022-12-13 07:15:43,2022-12-13 07:15:58,15,3000,200,0.814855,0.837616,0.000000,1.000000,Excellent,
ECG_CH2,3767,2022-12-13 07:15:58,2022-12-13 07:16:13,15,3000,200,0.787725,0.934641,0.000000,1.000000,Excellent,
ECG_CH2,3768,2022-12-13 07:16:13,2022-12-13 07:16:28,15,3000,200,0.773302,0.830972,0.000000,1.000000,Barely acceptable,
ECG_CH2,3769,2022-12-13 07:16:28,2022-12-13 07:16:43,15,3000,200,0.399013,0.351354,0.000000,1.000000,Excellent,
ECG_CH2,3770,2022-12-13 07:16:43,2022-12-13 07:16:58,15,3000,200,0.669851,0.781029,0.000000,1.000000,Excellent,
ECG_CH2,3771,2022-12-13 07:16:58,2022-12-13 07:17:13,15,3000,200,0.748765,0.878444,0.000000,1.000000,Barely acceptable,
ECG_CH2,3772,2022-12-13 07:17:13,2022-12-13 07:17:28,15,3000,200,0.805374,0.872753,0.000000,1.000000,Barely acceptable,
ECG_CH2,3773,2022-12-13 07:17:28,2022-12-13 07:17:43,15,3000,200,0.518203,0.618322,0.000000,1.000000,Excellent,
ECG_CH2,3774,2022-12-13 07:17:43,2022-12-13 07:17:58,15,3000,200,0.786469,0.867954,0.000000,1.000000,Barely acceptable,
ECG_CH2,3775,2022-12-13 07:17:58,2022-12-13 07:18:13,15,3000,200,0.509981,0.546476,0.000000,1.000000,Excellent,
ECG_CH2,3776,2022-12-13 07:18:13,2022-12-13 07:18:28,15,3000,200,0.823616,0.886033,0.000000,1.000000,Barely acceptable,
ECG_CH2,3777,2022-12-13 07:18:28,2022-12-13 07:18:43,15,3000,200,0.806932,0.876637,0.000000,1.000000,Excellent,
ECG_CH2,3778,2022-12-13 07:18:43,2022-12-13 07:18:58,15,3000,200,0.704254,0.798518,0.000000,1.000000,Excellent,
ECG_CH2,3779,2022-12-13 07:18:58,2022-12-13 07:19:13,15,3000,200,0.619748,0.639623,0.000000,1.000000,Excellent,
ECG_CH2,3780,2022-12-13 07:19:13,2022-12-13 07:19:28,15,3000,200,0.630820,0.656456,0.000000,1.000000,Excellent,
ECG_CH2,3781,2022-12-13 07:19:28,2022-12-13 07:19:43,15,3000,200,0.655014,0.673460,0.000000,1.000000,Excellent,
ECG_CH2,3782,2022-12-13 07:19:43,2022-12-13 07:19:58,15,3000,200,0.663128,0.763807,0.000000,1.000000,Excellent,
ECG_CH2,3783,2022-12-13 07:19:58,2022-12-13 07:20:13,15,3000,200,0.583751,0.659230,0.000000,1.000000,Excellent,
ECG_CH2,3784,2022-12-13 07:20:13,2022-12-13 07:20:28,15,3000,200,0.742835,0.855422,0.000000,1.000000,Barely acceptable,
ECG_CH2,3785,2022-12-13 07:20:28,2022-12-13 07:20:43,15,3000,200,0.726100,0.797555,0.000000,1.000000,Excellent,
ECG_CH2,3786,2022-12-13 07:20:43,2022-12-13 07:20:58,15,3000,200,0.647388,0.700427,0.000000,1.000000,Excellent,
ECG_CH2,3787,2022-12-13 07:20:58,2022-12-13 07:21:13,15,3000,200,0.633916,0.659687,0.000000,1.000000,Excellent,
ECG_CH2,3788,2022-12-13 07:21:13,2022-12-13 07:21:28,15,3000,200,0.561232,0.656447,0.000000,1.000000,Barely acceptable,
ECG_CH2,3789,2022-12-13 07:21:28,2022-12-13 07:21:43,15,3000,200,0.609567,0.744875,0.000000,1.000000,Barely acceptable,
ECG_CH2,3790,2022-12-13 07:21:43,2022-12-13 07:21:58,15,3000,200,0.746817,0.791629,0.000000,1.000000,Excellent,
ECG_CH2,3791,2022-12-13 07:21:58,2022-12-13 07:22:13,15,3000,200,0.748132,0.872286,0.000000,1.000000,Excellent,
ECG_CH2,3792,2022-12-13 07:22:13,2022-12-13 07:22:28,15,3000,200,0.538677,0.664330,0.000000,1.000000,Excellent,
ECG_CH2,3793,2022-12-13 07:22:28,2022-12-13 07:22:43,15,3000,200,0.657337,0.752731,0.000000,1.000000,Barely acceptable,
ECG_CH2,3794,2022-12-13 07:22:43,2022-12-13 07:22:58,15,3000,200,0.561335,0.604988,0.000000,1.000000,Excellent,
ECG_CH2,3795,2022-12-13 07:22:58,2022-12-13 07:23:13,15,3000,200,0.656485,0.672753,0.000000,1.000000,Excellent,
ECG_CH2,3796,2022-12-13 07:23:13,2022-12-13 07:23:28,15,3000,200,0.598346,0.688795,0.000000,1.000000,Excellent,
ECG_CH2,3797,2022-12-13 07:23:28,2022-12-13 07:23:43,15,3000,200,0.769383,0.838017,0.000000,1.000000,Excellent,
ECG_CH2,3798,2022-12-13 07:23:43,2022-12-13 07:23:58,15,3000,200,0.565335,0.584174,0.000000,1.000000,Barely acceptable,
ECG_CH2,3799,2022-12-13 07:23:58,2022-12-13 07:24:13,15,3000,200,0.799106,0.895179,0.000000,1.000000,Excellent,
ECG_CH2,3800,2022-12-13 07:24:13,2022-12-13 07:24:28,15,3000,200,0.743353,0.825712,0.000000,1.000000,Excellent,
ECG_CH2,3801,2022-12-13 07:24:28,2022-12-13 07:24:43,15,3000,200,0.639380,0.751801,0.000000,1.000000,Excellent,
ECG_CH2,3802,2022-12-13 07:24:43,2022-12-13 07:24:58,15,3000,200,0.593381,0.592609,0.000000,1.000000,Barely acceptable,
ECG_CH2,3803,2022-12-13 07:24:58,2022-12-13 07:25:13,15,3000,200,0.720104,0.840654,0.000000,1.000000,Barely acceptable,
ECG_CH2,3804,2022-12-13 07:25:13,2022-12-13 07:25:28,15,3000,200,0.679861,0.698897,0.000000,1.000000,Excellent,
ECG_CH2,3805,2022-12-13 07:25:28,2022-12-13 07:25:43,15,3000,200,0.622627,0.702210,0.000000,1.000000,Excellent,
ECG_CH2,3806,2022-12-13 07:25:43,2022-12-13 07:25:58,15,3000,200,0.701473,0.780380,0.000000,1.000000,Excellent,
ECG_CH2,3807,2022-12-13 07:25:58,2022-12-13 07:26:13,15,3000,200,0.745190,0.840179,0.000000,1.000000,Barely acceptable,
ECG_CH2,3808,2022-12-13 07:26:13,2022-12-13 07:26:28,15,3000,200,0.601672,0.666840,0.000000,1.000000,Excellent,
ECG_CH2,3809,2022-12-13 07:26:28,2022-12-13 07:26:43,15,3000,200,0.689283,0.719675,0.000000,1.000000,Excellent,
ECG_CH2,3810,2022-12-13 07:26:43,2022-12-13 07:26:58,15,3000,200,0.627372,0.675630,0.000000,1.000000,Barely acceptable,
ECG_CH2,3811,2022-12-13 07:26:58,2022-12-13 07:27:13,15,3000,200,0.619311,0.632081,0.000000,1.000000,Barely acceptable,
ECG_CH2,3812,2022-12-13 07:27:13,2022-12-13 07:27:28,15,3000,200,0.758818,0.822001,0.000000,1.000000,Barely acceptable,
ECG_CH2,3813,2022-12-13 07:27:28,2022-12-13 07:27:43,15,3000,200,0.761529,0.808272,0.000000,1.000000,Barely acceptable,
ECG_CH2,3814,2022-12-13 07:27:43,2022-12-13 07:27:58,15,3000,200,0.702635,0.722683,0.000000,1.000000,Barely acceptable,
ECG_CH2,3815,2022-12-13 07:27:58,2022-12-13 07:28:13,15,3000,200,0.656110,0.738406,0.000000,1.000000,Excellent,
ECG_CH2,3816,2022-12-13 07:28:13,2022-12-13 07:28:28,15,3000,200,0.736920,0.819751,0.000000,1.000000,Excellent,
ECG_CH2,3817,2022-12-13 07:28:28,2022-12-13 07:28:43,15,3000,200,0.672667,0.743321,0.000000,1.000000,Barely acceptable,
ECG_CH2,3818,2022-12-13 07:28:43,2022-12-13 07:28:58,15,3000,200,0.709858,0.790792,0.000000,1.000000,Excellent,
ECG_CH2,3819,2022-12-13 07:28:58,2022-12-13 07:29:13,15,3000,200,0.627569,0.752702,0.000000,1.000000,Excellent,
ECG_CH2,3820,2022-12-13 07:29:13,2022-12-13 07:29:28,15,3000,200,0.631948,0.667786,0.000000,1.000000,Excellent,
ECG_CH2,3821,2022-12-13 07:29:28,2022-12-13 07:29:43,15,3000,200,0.661293,0.703818,0.000000,1.000000,Barely acceptable,
ECG_CH2,3822,2022-12-13 07:29:43,2022-12-13 07:29:58,15,3000,200,0.802436,0.871059,0.000000,1.000000,Barely acceptable,
ECG_CH2,3823,2022-12-13 07:29:58,2022-12-13 07:30:13,15,3000,200,0.738158,0.730546,0.000000,1.000000,Barely acceptable,
ECG_CH2,3824,2022-12-13 07:30:13,2022-12-13 07:30:28,15,3000,200,0.539535,0.546412,0.000000,1.000000,Excellent,
ECG_CH2,3825,2022-12-13 07:30:28,2022-12-13 07:30:43,15,3000,200,0.624847,0.719758,0.000000,1.000000,Excellent,
ECG_CH2,3826,2022-12-13 07:30:43,2022-12-13 07:30:58,15,3000,200,0.636027,0.686501,0.000000,1.000000,Excellent,
ECG_CH2,3827,2022-12-13 07:30:58,2022-12-13 07:31:13,15,3000,200,0.783706,0.819570,0.000000,1.000000,Excellent,
ECG_CH2,3828,2022-12-13 07:31:13,2022-12-13 07:31:28,15,3000,200,0.691871,0.749598,0.000000,1.000000,Excellent,
ECG_CH2,3829,2022-12-13 07:31:28,2022-12-13 07:31:43,15,3000,200,0.525574,0.614462,0.000000,1.000000,Excellent,
ECG_CH2,3830,2022-12-13 07:31:43,2022-12-13 07:31:58,15,3000,200,0.742881,0.780973,0.000000,1.000000,Excellent,
ECG_CH2,3831,2022-12-13 07:31:58,2022-12-13 07:32:13,15,3000,200,0.689213,0.792933,0.000000,1.000000,Excellent,
ECG_CH2,3832,2022-12-13 07:32:13,2022-12-13 07:32:28,15,3000,200,0.641558,0.614237,0.000000,1.000000,Barely acceptable,
ECG_CH2,3833,2022-12-13 07:32:28,2022-12-13 07:32:43,15,3000,200,0.578033,0.507985,0.000000,1.000000,Excellent,
ECG_CH2,3834,2022-12-13 07:32:43,2022-12-13 07:32:58,15,3000,200,0.688556,0.600756,0.000000,1.000000,Excellent,
ECG_CH2,3835,2022-12-13 07:32:58,2022-12-13 07:33:13,15,3000,200,0.735136,0.781740,0.000000,1.000000,Excellent,
ECG_CH2,3836,2022-12-13 07:33:13,2022-12-13 07:33:28,15,3000,200,0.739270,0.836765,0.000000,1.000000,Excellent,
ECG_CH2,3837,2022-12-13 07:33:28,2022-12-13 07:33:43,15,3000,200,0.820175,0.886240,0.000000,1.000000,Excellent,
ECG_CH2,3838,2022-12-13 07:33:43,2022-12-13 07:33:58,15,3000,200,0.605664,0.605669,0.000000,1.000000,Barely acceptable,
ECG_CH2,3839,2022-12-13 07:33:58,2022-12-13 07:34:13,15,3000,200,0.617670,0.680050,0.000000,1.000000,Barely acceptable,
ECG_CH2,3840,2022-12-13 07:34:13,2022-12-13 07:34:28,15,3000,200,0.609602,0.649179,0.000000,1.000000,Excellent,
ECG_CH2,3841,2022-12-13 07:34:28,2022-12-13 07:34:43,15,3000,200,0.577871,0.627087,0.000000,1.000000,Barely acceptable,
ECG_CH2,3842,2022-12-13 07:34:43,2022-12-13 07:34:58,15,3000,200,0.717378,0.783069,0.000000,1.000000,Barely acceptable,
ECG_CH2,3843,2022-12-13 07:34:58,2022-12-13 07:35:13,15,3000,200,0.725829,0.769273,0.000000,1.000000,Barely acceptable,
ECG_CH2,3844,2022-12-13 07:35:13,2022-12-13 07:35:28,15,3000,200,0.758264,0.825913,0.000000,1.000000,Excellent,
ECG_CH2,3845,2022-12-13 07:35:28,2022-12-13 07:35:43,15,3000,200,0.740652,0.822505,0.000000,1.000000,Excellent,
ECG_CH2,3846,2022-12-13 07:35:43,2022-12-13 07:35:58,15,3000,200,0.678330,0.749701,0.000000,1.000000,Excellent,
ECG_CH2,3847,2022-12-13 07:35:58,2022-12-13 07:36:13,15,3000,200,0.605918,0.646070,0.000000,1.000000,Barely acceptable,
ECG_CH2,3848,2022-12-13 07:36:13,2022-12-13 07:36:28,15,3000,200,0.629384,0.718782,0.000000,1.000000,Excellent,
ECG_CH2,3849,2022-12-13 07:36:28,2022-12-13 07:36:43,15,3000,200,0.818347,0.849628,0.000000,1.000000,Excellent,
ECG_CH2,3850,2022-12-13 07:36:43,2022-12-13 07:36:58,15,3000,200,0.526537,0.509284,0.000000,1.000000,Excellent,
ECG_CH2,3851,2022-12-13 07:36:58,2022-12-13 07:37:13,15,3000,200,0.613611,0.641009,0.000000,1.000000,Excellent,
ECG_CH2,3852,2022-12-13 07:37:13,2022-12-13 07:37:28,15,3000,200,0.680234,0.775576,0.000000,1.000000,Excellent,
ECG_CH2,3853,2022-12-13 07:37:28,2022-12-13 07:37:43,15,3000,200,0.737383,0.859902,0.000000,1.000000,Excellent,
ECG_CH2,3854,2022-12-13 07:37:43,2022-12-13 07:37:58,15,3000,200,0.695626,0.711576,0.000000,1.000000,Excellent,
ECG_CH2,3855,2022-12-13 07:37:58,2022-12-13 07:38:13,15,3000,200,0.608260,0.672661,0.000000,1.000000,Barely acceptable,
ECG_CH2,3856,2022-12-13 07:38:13,2022-12-13 07:38:28,15,3000,200,0.735164,0.844922,0.000000,1.000000,Excellent,
ECG_CH2,3857,2022-12-13 07:38:28,2022-12-13 07:38:43,15,3000,200,0.623550,0.666966,0.000000,1.000000,Excellent,
ECG_CH2,3858,2022-12-13 07:38:43,2022-12-13 07:38:58,15,3000,200,0.672062,0.834963,0.000000,1.000000,Excellent,
ECG_CH2,3859,2022-12-13 07:38:58,2022-12-13 07:39:13,15,3000,200,0.646555,0.715844,0.000000,1.000000,Excellent,
ECG_CH2,3860,2022-12-13 07:39:13,2022-12-13 07:39:28,15,3000,200,0.730154,0.817570,0.000000,1.000000,Excellent,
ECG_CH2,3861,2022-12-13 07:39:28,2022-12-13 07:39:43,15,3000,200,0.799762,0.898459,0.000000,1.000000,Barely acceptable,
ECG_CH2,3862,2022-12-13 07:39:43,2022-12-13 07:39:58,15,3000,200,0.853254,0.932182,0.000000,1.000000,Excellent,
ECG_CH2,3863,2022-12-13 07:39:58,2022-12-13 07:40:13,15,3000,200,0.869612,0.925148,0.000000,1.000000,Excellent,
ECG_CH2,3864,2022-12-13 07:40:13,2022-12-13 07:40:28,15,3000,200,0.611007,0.611829,0.000000,1.000000,Excellent,
ECG_CH2,3865,2022-12-13 07:40:28,2022-12-13 07:40:43,15,3000,200,0.742287,0.792248,0.000000,1.000000,Barely acceptable,
ECG_CH2,3866,2022-12-13 07:40:43,2022-12-13 07:40:58,15,3000,200,0.673230,0.803777,0.000000,1.000000,Excellent,
ECG_CH2,3867,2022-12-13 07:40:58,2022-12-13 07:41:13,15,3000,200,0.745542,0.747914,0.000000,1.000000,Excellent,
ECG_CH2,3868,2022-12-13 07:41:13,2022-12-13 07:41:28,15,3000,200,0.684243,0.728040,0.000000,1.000000,Excellent,
ECG_CH2,3869,2022-12-13 07:41:28,2022-12-13 07:41:43,15,3000,200,0.607038,0.631474,0.000000,1.000000,Excellent,
ECG_CH2,3870,2022-12-13 07:41:43,2022-12-13 07:41:58,15,3000,200,0.713970,0.761991,0.000000,1.000000,Excellent,
ECG_CH2,3871,2022-12-13 07:41:58,2022-12-13 07:42:13,15,3000,200,0.878244,0.931843,0.000000,1.000000,Excellent,
ECG_CH2,3872,2022-12-13 07:42:13,2022-12-13 07:42:28,15,3000,200,0.807247,0.821267,0.000000,1.000000,Excellent,
ECG_CH2,3873,2022-12-13 07:42:28,2022-12-13 07:42:43,15,3000,200,0.644664,0.731083,0.000000,1.000000,Excellent,
ECG_CH2,3874,2022-12-13 07:42:43,2022-12-13 07:42:58,15,3000,200,0.664953,0.687829,0.000000,1.000000,Excellent,
ECG_CH2,3875,2022-12-13 07:42:58,2022-12-13 07:43:13,15,3000,200,0.622770,0.640057,0.000000,1.000000,Excellent,
ECG_CH2,3876,2022-12-13 07:43:13,2022-12-13 07:43:28,15,3000,200,0.822851,0.890052,0.000000,1.000000,Barely acceptable,
ECG_CH2,3877,2022-12-13 07:43:28,2022-12-13 07:43:43,15,3000,200,0.631518,0.673531,0.000000,1.000000,Excellent,
ECG_CH2,3878,2022-12-13 07:43:43,2022-12-13 07:43:58,15,3000,200,0.708571,0.783542,0.000000,1.000000,Excellent,
ECG_CH2,3879,2022-12-13 07:43:58,2022-12-13 07:44:13,15,3000,200,0.682848,0.784685,0.000000,1.000000,Excellent,
ECG_CH2,3880,2022-12-13 07:44:13,2022-12-13 07:44:28,15,3000,200,0.685335,0.706658,0.000000,1.000000,Excellent,
ECG_CH2,3881,2022-12-13 07:44:28,2022-12-13 07:44:43,15,3000,200,0.683439,0.809073,0.000000,1.000000,Excellent,
ECG_CH2,3882,2022-12-13 07:44:43,2022-12-13 07:44:58,15,3000,200,0.627727,0.712191,0.000000,1.000000,Excellent,
ECG_CH2,3883,2022-12-13 07:44:58,2022-12-13 07:45:13,15,3000,200,0.763341,0.854329,0.000000,1.000000,Excellent,
ECG_CH2,3884,2022-12-13 07:45:13,2022-12-13 07:45:28,15,3000,200,0.590952,0.638737,0.000000,1.000000,Excellent,
ECG_CH2,3885,2022-12-13 07:45:28,2022-12-13 07:45:43,15,3000,200,0.650020,0.749598,0.000000,1.000000,Excellent,
ECG_CH2,3886,2022-12-13 07:45:43,2022-12-13 07:45:58,15,3000,200,0.679413,0.713229,0.000000,1.000000,Excellent,
ECG_CH2,3887,2022-12-13 07:45:58,2022-12-13 07:46:13,15,3000,200,0.658768,0.688363,0.000000,1.000000,Excellent,
ECG_CH2,3888,2022-12-13 07:46:13,2022-12-13 07:46:28,15,3000,200,0.657904,0.641871,0.000000,1.000000,Excellent,
ECG_CH2,3889,2022-12-13 07:46:28,2022-12-13 07:46:43,15,3000,200,0.606210,0.657246,0.000000,1.000000,Excellent,
ECG_CH2,3890,2022-12-13 07:46:43,2022-12-13 07:46:58,15,3000,200,0.650848,0.695598,0.000000,1.000000,Excellent,
ECG_CH2,3891,2022-12-13 07:46:58,2022-12-13 07:47:13,15,3000,200,0.580412,0.595993,0.000000,1.000000,Barely acceptable,
ECG_CH2,3892,2022-12-13 07:47:13,2022-12-13 07:47:28,15,3000,200,0.826258,0.833796,0.000000,1.000000,Barely acceptable,
ECG_CH2,3893,2022-12-13 07:47:28,2022-12-13 07:47:43,15,3000,200,0.766158,0.860386,0.000000,1.000000,Excellent,
ECG_CH2,3894,2022-12-13 07:47:43,2022-12-13 07:47:58,15,3000,200,0.806988,0.850970,0.000000,1.000000,Barely acceptable,
ECG_CH2,3895,2022-12-13 07:47:58,2022-12-13 07:48:13,15,3000,200,0.731341,0.763794,0.000000,1.000000,Barely acceptable,
ECG_CH2,3896,2022-12-13 07:48:13,2022-12-13 07:48:28,15,3000,200,0.870726,0.954633,0.000000,1.000000,Barely acceptable,
ECG_CH2,3897,2022-12-13 07:48:28,2022-12-13 07:48:43,15,3000,200,0.594848,0.611094,0.000000,1.000000,Excellent,
ECG_CH2,3898,2022-12-13 07:48:43,2022-12-13 07:48:58,15,3000,200,0.718451,0.769235,0.000000,1.000000,Excellent,
ECG_CH2,3899,2022-12-13 07:48:58,2022-12-13 07:49:13,15,3000,200,0.771914,0.819010,0.000000,1.000000,Excellent,
ECG_CH2,3900,2022-12-13 07:49:13,2022-12-13 07:49:28,15,3000,200,0.599522,0.714099,0.000000,1.000000,Excellent,
ECG_CH2,3901,2022-12-13 07:49:28,2022-12-13 07:49:43,15,3000,200,0.703762,0.704470,0.000000,1.000000,Excellent,
ECG_CH2,3902,2022-12-13 07:49:43,2022-12-13 07:49:58,15,3000,200,0.768093,0.875391,0.000000,1.000000,Barely acceptable,
ECG_CH2,3903,2022-12-13 07:49:58,2022-12-13 07:50:13,15,3000,200,0.751037,0.869183,0.000000,1.000000,Barely acceptable,
ECG_CH2,3904,2022-12-13 07:50:13,2022-12-13 07:50:28,15,3000,200,0.668133,0.724055,0.000000,1.000000,Barely acceptable,
ECG_CH2,3905,2022-12-13 07:50:28,2022-12-13 07:50:43,15,3000,200,0.714350,0.756224,0.000000,1.000000,Barely acceptable,
ECG_CH2,3906,2022-12-13 07:50:43,2022-12-13 07:50:58,15,3000,200,0.519791,0.589584,0.000000,1.000000,Excellent,
ECG_CH2,3907,2022-12-13 07:50:58,2022-12-13 07:51:13,15,3000,200,0.687870,0.761737,0.000000,1.000000,Excellent,
ECG_CH2,3908,2022-12-13 07:51:13,2022-12-13 07:51:28,15,3000,200,0.694359,0.787455,0.000000,1.000000,Barely acceptable,
ECG_CH2,3909,2022-12-13 07:51:28,2022-12-13 07:51:43,15,3000,200,0.589873,0.643552,0.000000,1.000000,Excellent,
ECG_CH2,3910,2022-12-13 07:51:43,2022-12-13 07:51:58,15,3000,200,0.697734,0.753206,0.000000,1.000000,Barely acceptable,
ECG_CH2,3911,2022-12-13 07:51:58,2022-12-13 07:52:13,15,3000,200,0.784017,0.866372,0.000000,1.000000,Excellent,
ECG_CH2,3912,2022-12-13 07:52:13,2022-12-13 07:52:28,15,3000,200,0.647164,0.743064,0.000000,1.000000,Barely acceptable,
ECG_CH2,3913,2022-12-13 07:52:28,2022-12-13 07:52:43,15,3000,200,0.659784,0.688929,0.000000,1.000000,Barely acceptable,
ECG_CH2,3914,2022-12-13 07:52:43,2022-12-13 07:52:58,15,3000,200,0.800382,0.877312,0.000000,1.000000,Excellent,
ECG_CH2,3915,2022-12-13 07:52:58,2022-12-13 07:53:13,15,3000,200,0.826957,0.910886,0.000000,1.000000,Excellent,
ECG_CH2,3916,2022-12-13 07:53:13,2022-12-13 07:53:28,15,3000,200,0.649970,0.741965,0.000000,1.000000,Excellent,
ECG_CH2,3917,2022-12-13 07:53:28,2022-12-13 07:53:43,15,3000,200,0.645077,0.712044,0.000000,1.000000,Barely acceptable,
ECG_CH2,3918,2022-12-13 07:53:43,2022-12-13 07:53:58,15,3000,200,0.640079,0.710729,0.000000,1.000000,Barely acceptable,
ECG_CH2,3919,2022-12-13 07:53:58,2022-12-13 07:54:13,15,3000,200,0.685790,0.725624,0.000000,1.000000,Excellent,
ECG_CH2,3920,2022-12-13 07:54:13,2022-12-13 07:54:28,15,3000,200,0.636907,0.675337,0.000000,1.000000,Excellent,
ECG_CH2,3921,2022-12-13 07:54:28,2022-12-13 07:54:43,15,3000,200,0.711700,0.773754,0.000000,1.000000,Excellent,
ECG_CH2,3922,2022-12-13 07:54:43,2022-12-13 07:54:58,15,3000,200,0.800796,0.905013,0.000000,1.000000,Excellent,
ECG_CH2,3923,2022-12-13 07:54:58,2022-12-13 07:55:13,15,3000,200,0.694295,0.756800,0.000000,1.000000,Barely acceptable,
ECG_CH2,3924,2022-12-13 07:55:13,2022-12-13 07:55:28,15,3000,200,0.687190,0.709827,0.000000,1.000000,Barely acceptable,
ECG_CH2,3925,2022-12-13 07:55:28,2022-12-13 07:55:43,15,3000,200,0.852383,0.915463,0.000000,1.000000,Barely acceptable,
ECG_CH2,3926,2022-12-13 07:55:43,2022-12-13 07:55:58,15,3000,200,0.864591,0.953966,0.000000,1.000000,Excellent,
ECG_CH2,3927,2022-12-13 07:55:58,2022-12-13 07:56:13,15,3000,200,0.619947,0.738293,0.000000,1.000000,Barely acceptable,
ECG_CH2,3928,2022-12-13 07:56:13,2022-12-13 07:56:28,15,3000,200,0.837785,0.938468,0.000000,1.000000,Barely acceptable,
ECG_CH2,3929,2022-12-13 07:56:28,2022-12-13 07:56:43,15,3000,200,0.841489,0.924498,0.000000,1.000000,Excellent,
ECG_CH2,3930,2022-12-13 07:56:43,2022-12-13 07:56:58,15,3000,200,0.639872,0.676733,0.000000,1.000000,Excellent,
ECG_CH2,3931,2022-12-13 07:56:58,2022-12-13 07:57:13,15,3000,200,0.621334,0.674224,0.000000,1.000000,Barely acceptable,
ECG_CH2,3932,2022-12-13 07:57:13,2022-12-13 07:57:28,15,3000,200,0.654832,0.693275,0.000000,1.000000,Barely acceptable,
ECG_CH2,3933,2022-12-13 07:57:28,2022-12-13 07:57:43,15,3000,200,0.719046,0.784593,0.000000,1.000000,Excellent,
ECG_CH2,3934,2022-12-13 07:57:43,2022-12-13 07:57:58,15,3000,200,0.790566,0.870866,0.000000,1.000000,Excellent,
ECG_CH2,3935,2022-12-13 07:57:58,2022-12-13 07:58:13,15,3000,200,0.702946,0.734636,0.000000,1.000000,Barely acceptable,
ECG_CH2,3936,2022-12-13 07:58:13,2022-12-13 07:58:28,15,3000,200,0.548034,0.482851,0.000000,1.000000,Excellent,
ECG_CH2,3937,2022-12-13 07:58:28,2022-12-13 07:58:43,15,3000,200,0.571485,0.651656,0.000000,1.000000,Excellent,
ECG_CH2,3938,2022-12-13 07:58:43,2022-12-13 07:58:58,15,3000,200,0.602914,0.577295,0.000000,1.000000,Excellent,
ECG_CH2,3939,2022-12-13 07:58:58,2022-12-13 07:59:13,15,3000,200,0.836083,0.896701,0.000000,1.000000,Excellent,
ECG_CH2,3940,2022-12-13 07:59:13,2022-12-13 07:59:28,15,3000,200,0.754440,0.858936,0.000000,1.000000,Excellent,
ECG_CH2,3941,2022-12-13 07:59:28,2022-12-13 07:59:43,15,3000,200,0.612795,0.705257,0.000000,1.000000,Barely acceptable,
ECG_CH2,3942,2022-12-13 07:59:43,2022-12-13 07:59:58,15,3000,200,0.854951,0.907931,0.000000,1.000000,Excellent,
ECG_CH2,3943,2022-12-13 07:59:58,2022-12-13 08:00:13,15,3000,200,0.770091,0.880525,0.000000,1.000000,Excellent,
ECG_CH2,3944,2022-12-13 08:00:13,2022-12-13 08:00:28,15,3000,200,0.722478,0.813754,0.000000,1.000000,Barely acceptable,
ECG_CH2,3945,2022-12-13 08:00:28,2022-12-13 08:00:43,15,3000,200,0.631800,0.702227,0.000000,1.000000,Excellent,
ECG_CH2,3946,2022-12-13 08:00:43,2022-12-13 08:00:58,15,3000,200,0.749541,0.812893,0.000000,1.000000,Excellent,
ECG_CH2,3947,2022-12-13 08:00:58,2022-12-13 08:01:13,15,3000,200,0.586563,0.584659,0.000000,1.000000,Excellent,
ECG_CH2,3948,2022-12-13 08:01:13,2022-12-13 08:01:28,15,3000,200,0.650275,0.649319,0.000000,1.000000,Excellent,
ECG_CH2,3949,2022-12-13 08:01:28,2022-12-13 08:01:43,15,3000,200,0.677108,0.740274,0.000000,1.000000,Excellent,
ECG_CH2,3950,2022-12-13 08:01:43,2022-12-13 08:01:58,15,3000,200,0.646527,0.675841,0.000000,1.000000,Excellent,
ECG_CH2,3951,2022-12-13 08:01:58,2022-12-13 08:02:13,15,3000,200,0.662960,0.781098,0.000000,1.000000,Barely acceptable,
ECG_CH2,3952,2022-12-13 08:02:13,2022-12-13 08:02:28,15,3000,200,0.651816,0.674714,0.000000,1.000000,Barely acceptable,
ECG_CH2,3953,2022-12-13 08:02:28,2022-12-13 08:02:43,15,3000,200,0.500370,0.485592,0.000000,1.000000,Excellent,
ECG_CH2,3954,2022-12-13 08:02:43,2022-12-13 08:02:58,15,3000,200,0.793730,0.858026,0.000000,1.000000,Excellent,
ECG_CH2,3955,2022-12-13 08:02:58,2022-12-13 08:03:13,15,3000,200,0.641704,0.690630,0.000000,1.000000,Excellent,
ECG_CH2,3956,2022-12-13 08:03:13,2022-12-13 08:03:28,15,3000,200,0.649442,0.668062,0.000000,1.000000,Excellent,
ECG_CH2,3957,2022-12-13 08:03:28,2022-12-13 08:03:43,15,3000,200,0.578881,0.623172,0.000000,1.000000,Excellent,
ECG_CH2,3958,2022-12-13 08:03:43,2022-12-13 08:03:58,15,3000,200,0.822768,0.899027,0.000000,1.000000,Excellent,
ECG_CH2,3959,2022-12-13 08:03:58,2022-12-13 08:04:13,15,3000,200,0.755904,0.859832,0.000000,1.000000,Excellent,
ECG_CH2,3960,2022-12-13 08:04:13,2022-12-13 08:04:28,15,3000,200,0.689327,0.828079,0.000000,1.000000,Excellent,
ECG_CH2,3961,2022-12-13 08:04:28,2022-12-13 08:04:43,15,3000,200,0.587526,0.708259,0.000000,1.000000,Excellent,
ECG_CH2,3962,2022-12-13 08:04:43,2022-12-13 08:04:58,15,3000,200,0.593080,0.656599,0.000000,1.000000,Excellent,
ECG_CH2,3963,2022-12-13 08:04:58,2022-12-13 08:05:13,15,3000,200,0.721824,0.758311,0.000000,1.000000,Barely acceptable,
ECG_CH2,3964,2022-12-13 08:05:13,2022-12-13 08:05:28,15,3000,200,0.729429,0.769989,0.000000,1.000000,Barely acceptable,
ECG_CH2,3965,2022-12-13 08:05:28,2022-12-13 08:05:43,15,3000,200,0.692847,0.783478,0.000000,1.000000,Barely acceptable,
ECG_CH2,3966,2022-12-13 08:05:43,2022-12-13 08:05:58,15,3000,200,0.724774,0.748515,0.000000,1.000000,Excellent,
ECG_CH2,3967,2022-12-13 08:05:58,2022-12-13 08:06:13,15,3000,200,0.764728,0.852636,0.000000,1.000000,Excellent,
ECG_CH2,3968,2022-12-13 08:06:13,2022-12-13 08:06:28,15,3000,200,0.564546,0.655847,0.000000,1.000000,Excellent,
ECG_CH2,3969,2022-12-13 08:06:28,2022-12-13 08:06:43,15,3000,200,0.669262,0.722193,0.000000,1.000000,Excellent,
ECG_CH2,3970,2022-12-13 08:06:43,2022-12-13 08:06:58,15,3000,200,0.833152,0.929206,0.000000,1.000000,Excellent,
ECG_CH2,3971,2022-12-13 08:06:58,2022-12-13 08:07:13,15,3000,200,0.805079,0.882353,0.000000,1.000000,Barely acceptable,
ECG_CH2,3972,2022-12-13 08:07:13,2022-12-13 08:07:28,15,3000,200,0.873242,0.953639,0.000000,1.000000,Excellent,
ECG_CH2,3973,2022-12-13 08:07:28,2022-12-13 08:07:43,15,3000,200,0.591997,0.542517,0.000000,1.000000,Excellent,
ECG_CH2,3974,2022-12-13 08:07:43,2022-12-13 08:07:58,15,3000,200,0.867462,0.933398,0.000000,1.000000,Excellent,
ECG_CH2,3975,2022-12-13 08:07:58,2022-12-13 08:08:13,15,3000,200,0.675084,0.726818,0.000000,1.000000,Excellent,
ECG_CH2,3976,2022-12-13 08:08:13,2022-12-13 08:08:28,15,3000,200,0.737231,0.763767,0.000000,1.000000,Excellent,
ECG_CH2,3977,2022-12-13 08:08:28,2022-12-13 08:08:43,15,3000,200,0.515685,0.546338,0.000000,1.000000,Excellent,
ECG_CH2,3978,2022-12-13 08:08:43,2022-12-13 08:08:58,15,3000,200,0.848031,0.906148,0.000000,1.000000,Excellent,
ECG_CH2,3979,2022-12-13 08:08:58,2022-12-13 08:09:13,15,3000,200,0.862129,0.944317,0.000000,1.000000,Excellent,
ECG_CH2,3980,2022-12-13 08:09:13,2022-12-13 08:09:28,15,3000,200,0.791756,0.853970,0.000000,1.000000,Barely acceptable,
ECG_CH2,3981,2022-12-13 08:09:28,2022-12-13 08:09:43,15,3000,200,0.681018,0.696572,0.000000,1.000000,Excellent,
ECG_CH2,3982,2022-12-13 08:09:43,2022-12-13 08:09:58,15,3000,200,0.760952,0.809276,0.000000,1.000000,Barely acceptable,
ECG_CH2,3983,2022-12-13 08:09:58,2022-12-13 08:10:13,15,3000,200,0.614303,0.642220,0.000000,1.000000,Excellent,
ECG_CH2,3984,2022-12-13 08:10:13,2022-12-13 08:10:28,15,3000,200,0.836697,0.899521,0.000000,1.000000,Excellent,
ECG_CH2,3985,2022-12-13 08:10:28,2022-12-13 08:10:43,15,3000,200,0.865294,0.962532,0.000000,1.000000,Excellent,
ECG_CH2,3986,2022-12-13 08:10:43,2022-12-13 08:10:58,15,3000,200,0.615824,0.702598,0.000000,1.000000,Excellent,
ECG_CH2,3987,2022-12-13 08:10:58,2022-12-13 08:11:13,15,3000,200,0.848775,0.915465,0.000000,1.000000,Excellent,
ECG_CH2,3988,2022-12-13 08:11:13,2022-12-13 08:11:28,15,3000,200,0.851734,0.924787,0.000000,1.000000,Excellent,
ECG_CH2,3989,2022-12-13 08:11:28,2022-12-13 08:11:43,15,3000,200,0.688429,0.756304,0.000000,1.000000,Excellent,
ECG_CH2,3990,2022-12-13 08:11:43,2022-12-13 08:11:58,15,3000,200,0.691605,0.769031,0.000000,1.000000,Excellent,
ECG_CH2,3991,2022-12-13 08:11:58,2022-12-13 08:12:13,15,3000,200,0.760228,0.781524,0.000000,1.000000,Excellent,
ECG_CH2,3992,2022-12-13 08:12:13,2022-12-13 08:12:28,15,3000,200,0.718029,0.728004,0.000000,1.000000,Excellent,
ECG_CH2,3993,2022-12-13 08:12:28,2022-12-13 08:12:43,15,3000,200,0.825535,0.908400,0.000000,1.000000,Excellent,
ECG_CH2,3994,2022-12-13 08:12:43,2022-12-13 08:12:58,15,3000,200,0.661163,0.723791,0.000000,1.000000,Excellent,
ECG_CH2,3995,2022-12-13 08:12:58,2022-12-13 08:13:13,15,3000,200,0.664662,0.699210,0.000000,1.000000,Excellent,
ECG_CH2,3996,2022-12-13 08:13:13,2022-12-13 08:13:28,15,3000,200,0.677854,0.780673,0.000000,1.000000,Excellent,
ECG_CH2,3997,2022-12-13 08:13:28,2022-12-13 08:13:43,15,3000,200,0.784819,0.912046,0.000000,1.000000,Excellent,
ECG_CH2,3998,2022-12-13 08:13:43,2022-12-13 08:13:58,15,3000,200,0.749322,0.858018,0.000000,1.000000,Excellent,
ECG_CH2,3999,2022-12-13 08:13:58,2022-12-13 08:14:13,15,3000,200,0.758053,0.855187,0.000000,1.000000,Excellent,
ECG_CH2,4000,2022-12-13 08:14:13,2022-12-13 08:14:28,15,3000,200,0.635470,0.665636,0.000000,1.000000,Excellent,
ECG_CH2,4001,2022-12-13 08:14:28,2022-12-13 08:14:43,15,3000,200,0.724445,0.776921,0.000000,1.000000,Excellent,
ECG_CH2,4002,2022-12-13 08:14:43,2022-12-13 08:14:58,15,3000,200,0.592276,0.585852,0.000000,1.000000,Excellent,
ECG_CH2,4003,2022-12-13 08:14:58,2022-12-13 08:15:13,15,3000,200,0.805396,0.881978,0.000000,1.000000,Excellent,
ECG_CH2,4004,2022-12-13 08:15:13,2022-12-13 08:15:28,15,3000,200,0.699015,0.782022,0.000000,1.000000,Excellent,
ECG_CH2,4005,2022-12-13 08:15:28,2022-12-13 08:15:43,15,3000,200,0.649298,0.669173,0.000000,1.000000,Excellent,
ECG_CH2,4006,2022-12-13 08:15:43,2022-12-13 08:15:58,15,3000,200,0.656621,0.753688,0.000000,1.000000,Excellent,
ECG_CH2,4007,2022-12-13 08:15:58,2022-12-13 08:16:13,15,3000,200,0.616180,0.578567,0.000000,1.000000,Excellent,
ECG_CH2,4008,2022-12-13 08:16:13,2022-12-13 08:16:28,15,3000,200,0.684695,0.767246,0.000000,1.000000,Excellent,
ECG_CH2,4009,2022-12-13 08:16:28,2022-12-13 08:16:43,15,3000,200,0.651598,0.683293,0.000000,1.000000,Excellent,
ECG_CH2,4010,2022-12-13 08:16:43,2022-12-13 08:16:58,15,3000,200,0.842211,0.932395,0.000000,1.000000,Excellent,
ECG_CH2,4011,2022-12-13 08:16:58,2022-12-13 08:17:13,15,3000,200,0.642988,0.706822,0.000000,1.000000,Excellent,
ECG_CH2,4012,2022-12-13 08:17:13,2022-12-13 08:17:28,15,3000,200,0.727193,0.839335,0.000000,1.000000,Excellent,
ECG_CH2,4013,2022-12-13 08:17:28,2022-12-13 08:17:43,15,3000,200,0.674701,0.829813,0.000000,1.000000,Barely acceptable,
ECG_CH2,4014,2022-12-13 08:17:43,2022-12-13 08:17:58,15,3000,200,0.816512,0.968439,0.000000,1.000000,Excellent,
ECG_CH2,4015,2022-12-13 08:17:58,2022-12-13 08:18:13,15,3000,200,0.786134,0.879000,0.000000,1.000000,Excellent,
ECG_CH2,4016,2022-12-13 08:18:13,2022-12-13 08:18:28,15,3000,200,0.741455,0.965356,0.000000,1.000000,Barely acceptable,
ECG_CH2,4017,2022-12-13 08:18:28,2022-12-13 08:18:43,15,3000,200,0.542205,0.566098,0.000000,1.000000,Excellent,
ECG_CH2,4018,2022-12-13 08:18:43,2022-12-13 08:18:58,15,3000,200,0.595450,0.645647,0.000000,1.000000,Excellent,
ECG_CH2,4019,2022-12-13 08:18:58,2022-12-13 08:19:13,15,3000,200,0.570933,0.571743,0.000000,1.000000,Excellent,
ECG_CH2,4020,2022-12-13 08:19:13,2022-12-13 08:19:28,15,3000,200,0.654662,0.821034,0.000000,1.000000,Excellent,
ECG_CH2,4021,2022-12-13 08:19:28,2022-12-13 08:19:43,15,3000,200,0.726874,0.754692,0.000000,1.000000,Excellent,
ECG_CH2,4022,2022-12-13 08:19:43,2022-12-13 08:19:58,15,3000,200,0.730432,0.790106,0.000000,1.000000,Excellent,
ECG_CH2,4023,2022-12-13 08:19:58,2022-12-13 08:20:13,15,3000,200,0.749978,0.824178,0.000000,1.000000,Excellent,
ECG_CH2,4024,2022-12-13 08:20:13,2022-12-13 08:20:28,15,3000,200,0.723012,0.825995,0.000000,1.000000,Excellent,
ECG_CH2,4025,2022-12-13 08:20:28,2022-12-13 08:20:43,15,3000,200,0.861787,0.933172,0.000000,1.000000,Excellent,
ECG_CH2,4026,2022-12-13 08:20:43,2022-12-13 08:20:58,15,3000,200,0.795984,0.935904,0.000000,1.000000,Excellent,
ECG_CH2,4027,2022-12-13 08:20:58,2022-12-13 08:21:13,15,3000,200,0.843386,0.957590,0.000000,1.000000,Excellent,
ECG_CH2,4028,2022-12-13 08:21:13,2022-12-13 08:21:28,15,3000,200,0.636384,0.686230,0.000000,1.000000,Excellent,
ECG_CH2,4029,2022-12-13 08:21:28,2022-12-13 08:21:43,15,3000,200,0.643185,0.661171,0.000000,1.000000,Excellent,
ECG_CH2,4030,2022-12-13 08:21:43,2022-12-13 08:21:58,15,3000,200,0.819232,0.926296,0.000000,1.000000,Excellent,
ECG_CH2,4031,2022-12-13 08:21:58,2022-12-13 08:22:13,15,3000,200,0.760106,0.910336,0.000000,1.000000,Excellent,
ECG_CH2,4032,2022-12-13 08:22:13,2022-12-13 08:22:28,15,3000,200,0.786054,0.897577,0.000000,1.000000,Excellent,
ECG_CH2,4033,2022-12-13 08:22:28,2022-12-13 08:22:43,15,3000,200,0.674972,0.745446,0.000000,1.000000,Excellent,
ECG_CH2,4034,2022-12-13 08:22:43,2022-12-13 08:22:58,15,3000,200,0.841072,0.930021,0.000000,1.000000,Excellent,
ECG_CH2,4035,2022-12-13 08:22:58,2022-12-13 08:23:13,15,3000,200,0.747669,0.844112,0.000000,1.000000,Excellent,
ECG_CH2,4036,2022-12-13 08:23:13,2022-12-13 08:23:28,15,3000,200,0.731746,0.796715,0.000000,1.000000,Excellent,
ECG_CH2,4037,2022-12-13 08:23:28,2022-12-13 08:23:43,15,3000,200,0.823828,0.921517,0.000000,1.000000,Excellent,
ECG_CH2,4038,2022-12-13 08:23:43,2022-12-13 08:23:58,15,3000,200,0.686377,0.780136,0.000000,1.000000,Excellent,
ECG_CH2,4039,2022-12-13 08:23:58,2022-12-13 08:24:13,15,3000,200,0.765982,0.848096,0.000000,1.000000,Excellent,
ECG_CH2,4040,2022-12-13 08:24:13,2022-12-13 08:24:28,15,3000,200,0.738534,0.771895,0.000000,1.000000,Excellent,
ECG_CH2,4041,2022-12-13 08:24:28,2022-12-13 08:24:43,15,3000,200,0.709900,0.845121,0.000000,1.000000,Excellent,
ECG_CH2,4042,2022-12-13 08:24:43,2022-12-13 08:24:58,15,3000,200,0.700455,0.829285,0.000000,1.000000,Excellent,
ECG_CH2,4043,2022-12-13 08:24:58,2022-12-13 08:25:13,15,3000,200,0.446192,0.452988,0.000000,1.000000,Excellent,
ECG_CH2,4044,2022-12-13 08:25:13,2022-12-13 08:25:28,15,3000,200,0.774900,0.900656,0.000000,1.000000,Excellent,
ECG_CH2,4045,2022-12-13 08:25:28,2022-12-13 08:25:43,15,3000,200,0.763491,0.812194,0.000000,1.000000,Excellent,
ECG_CH2,4046,2022-12-13 08:25:43,2022-12-13 08:25:58,15,3000,200,0.725110,0.785813,0.000000,1.000000,Excellent,
ECG_CH2,4047,2022-12-13 08:25:58,2022-12-13 08:26:13,15,3000,200,0.822171,0.917578,0.000000,1.000000,Excellent,
ECG_CH2,4048,2022-12-13 08:26:13,2022-12-13 08:26:28,15,3000,200,0.825441,0.896393,0.000000,1.000000,Excellent,
ECG_CH2,4049,2022-12-13 08:26:28,2022-12-13 08:26:43,15,3000,200,0.821569,0.933709,0.000000,1.000000,Excellent,
ECG_CH2,4050,2022-12-13 08:26:43,2022-12-13 08:26:58,15,3000,200,0.738751,0.751142,0.000000,1.000000,Excellent,
ECG_CH2,4051,2022-12-13 08:26:58,2022-12-13 08:27:13,15,3000,200,0.748397,0.870549,0.000000,1.000000,Excellent,
ECG_CH2,4052,2022-12-13 08:27:13,2022-12-13 08:27:28,15,3000,200,0.606918,0.727356,0.000000,1.000000,Excellent,
ECG_CH2,4053,2022-12-13 08:27:28,2022-12-13 08:27:43,15,3000,200,0.694007,0.771367,0.000000,1.000000,Excellent,
ECG_CH2,4054,2022-12-13 08:27:43,2022-12-13 08:27:58,15,3000,200,0.634957,0.610656,0.000000,1.000000,Excellent,
ECG_CH2,4055,2022-12-13 08:27:58,2022-12-13 08:28:13,15,3000,200,0.666839,0.760388,0.000000,1.000000,Excellent,
ECG_CH2,4056,2022-12-13 08:28:13,2022-12-13 08:28:28,15,3000,200,0.798494,0.810049,0.000000,1.000000,Excellent,
ECG_CH2,4057,2022-12-13 08:28:28,2022-12-13 08:28:43,15,3000,200,0.780713,0.867780,0.000000,1.000000,Excellent,
ECG_CH2,4058,2022-12-13 08:28:43,2022-12-13 08:28:58,15,3000,200,0.620569,0.731903,0.000000,1.000000,Excellent,
ECG_CH2,4059,2022-12-13 08:28:58,2022-12-13 08:29:13,15,3000,200,0.653744,0.787595,0.000000,1.000000,Barely acceptable,
ECG_CH2,4060,2022-12-13 08:29:13,2022-12-13 08:29:28,15,3000,200,0.579562,0.582949,0.000000,1.000000,Excellent,
ECG_CH2,4061,2022-12-13 08:29:28,2022-12-13 08:29:43,15,3000,200,0.478798,0.575773,0.000000,1.000000,Excellent,
ECG_CH2,4062,2022-12-13 08:29:43,2022-12-13 08:29:58,15,3000,200,0.460340,0.407078,0.000000,1.000000,Excellent,
ECG_CH2,4063,2022-12-13 08:29:58,2022-12-13 08:30:13,15,3000,200,0.581540,0.625006,0.000000,1.000000,Excellent,
ECG_CH2,4064,2022-12-13 08:30:13,2022-12-13 08:30:28,15,3000,200,0.810117,0.908859,0.000000,1.000000,Excellent,
ECG_CH2,4065,2022-12-13 08:30:28,2022-12-13 08:30:43,15,3000,200,0.802517,0.881111,0.000000,1.000000,Excellent,
ECG_CH2,4066,2022-12-13 08:30:43,2022-12-13 08:30:58,15,3000,200,0.661842,0.784609,0.000000,1.000000,Excellent,
ECG_CH2,4067,2022-12-13 08:30:58,2022-12-13 08:31:13,15,3000,200,0.681678,0.719406,0.000000,1.000000,Excellent,
ECG_CH2,4068,2022-12-13 08:31:13,2022-12-13 08:31:28,15,3000,200,0.650217,0.757141,0.000000,1.000000,Excellent,
ECG_CH2,4069,2022-12-13 08:31:28,2022-12-13 08:31:43,15,3000,200,0.621582,0.688951,0.000000,1.000000,Excellent,
ECG_CH2,4070,2022-12-13 08:31:43,2022-12-13 08:31:58,15,3000,200,0.665419,0.773018,0.000000,1.000000,Excellent,
ECG_CH2,4071,2022-12-13 08:31:58,2022-12-13 08:32:13,15,3000,200,0.579635,0.664123,0.000000,1.000000,Excellent,
ECG_CH2,4072,2022-12-13 08:32:13,2022-12-13 08:32:28,15,3000,200,0.801820,0.926844,0.000000,1.000000,Excellent,
ECG_CH2,4073,2022-12-13 08:32:28,2022-12-13 08:32:43,15,3000,200,0.611333,0.625203,0.000000,1.000000,Excellent,
ECG_CH2,4074,2022-12-13 08:32:43,2022-12-13 08:32:58,15,3000,200,0.672026,0.731123,0.000000,1.000000,Excellent,
ECG_CH2,4075,2022-12-13 08:32:58,2022-12-13 08:33:13,15,3000,200,0.626807,0.733862,0.000000,1.000000,Excellent,
ECG_CH2,4076,2022-12-13 08:33:13,2022-12-13 08:33:28,15,3000,200,0.763981,0.836023,0.000000,1.000000,Barely acceptable,
ECG_CH2,4077,2022-12-13 08:33:28,2022-12-13 08:33:43,15,3000,200,0.793718,0.930600,0.000000,1.000000,Barely acceptable,
ECG_CH2,4078,2022-12-13 08:33:43,2022-12-13 08:33:58,15,3000,200,0.796239,0.910418,0.000000,1.000000,Barely acceptable,
ECG_CH2,4079,2022-12-13 08:33:58,2022-12-13 08:34:13,15,3000,200,0.756560,0.896863,0.000000,1.000000,Barely acceptable,
ECG_CH2,4080,2022-12-13 08:34:13,2022-12-13 08:34:28,15,3000,200,0.509095,0.553636,0.000000,1.000000,Excellent,
ECG_CH2,4081,2022-12-13 08:34:28,2022-12-13 08:34:43,15,3000,200,0.908139,0.962468,0.000000,1.000000,Excellent,
ECG_CH2,4082,2022-12-13 08:34:43,2022-12-13 08:34:58,15,3000,200,0.866150,0.909307,0.000000,1.000000,Barely acceptable,
ECG_CH2,4083,2022-12-13 08:34:58,2022-12-13 08:35:13,15,3000,200,0.684679,0.701494,0.000000,1.000000,Barely acceptable,
ECG_CH2,4084,2022-12-13 08:35:13,2022-12-13 08:35:28,15,3000,200,0.585829,0.608918,0.000000,1.000000,Excellent,
ECG_CH2,4085,2022-12-13 08:35:28,2022-12-13 08:35:43,15,3000,200,0.711861,0.763796,0.000000,1.000000,Excellent,
ECG_CH2,4086,2022-12-13 08:35:43,2022-12-13 08:35:58,15,3000,200,0.760210,0.826575,0.000000,1.000000,Barely acceptable,
ECG_CH2,4087,2022-12-13 08:35:58,2022-12-13 08:36:13,15,3000,200,0.787490,0.889140,0.000000,1.000000,Barely acceptable,
ECG_CH2,4088,2022-12-13 08:36:13,2022-12-13 08:36:28,15,3000,200,0.755422,0.817479,0.000000,1.000000,Barely acceptable,
ECG_CH2,4089,2022-12-13 08:36:28,2022-12-13 08:36:43,15,3000,200,0.788852,0.819376,0.000000,1.000000,Excellent,
ECG_CH2,4090,2022-12-13 08:36:43,2022-12-13 08:36:58,15,3000,200,0.741049,0.836550,0.000000,1.000000,Excellent,
ECG_CH2,4091,2022-12-13 08:36:58,2022-12-13 08:37:13,15,3000,200,0.634274,0.676125,0.000000,1.000000,Excellent,
ECG_CH2,4092,2022-12-13 08:37:13,2022-12-13 08:37:28,15,3000,200,0.595753,0.681856,0.000000,1.000000,Barely acceptable,
ECG_CH2,4093,2022-12-13 08:37:28,2022-12-13 08:37:43,15,3000,200,0.776394,0.838816,0.000000,1.000000,Excellent,
ECG_CH2,4094,2022-12-13 08:37:43,2022-12-13 08:37:58,15,3000,200,0.738064,0.876556,0.000000,1.000000,Excellent,
ECG_CH2,4095,2022-12-13 08:37:58,2022-12-13 08:38:13,15,3000,200,0.829754,0.884232,0.000000,1.000000,Excellent,
ECG_CH2,4096,2022-12-13 08:38:13,2022-12-13 08:38:28,15,3000,200,0.777088,0.869568,0.000000,1.000000,Excellent,
ECG_CH2,4097,2022-12-13 08:38:28,2022-12-13 08:38:43,15,3000,200,0.661692,0.688579,0.000000,1.000000,Barely acceptable,
ECG_CH2,4098,2022-12-13 08:38:43,2022-12-13 08:38:58,15,3000,200,0.666269,0.747990,0.000000,1.000000,Excellent,
ECG_CH2,4099,2022-12-13 08:38:58,2022-12-13 08:39:13,15,3000,200,0.666989,0.719876,0.000000,1.000000,Excellent,
ECG_CH2,4100,2022-12-13 08:39:13,2022-12-13 08:39:28,15,3000,200,0.529853,0.568640,0.000000,1.000000,Excellent,
ECG_CH2,4101,2022-12-13 08:39:28,2022-12-13 08:39:43,15,3000,200,0.575793,0.577526,0.000000,1.000000,Excellent,
ECG_CH2,4102,2022-12-13 08:39:43,2022-12-13 08:39:58,15,3000,200,0.664270,0.745581,0.000000,1.000000,Excellent,
ECG_CH2,4103,2022-12-13 08:39:58,2022-12-13 08:40:13,15,3000,200,0.761577,0.787471,0.000000,1.000000,Excellent,
ECG_CH2,4104,2022-12-13 08:40:13,2022-12-13 08:40:28,15,3000,200,0.788748,0.883483,0.000000,1.000000,Barely acceptable,
ECG_CH2,4105,2022-12-13 08:40:28,2022-12-13 08:40:43,15,3000,200,0.837750,0.939120,0.000000,1.000000,Barely acceptable,
ECG_CH2,4106,2022-12-13 08:40:43,2022-12-13 08:40:58,15,3000,200,0.666096,0.807735,0.000000,1.000000,Excellent,
ECG_CH2,4107,2022-12-13 08:40:58,2022-12-13 08:41:13,15,3000,200,0.567531,0.502085,0.000000,1.000000,Excellent,
ECG_CH2,4108,2022-12-13 08:41:13,2022-12-13 08:41:28,15,3000,200,0.669584,0.753482,0.000000,1.000000,Excellent,
ECG_CH2,4109,2022-12-13 08:41:28,2022-12-13 08:41:43,15,3000,200,0.592351,0.591283,0.000000,1.000000,Excellent,
ECG_CH2,4110,2022-12-13 08:41:43,2022-12-13 08:41:58,15,3000,200,0.639305,0.753571,0.000000,1.000000,Excellent,
ECG_CH2,4111,2022-12-13 08:41:58,2022-12-13 08:42:13,15,3000,200,0.691657,0.793238,0.000000,1.000000,Excellent,
ECG_CH2,4112,2022-12-13 08:42:13,2022-12-13 08:42:28,15,3000,200,0.696838,0.710595,0.000000,1.000000,Barely acceptable,
ECG_CH2,4113,2022-12-13 08:42:28,2022-12-13 08:42:43,15,3000,200,0.739003,0.821801,0.000000,1.000000,Excellent,
ECG_CH2,4114,2022-12-13 08:42:43,2022-12-13 08:42:58,15,3000,200,0.842103,0.930629,0.000000,1.000000,Excellent,
ECG_CH2,4115,2022-12-13 08:42:58,2022-12-13 08:43:13,15,3000,200,0.613874,0.642226,0.000000,1.000000,Excellent,
ECG_CH2,4116,2022-12-13 08:43:13,2022-12-13 08:43:28,15,3000,200,0.577807,0.605001,0.000000,1.000000,Excellent,
ECG_CH2,4117,2022-12-13 08:43:28,2022-12-13 08:43:43,15,3000,200,0.593263,0.629642,0.000000,1.000000,Excellent,
ECG_CH2,4118,2022-12-13 08:43:43,2022-12-13 08:43:58,15,3000,200,0.664018,0.784500,0.000000,1.000000,Excellent,
ECG_CH2,4119,2022-12-13 08:43:58,2022-12-13 08:44:13,15,3000,200,0.562319,0.588568,0.000000,1.000000,Excellent,
ECG_CH2,4120,2022-12-13 08:44:13,2022-12-13 08:44:28,15,3000,200,0.744489,0.902105,0.000000,1.000000,Excellent,
ECG_CH2,4121,2022-12-13 08:44:28,2022-12-13 08:44:43,15,3000,200,0.832214,0.895762,0.000000,1.000000,Excellent,
ECG_CH2,4122,2022-12-13 08:44:43,2022-12-13 08:44:58,15,3000,200,0.603361,0.674211,0.000000,1.000000,Excellent,
ECG_CH2,4123,2022-12-13 08:44:58,2022-12-13 08:45:13,15,3000,200,0.781539,0.886043,0.000000,1.000000,Excellent,
ECG_CH2,4124,2022-12-13 08:45:13,2022-12-13 08:45:28,15,3000,200,0.719820,0.831841,0.000000,1.000000,Excellent,
ECG_CH2,4125,2022-12-13 08:45:28,2022-12-13 08:45:43,15,3000,200,0.585634,0.625773,0.000000,1.000000,Excellent,
ECG_CH2,4126,2022-12-13 08:45:43,2022-12-13 08:45:58,15,3000,200,0.626694,0.691022,0.000000,1.000000,Excellent,
ECG_CH2,4127,2022-12-13 08:45:58,2022-12-13 08:46:13,15,3000,200,0.750464,0.858186,0.000000,1.000000,Excellent,
ECG_CH2,4128,2022-12-13 08:46:13,2022-12-13 08:46:28,15,3000,200,0.502886,0.479281,0.000000,1.000000,Excellent,
ECG_CH2,4129,2022-12-13 08:46:28,2022-12-13 08:46:43,15,3000,200,0.750907,0.822739,0.000000,1.000000,Excellent,
ECG_CH2,4130,2022-12-13 08:46:43,2022-12-13 08:46:58,15,3000,200,0.742859,0.883628,0.000000,1.000000,Excellent,
ECG_CH2,4131,2022-12-13 08:46:58,2022-12-13 08:47:13,15,3000,200,0.702556,0.820018,0.000000,1.000000,Excellent,
ECG_CH2,4132,2022-12-13 08:47:13,2022-12-13 08:47:28,15,3000,200,0.649039,0.717370,0.000000,1.000000,Excellent,
ECG_CH2,4133,2022-12-13 08:47:28,2022-12-13 08:47:43,15,3000,200,0.631382,0.731174,0.000000,1.000000,Excellent,
ECG_CH2,4134,2022-12-13 08:47:43,2022-12-13 08:47:58,15,3000,200,0.653710,0.827639,0.000000,1.000000,Barely acceptable,
ECG_CH2,4135,2022-12-13 08:47:58,2022-12-13 08:48:13,15,3000,200,0.435990,0.353815,0.000000,1.000000,Excellent,
ECG_CH2,4136,2022-12-13 08:48:13,2022-12-13 08:48:28,15,3000,200,0.667387,0.812079,0.000000,1.000000,Excellent,
ECG_CH2,4137,2022-12-13 08:48:28,2022-12-13 08:48:43,15,3000,200,0.659589,0.712714,0.000000,1.000000,Barely acceptable,
ECG_CH2,4138,2022-12-13 08:48:43,2022-12-13 08:48:58,15,3000,200,0.545325,0.582179,0.000000,1.000000,Excellent,
ECG_CH2,4139,2022-12-13 08:48:58,2022-12-13 08:49:13,15,3000,200,0.663325,0.783347,0.000000,1.000000,Barely acceptable,
ECG_CH2,4140,2022-12-13 08:49:13,2022-12-13 08:49:28,15,3000,200,0.741226,0.869876,0.000000,1.000000,Excellent,
ECG_CH2,4141,2022-12-13 08:49:28,2022-12-13 08:49:43,15,3000,200,0.570117,0.643453,0.000000,1.000000,Excellent,
ECG_CH2,4142,2022-12-13 08:49:43,2022-12-13 08:49:58,15,3000,200,0.771290,0.869057,0.000000,1.000000,Excellent,
ECG_CH2,4143,2022-12-13 08:49:58,2022-12-13 08:50:13,15,3000,200,0.754434,0.891263,0.000000,1.000000,Excellent,
ECG_CH2,4144,2022-12-13 08:50:13,2022-12-13 08:50:28,15,3000,200,0.765085,0.918496,0.000000,1.000000,Excellent,
ECG_CH2,4145,2022-12-13 08:50:28,2022-12-13 08:50:43,15,3000,200,0.825753,0.905862,0.000000,1.000000,Barely acceptable,
ECG_CH2,4146,2022-12-13 08:50:43,2022-12-13 08:50:58,15,3000,200,0.681479,0.771670,0.000000,1.000000,Barely acceptable,
ECG_CH2,4147,2022-12-13 08:50:58,2022-12-13 08:51:13,15,3000,200,0.822292,0.943067,0.000000,1.000000,Excellent,
ECG_CH2,4148,2022-12-13 08:51:13,2022-12-13 08:51:28,15,3000,200,0.824385,0.922465,0.000000,1.000000,Excellent,
ECG_CH2,4149,2022-12-13 08:51:28,2022-12-13 08:51:43,15,3000,200,0.589133,0.695129,0.000000,1.000000,Excellent,
ECG_CH2,4150,2022-12-13 08:51:43,2022-12-13 08:51:58,15,3000,200,0.854396,0.912220,0.000000,1.000000,Excellent,
ECG_CH2,4151,2022-12-13 08:51:58,2022-12-13 08:52:13,15,3000,200,0.604360,0.748669,0.000000,1.000000,Excellent,
ECG_CH2,4152,2022-12-13 08:52:13,2022-12-13 08:52:28,15,3000,200,0.680676,0.761325,0.000000,1.000000,Excellent,
ECG_CH2,4153,2022-12-13 08:52:28,2022-12-13 08:52:43,15,3000,200,0.621630,0.642243,0.000000,1.000000,Excellent,
ECG_CH2,4154,2022-12-13 08:52:43,2022-12-13 08:52:58,15,3000,200,0.715398,0.770003,0.000000,1.000000,Excellent,
ECG_CH2,4155,2022-12-13 08:52:58,2022-12-13 08:53:13,15,3000,200,0.611605,0.638010,0.000000,1.000000,Excellent,
ECG_CH2,4156,2022-12-13 08:53:13,2022-12-13 08:53:28,15,3000,200,0.647580,0.762265,0.000000,1.000000,Excellent,
ECG_CH2,4157,2022-12-13 08:53:28,2022-12-13 08:53:43,15,3000,200,0.703961,0.768242,0.000000,1.000000,Excellent,
ECG_CH2,4158,2022-12-13 08:53:43,2022-12-13 08:53:58,15,3000,200,0.820732,0.884965,0.000000,1.000000,Excellent,
ECG_CH2,4159,2022-12-13 08:53:58,2022-12-13 08:54:13,15,3000,200,0.717036,0.845616,0.000000,1.000000,Excellent,
ECG_CH2,4160,2022-12-13 08:54:13,2022-12-13 08:54:28,15,3000,200,0.639284,0.680221,0.000000,1.000000,Excellent,
ECG_CH2,4161,2022-12-13 08:54:28,2022-12-13 08:54:43,15,3000,200,0.778106,0.834605,0.000000,1.000000,Excellent,
ECG_CH2,4162,2022-12-13 08:54:43,2022-12-13 08:54:58,15,3000,200,0.769320,0.815547,0.000000,1.000000,Excellent,
ECG_CH2,4163,2022-12-13 08:54:58,2022-12-13 08:55:13,15,3000,200,0.702809,0.815449,0.000000,1.000000,Excellent,
ECG_CH2,4164,2022-12-13 08:55:13,2022-12-13 08:55:28,15,3000,200,0.744627,0.828129,0.000000,1.000000,Excellent,
ECG_CH2,4165,2022-12-13 08:55:28,2022-12-13 08:55:43,15,3000,200,0.742509,0.776346,0.000000,1.000000,Excellent,
ECG_CH2,4166,2022-12-13 08:55:43,2022-12-13 08:55:58,15,3000,200,0.796008,0.884349,0.000000,1.000000,Excellent,
ECG_CH2,4167,2022-12-13 08:55:58,2022-12-13 08:56:13,15,3000,200,0.750862,0.757562,0.000000,1.000000,Barely acceptable,
ECG_CH2,4168,2022-12-13 08:56:13,2022-12-13 08:56:28,15,3000,200,0.811361,0.926435,0.000000,1.000000,Barely acceptable,
ECG_CH2,4169,2022-12-13 08:56:28,2022-12-13 08:56:43,15,3000,200,0.713838,0.804295,0.000000,1.000000,Excellent,
ECG_CH2,4170,2022-12-13 08:56:43,2022-12-13 08:56:58,15,3000,200,0.770524,0.859671,0.000000,1.000000,Barely acceptable,
ECG_CH2,4171,2022-12-13 08:56:58,2022-12-13 08:57:13,15,3000,200,0.695925,0.734618,0.000000,1.000000,Barely acceptable,
ECG_CH2,4172,2022-12-13 08:57:13,2022-12-13 08:57:28,15,3000,200,0.754951,0.854106,0.000000,1.000000,Barely acceptable,
ECG_CH2,4173,2022-12-13 08:57:28,2022-12-13 08:57:43,15,3000,200,0.680719,0.781761,0.000000,1.000000,Barely acceptable,
ECG_CH2,4174,2022-12-13 08:57:43,2022-12-13 08:57:58,15,3000,200,0.690892,0.737025,0.000000,1.000000,Barely acceptable,
ECG_CH2,4175,2022-12-13 08:57:58,2022-12-13 08:58:13,15,3000,200,0.810966,0.876706,0.000000,1.000000,Barely acceptable,
ECG_CH2,4176,2022-12-13 08:58:13,2022-12-13 08:58:28,15,3000,200,0.736174,0.826083,0.000000,1.000000,Barely acceptable,
ECG_CH2,4177,2022-12-13 08:58:28,2022-12-13 08:58:43,15,3000,200,0.808212,0.815021,0.000000,1.000000,Barely acceptable,
ECG_CH2,4178,2022-12-13 08:58:43,2022-12-13 08:58:58,15,3000,200,0.763628,0.806170,0.000000,1.000000,Barely acceptable,
ECG_CH2,4179,2022-12-13 08:58:58,2022-12-13 08:59:13,15,3000,200,0.862066,0.937172,0.000000,1.000000,Excellent,
ECG_CH2,4180,2022-12-13 08:59:13,2022-12-13 08:59:28,15,3000,200,0.681758,0.709121,0.000000,1.000000,Barely acceptable,
ECG_CH2,4181,2022-12-13 08:59:28,2022-12-13 08:59:43,15,3000,200,0.575496,0.695206,0.000000,1.000000,Excellent,
ECG_CH2,4182,2022-12-13 08:59:43,2022-12-13 08:59:58,15,3000,200,0.789902,0.816907,0.000000,1.000000,Excellent,
ECG_CH2,4183,2022-12-13 08:59:58,2022-12-13 09:00:13,15,3000,200,0.704530,0.795507,0.000000,1.000000,Excellent,
ECG_CH2,4184,2022-12-13 09:00:13,2022-12-13 09:00:28,15,3000,200,0.716302,0.803145,0.000000,1.000000,Excellent,
ECG_CH2,4185,2022-12-13 09:00:28,2022-12-13 09:00:43,15,3000,200,0.709510,0.835164,0.000000,1.000000,Unacceptable,
ECG_CH2,4186,2022-12-13 09:00:43,2022-12-13 09:00:58,15,3000,200,0.712710,0.815180,0.000000,1.000000,Barely acceptable,
ECG_CH2,4187,2022-12-13 09:00:58,2022-12-13 09:01:13,15,3000,200,0.763114,0.868385,0.000000,1.000000,Excellent,
ECG_CH2,4188,2022-12-13 09:01:13,2022-12-13 09:01:28,15,3000,200,0.700738,0.776412,0.000000,1.000000,Excellent,
ECG_CH2,4189,2022-12-13 09:01:28,2022-12-13 09:01:43,15,3000,200,0.614714,0.685390,0.000000,1.000000,Excellent,
ECG_CH2,4190,2022-12-13 09:01:43,2022-12-13 09:01:58,15,3000,200,0.747176,0.790556,0.000000,1.000000,Excellent,
ECG_CH2,4191,2022-12-13 09:01:58,2022-12-13 09:02:13,15,3000,200,0.691003,0.824783,0.000000,1.000000,Excellent,
ECG_CH2,4192,2022-12-13 09:02:13,2022-12-13 09:02:28,15,3000,200,0.617432,0.582394,0.000000,1.000000,Excellent,
ECG_CH2,4193,2022-12-13 09:02:28,2022-12-13 09:02:43,15,3000,200,0.667518,0.767965,0.000000,1.000000,Excellent,
ECG_CH2,4194,2022-12-13 09:02:43,2022-12-13 09:02:58,15,3000,200,0.525207,0.600163,0.000000,1.000000,Excellent,
ECG_CH2,4195,2022-12-13 09:02:58,2022-12-13 09:03:13,15,3000,200,0.727895,0.796251,0.000000,1.000000,Excellent,
ECG_CH2,4196,2022-12-13 09:03:13,2022-12-13 09:03:28,15,3000,200,0.585144,0.674604,0.000000,1.000000,Excellent,
ECG_CH2,4197,2022-12-13 09:03:28,2022-12-13 09:03:43,15,3000,200,0.715151,0.748619,0.000000,1.000000,Excellent,
ECG_CH2,4198,2022-12-13 09:03:43,2022-12-13 09:03:58,15,3000,200,0.712705,0.820690,0.000000,1.000000,Excellent,
ECG_CH2,4199,2022-12-13 09:03:58,2022-12-13 09:04:13,15,3000,200,0.748013,0.844136,0.000000,1.000000,Excellent,
ECG_CH2,4200,2022-12-13 09:04:13,2022-12-13 09:04:28,15,3000,200,0.647185,0.768321,0.000000,1.000000,Excellent,
ECG_CH2,4201,2022-12-13 09:04:28,2022-12-13 09:04:43,15,3000,200,0.598686,0.581129,0.000000,1.000000,Excellent,
ECG_CH2,4202,2022-12-13 09:04:43,2022-12-13 09:04:58,15,3000,200,0.798283,0.851654,0.000000,1.000000,Barely acceptable,
ECG_CH2,4203,2022-12-13 09:04:58,2022-12-13 09:05:13,15,3000,200,0.623814,0.733924,0.000000,1.000000,Barely acceptable,
ECG_CH2,4204,2022-12-13 09:05:13,2022-12-13 09:05:28,15,3000,200,0.552309,0.651464,0.000000,1.000000,Excellent,
ECG_CH2,4205,2022-12-13 09:05:28,2022-12-13 09:05:43,15,3000,200,0.628643,0.792328,0.000000,1.000000,Barely acceptable,
ECG_CH2,4206,2022-12-13 09:05:43,2022-12-13 09:05:58,15,3000,200,0.491832,0.489438,0.000000,1.000000,Excellent,
ECG_CH2,4207,2022-12-13 09:05:58,2022-12-13 09:06:13,15,3000,200,0.727455,0.798781,0.000000,1.000000,Excellent,
ECG_CH2,4208,2022-12-13 09:06:13,2022-12-13 09:06:28,15,3000,200,0.671274,0.726855,0.000000,1.000000,Excellent,
ECG_CH2,4209,2022-12-13 09:06:28,2022-12-13 09:06:43,15,3000,200,0.706745,0.822032,0.000000,1.000000,Excellent,
ECG_CH2,4210,2022-12-13 09:06:43,2022-12-13 09:06:58,15,3000,200,0.771732,0.794814,0.000000,1.000000,Excellent,
ECG_CH2,4211,2022-12-13 09:06:58,2022-12-13 09:07:13,15,3000,200,0.489162,0.435333,0.000000,1.000000,Excellent,
ECG_CH2,4212,2022-12-13 09:07:13,2022-12-13 09:07:28,15,3000,200,0.662823,0.713649,0.000000,1.000000,Excellent,
ECG_CH2,4213,2022-12-13 09:07:28,2022-12-13 09:07:43,15,3000,200,0.683307,0.804199,0.000000,1.000000,Excellent,
ECG_CH2,4214,2022-12-13 09:07:43,2022-12-13 09:07:58,15,3000,200,0.802329,0.848715,0.000000,1.000000,Barely acceptable,
ECG_CH2,4215,2022-12-13 09:07:58,2022-12-13 09:08:13,15,3000,200,0.722246,0.798985,0.000000,1.000000,Excellent,
ECG_CH2,4216,2022-12-13 09:08:13,2022-12-13 09:08:28,15,3000,200,0.808720,0.886800,0.000000,1.000000,Excellent,
ECG_CH2,4217,2022-12-13 09:08:28,2022-12-13 09:08:43,15,3000,200,0.737372,0.778268,0.000000,1.000000,Excellent,
ECG_CH2,4218,2022-12-13 09:08:43,2022-12-13 09:08:58,15,3000,200,0.756571,0.890233,0.000000,1.000000,Barely acceptable,
ECG_CH2,4219,2022-12-13 09:08:58,2022-12-13 09:09:13,15,3000,200,0.795412,0.915670,0.000000,1.000000,Excellent,
ECG_CH2,4220,2022-12-13 09:09:13,2022-12-13 09:09:28,15,3000,200,0.724768,0.837656,0.000000,1.000000,Excellent,
ECG_CH2,4221,2022-12-13 09:09:28,2022-12-13 09:09:43,15,3000,200,0.697377,0.802138,0.000000,1.000000,Excellent,
ECG_CH2,4222,2022-12-13 09:09:43,2022-12-13 09:09:58,15,3000,200,0.755767,0.857171,0.000000,1.000000,Excellent,
ECG_CH2,4223,2022-12-13 09:09:58,2022-12-13 09:10:13,15,3000,200,0.759610,0.835321,0.000000,1.000000,Excellent,
ECG_CH2,4224,2022-12-13 09:10:13,2022-12-13 09:10:28,15,3000,200,0.669913,0.711342,0.000000,1.000000,Barely acceptable,
ECG_CH2,4225,2022-12-13 09:10:28,2022-12-13 09:10:43,15,3000,200,0.791746,0.905491,0.000000,1.000000,Excellent,
ECG_CH2,4226,2022-12-13 09:10:43,2022-12-13 09:10:58,15,3000,200,0.732826,0.840923,0.000000,1.000000,Excellent,
ECG_CH2,4227,2022-12-13 09:10:58,2022-12-13 09:11:13,15,3000,200,0.675982,0.686354,0.000000,1.000000,Excellent,
ECG_CH2,4228,2022-12-13 09:11:13,2022-12-13 09:11:28,15,3000,200,0.770036,0.877054,0.000000,1.000000,Barely acceptable,
ECG_CH2,4229,2022-12-13 09:11:28,2022-12-13 09:11:43,15,3000,200,0.666074,0.739746,0.000000,1.000000,Barely acceptable,
ECG_CH2,4230,2022-12-13 09:11:43,2022-12-13 09:11:58,15,3000,200,0.699281,0.778185,0.000000,1.000000,Barely acceptable,
ECG_CH2,4231,2022-12-13 09:11:58,2022-12-13 09:12:13,15,3000,200,0.721786,0.817137,0.000000,1.000000,Barely acceptable,
ECG_CH2,4232,2022-12-13 09:12:13,2022-12-13 09:12:28,15,3000,200,0.741358,0.809651,0.000000,1.000000,Excellent,
ECG_CH2,4233,2022-12-13 09:12:28,2022-12-13 09:12:43,15,3000,200,0.644975,0.748717,0.000000,1.000000,Excellent,
ECG_CH2,4234,2022-12-13 09:12:43,2022-12-13 09:12:58,15,3000,200,0.675778,0.730926,0.000000,1.000000,Excellent,
ECG_CH2,4235,2022-12-13 09:12:58,2022-12-13 09:13:13,15,3000,200,0.856562,0.936530,0.000000,1.000000,Excellent,
ECG_CH2,4236,2022-12-13 09:13:13,2022-12-13 09:13:28,15,3000,200,0.714510,0.808824,0.000000,1.000000,Excellent,
ECG_CH2,4237,2022-12-13 09:13:28,2022-12-13 09:13:43,15,3000,200,0.790425,0.907581,0.000000,1.000000,Excellent,
ECG_CH2,4238,2022-12-13 09:13:43,2022-12-13 09:13:58,15,3000,200,0.662921,0.793637,0.000000,1.000000,Excellent,
ECG_CH2,4239,2022-12-13 09:13:58,2022-12-13 09:14:13,15,3000,200,0.669178,0.758018,0.000000,1.000000,Excellent,
ECG_CH2,4240,2022-12-13 09:14:13,2022-12-13 09:14:28,15,3000,200,0.674423,0.724833,0.000000,1.000000,Excellent,
ECG_CH2,4241,2022-12-13 09:14:28,2022-12-13 09:14:43,15,3000,200,0.782541,0.898346,0.000000,1.000000,Excellent,
ECG_CH2,4242,2022-12-13 09:14:43,2022-12-13 09:14:58,15,3000,200,0.658183,0.645247,0.000000,1.000000,Excellent,
ECG_CH2,4243,2022-12-13 09:14:58,2022-12-13 09:15:13,15,3000,200,0.730271,0.827748,0.000000,1.000000,Excellent,
ECG_CH2,4244,2022-12-13 09:15:13,2022-12-13 09:15:28,15,3000,200,0.834951,0.926006,0.000000,1.000000,Excellent,
ECG_CH2,4245,2022-12-13 09:15:28,2022-12-13 09:15:43,15,3000,200,0.769257,0.919172,0.000000,1.000000,Barely acceptable,
ECG_CH2,4246,2022-12-13 09:15:43,2022-12-13 09:15:58,15,3000,200,0.707220,0.825361,0.000000,1.000000,Excellent,
ECG_CH2,4247,2022-12-13 09:15:58,2022-12-13 09:16:13,15,3000,200,0.606974,0.693841,0.000000,1.000000,Excellent,
ECG_CH2,4248,2022-12-13 09:16:13,2022-12-13 09:16:28,15,3000,200,0.734376,0.815614,0.000000,1.000000,Excellent,
ECG_CH2,4249,2022-12-13 09:16:28,2022-12-13 09:16:43,15,3000,200,0.647720,0.711782,0.000000,1.000000,Barely acceptable,
ECG_CH2,4250,2022-12-13 09:16:43,2022-12-13 09:16:58,15,3000,200,0.621743,0.716817,0.000000,1.000000,Excellent,
ECG_CH2,4251,2022-12-13 09:16:58,2022-12-13 09:17:13,15,3000,200,0.777094,0.836752,0.000000,1.000000,Excellent,
ECG_CH2,4252,2022-12-13 09:17:13,2022-12-13 09:17:28,15,3000,200,0.615014,0.630210,0.000000,1.000000,Excellent,
ECG_CH2,4253,2022-12-13 09:17:28,2022-12-13 09:17:43,15,3000,200,0.719056,0.778945,0.000000,1.000000,Barely acceptable,
ECG_CH2,4254,2022-12-13 09:17:43,2022-12-13 09:17:58,15,3000,200,0.634229,0.720367,0.000000,1.000000,Excellent,
ECG_CH2,4255,2022-12-13 09:17:58,2022-12-13 09:18:13,15,3000,200,0.663785,0.710353,0.000000,1.000000,Excellent,
ECG_CH2,4256,2022-12-13 09:18:13,2022-12-13 09:18:28,15,3000,200,0.612011,0.660962,0.000000,1.000000,Excellent,
ECG_CH2,4257,2022-12-13 09:18:28,2022-12-13 09:18:43,15,3000,200,0.827097,0.922520,0.000000,1.000000,Excellent,
ECG_CH2,4258,2022-12-13 09:18:43,2022-12-13 09:18:58,15,3000,200,0.739357,0.764438,0.000000,1.000000,Excellent,
ECG_CH2,4259,2022-12-13 09:18:58,2022-12-13 09:19:13,15,3000,200,0.806648,0.928363,0.000000,1.000000,Excellent,
ECG_CH2,4260,2022-12-13 09:19:13,2022-12-13 09:19:28,15,3000,200,0.688521,0.685114,0.000000,1.000000,Excellent,
ECG_CH2,4261,2022-12-13 09:19:28,2022-12-13 09:19:43,15,3000,200,0.673648,0.726528,0.000000,1.000000,Excellent,
ECG_CH2,4262,2022-12-13 09:19:43,2022-12-13 09:19:58,15,3000,200,0.629374,0.744038,0.000000,1.000000,Excellent,
ECG_CH2,4263,2022-12-13 09:19:58,2022-12-13 09:20:13,15,3000,200,0.844821,0.969471,0.000000,1.000000,Excellent,
ECG_CH2,4264,2022-12-13 09:20:13,2022-12-13 09:20:28,15,3000,200,0.815037,0.916749,0.000000,1.000000,Excellent,
ECG_CH2,4265,2022-12-13 09:20:28,2022-12-13 09:20:43,15,3000,200,0.604345,0.683395,0.000000,1.000000,Excellent,
ECG_CH2,4266,2022-12-13 09:20:43,2022-12-13 09:20:58,15,3000,200,0.603315,0.660557,0.000000,1.000000,Excellent,
ECG_CH2,4267,2022-12-13 09:20:58,2022-12-13 09:21:13,15,3000,200,0.660437,0.778924,0.000000,1.000000,Excellent,
ECG_CH2,4268,2022-12-13 09:21:13,2022-12-13 09:21:28,15,3000,200,0.669227,0.813368,0.000000,1.000000,Excellent,
ECG_CH2,4269,2022-12-13 09:21:28,2022-12-13 09:21:43,15,3000,200,0.691175,0.790925,0.000000,1.000000,Excellent,
ECG_CH2,4270,2022-12-13 09:21:43,2022-12-13 09:21:58,15,3000,200,0.673614,0.758117,0.000000,1.000000,Excellent,
ECG_CH2,4271,2022-12-13 09:21:58,2022-12-13 09:22:13,15,3000,200,0.692726,0.757167,0.000000,1.000000,Excellent,
ECG_CH2,4272,2022-12-13 09:22:13,2022-12-13 09:22:28,15,3000,200,0.746208,0.858673,0.000000,1.000000,Excellent,
ECG_CH2,4273,2022-12-13 09:22:28,2022-12-13 09:22:43,15,3000,200,0.636610,0.732650,0.000000,1.000000,Excellent,
ECG_CH2,4274,2022-12-13 09:22:43,2022-12-13 09:22:58,15,3000,200,0.838501,0.925686,0.000000,1.000000,Excellent,
ECG_CH2,4275,2022-12-13 09:22:58,2022-12-13 09:23:13,15,3000,200,0.860453,0.948692,0.000000,1.000000,Barely acceptable,
ECG_CH2,4276,2022-12-13 09:23:13,2022-12-13 09:23:28,15,3000,200,0.718271,0.768515,0.000000,1.000000,Barely acceptable,
ECG_CH2,4277,2022-12-13 09:23:28,2022-12-13 09:23:43,15,3000,200,0.781457,0.861913,0.000000,1.000000,Excellent,
ECG_CH2,4278,2022-12-13 09:23:43,2022-12-13 09:23:58,15,3000,200,0.693907,0.799803,0.000000,1.000000,Barely acceptable,
ECG_CH2,4279,2022-12-13 09:23:58,2022-12-13 09:24:13,15,3000,200,0.703194,0.797206,0.000000,1.000000,Excellent,
ECG_CH2,4280,2022-12-13 09:24:13,2022-12-13 09:24:28,15,3000,200,0.629518,0.605292,0.000000,1.000000,Excellent,
ECG_CH2,4281,2022-12-13 09:24:28,2022-12-13 09:24:43,15,3000,200,0.860041,0.947894,0.000000,1.000000,Barely acceptable,
ECG_CH2,4282,2022-12-13 09:24:43,2022-12-13 09:24:58,15,3000,200,0.846800,0.932225,0.000000,1.000000,Excellent,
ECG_CH2,4283,2022-12-13 09:24:58,2022-12-13 09:25:13,15,3000,200,0.733994,0.837473,0.000000,1.000000,Excellent,
ECG_CH2,4284,2022-12-13 09:25:13,2022-12-13 09:25:28,15,3000,200,0.718843,0.824317,0.000000,1.000000,Excellent,
ECG_CH2,4285,2022-12-13 09:25:28,2022-12-13 09:25:43,15,3000,200,0.590587,0.590052,0.000000,1.000000,Excellent,
ECG_CH2,4286,2022-12-13 09:25:43,2022-12-13 09:25:58,15,3000,200,0.589736,0.791543,0.000000,1.000000,Excellent,
ECG_CH2,4287,2022-12-13 09:25:58,2022-12-13 09:26:13,15,3000,200,0.740849,0.766373,0.000000,1.000000,Excellent,
ECG_CH2,4288,2022-12-13 09:26:13,2022-12-13 09:26:28,15,3000,200,0.683922,0.798963,0.000000,1.000000,Excellent,
ECG_CH2,4289,2022-12-13 09:26:28,2022-12-13 09:26:43,15,3000,200,0.634058,0.675971,0.000000,1.000000,Excellent,
ECG_CH2,4290,2022-12-13 09:26:43,2022-12-13 09:26:58,15,3000,200,0.547479,0.543494,0.000000,1.000000,Excellent,
ECG_CH2,4291,2022-12-13 09:26:58,2022-12-13 09:27:13,15,3000,200,0.740944,0.772508,0.000000,1.000000,Excellent,
ECG_CH2,4292,2022-12-13 09:27:13,2022-12-13 09:27:28,15,3000,200,0.808067,0.859500,0.000000,1.000000,Barely acceptable,
ECG_CH2,4293,2022-12-13 09:27:28,2022-12-13 09:27:43,15,3000,200,0.698156,0.774786,0.000000,1.000000,Excellent,
ECG_CH2,4294,2022-12-13 09:27:43,2022-12-13 09:27:58,15,3000,200,0.671976,0.685156,0.000000,1.000000,Excellent,
ECG_CH2,4295,2022-12-13 09:27:58,2022-12-13 09:28:13,15,3000,200,0.814916,0.901797,0.000000,1.000000,Barely acceptable,
ECG_CH2,4296,2022-12-13 09:28:13,2022-12-13 09:28:28,15,3000,200,0.559671,0.516366,0.000000,1.000000,Barely acceptable,
ECG_CH2,4297,2022-12-13 09:28:28,2022-12-13 09:28:43,15,3000,200,0.813530,0.892367,0.000000,1.000000,Excellent,
ECG_CH2,4298,2022-12-13 09:28:43,2022-12-13 09:28:58,15,3000,200,0.740845,0.816527,0.000000,1.000000,Barely acceptable,
ECG_CH2,4299,2022-12-13 09:28:58,2022-12-13 09:29:13,15,3000,200,0.632081,0.650961,0.000000,1.000000,Excellent,
ECG_CH2,4300,2022-12-13 09:29:13,2022-12-13 09:29:28,15,3000,200,0.465055,0.493759,0.000000,1.000000,Barely acceptable,
ECG_CH2,4301,2022-12-13 09:29:28,2022-12-13 09:29:43,15,3000,200,0.638579,0.739117,0.000000,1.000000,Excellent,
ECG_CH2,4302,2022-12-13 09:29:43,2022-12-13 09:29:58,15,3000,200,0.707523,0.689867,0.000000,1.000000,Excellent,
ECG_CH2,4303,2022-12-13 09:29:58,2022-12-13 09:30:13,15,3000,200,0.566021,0.519322,0.000000,1.000000,Excellent,
ECG_CH2,4304,2022-12-13 09:30:13,2022-12-13 09:30:28,15,3000,200,0.558974,0.630958,0.000000,1.000000,Excellent,
ECG_CH2,4305,2022-12-13 09:30:28,2022-12-13 09:30:43,15,3000,200,0.622322,0.766490,0.000000,1.000000,Excellent,
ECG_CH2,4306,2022-12-13 09:30:43,2022-12-13 09:30:58,15,3000,200,0.713599,0.755835,0.000000,1.000000,Barely acceptable,
ECG_CH2,4307,2022-12-13 09:30:58,2022-12-13 09:31:13,15,3000,200,0.738750,0.809578,0.000000,1.000000,Excellent,
ECG_CH2,4308,2022-12-13 09:31:13,2022-12-13 09:31:28,15,3000,200,0.737170,0.834162,0.000000,1.000000,Excellent,
ECG_CH2,4309,2022-12-13 09:31:28,2022-12-13 09:31:43,15,3000,200,0.781413,0.867131,0.000000,1.000000,Barely acceptable,
ECG_CH2,4310,2022-12-13 09:31:43,2022-12-13 09:31:58,15,3000,200,0.810375,0.927937,0.000000,1.000000,Barely acceptable,
ECG_CH2,4311,2022-12-13 09:31:58,2022-12-13 09:32:13,15,3000,200,0.802638,0.902634,0.000000,1.000000,Excellent,
ECG_CH2,4312,2022-12-13 09:32:13,2022-12-13 09:32:28,15,3000,200,0.671095,0.741498,0.000000,1.000000,Excellent,
ECG_CH2,4313,2022-12-13 09:32:28,2022-12-13 09:32:43,15,3000,200,0.631247,0.627111,0.000000,1.000000,Excellent,
ECG_CH2,4314,2022-12-13 09:32:43,2022-12-13 09:32:58,15,3000,200,0.647686,0.655426,0.000000,1.000000,Excellent,
ECG_CH2,4315,2022-12-13 09:32:58,2022-12-13 09:33:13,15,3000,200,0.551635,0.652516,0.000000,1.000000,Excellent,
ECG_CH2,4316,2022-12-13 09:33:13,2022-12-13 09:33:28,15,3000,200,0.611390,0.619179,0.000000,1.000000,Excellent,
ECG_CH2,4317,2022-12-13 09:33:28,2022-12-13 09:33:43,15,3000,200,0.640924,0.774677,0.000000,1.000000,Excellent,
ECG_CH2,4318,2022-12-13 09:33:43,2022-12-13 09:33:58,15,3000,200,0.661108,0.799112,0.000000,1.000000,Excellent,
ECG_CH2,4319,2022-12-13 09:33:58,2022-12-13 09:34:13,15,3000,200,0.717584,0.732063,0.000000,1.000000,Excellent,
ECG_CH2,4320,2022-12-13 09:34:13,2022-12-13 09:34:28,15,3000,200,0.572360,0.661850,0.000000,1.000000,Excellent,
ECG_CH2,4321,2022-12-13 09:34:28,2022-12-13 09:34:43,15,3000,200,0.585959,0.739749,0.000000,1.000000,Excellent,
ECG_CH2,4322,2022-12-13 09:34:43,2022-12-13 09:34:58,15,3000,200,0.664644,0.700937,0.000000,1.000000,Excellent,
ECG_CH2,4323,2022-12-13 09:34:58,2022-12-13 09:35:13,15,3000,200,0.847133,0.917239,0.000000,1.000000,Excellent,
ECG_CH2,4324,2022-12-13 09:35:13,2022-12-13 09:35:28,15,3000,200,0.619486,0.735422,0.000000,1.000000,Excellent,
ECG_CH2,4325,2022-12-13 09:35:28,2022-12-13 09:35:43,15,3000,200,0.764174,0.896261,0.000000,1.000000,Excellent,
ECG_CH2,4326,2022-12-13 09:35:43,2022-12-13 09:35:58,15,3000,200,0.487698,0.506410,0.000000,1.000000,Excellent,
ECG_CH2,4327,2022-12-13 09:35:58,2022-12-13 09:36:13,15,3000,200,0.590313,0.687152,0.000000,1.000000,Excellent,
ECG_CH2,4328,2022-12-13 09:36:13,2022-12-13 09:36:28,15,3000,200,0.608339,0.692460,0.000000,1.000000,Excellent,
ECG_CH2,4329,2022-12-13 09:36:28,2022-12-13 09:36:43,15,3000,200,0.697142,0.796824,0.000000,1.000000,Excellent,
ECG_CH2,4330,2022-12-13 09:36:43,2022-12-13 09:36:58,15,3000,200,0.556595,0.693487,0.000000,1.000000,Excellent,
ECG_CH2,4331,2022-12-13 09:36:58,2022-12-13 09:37:13,15,3000,200,0.728249,0.826831,0.000000,1.000000,Excellent,
ECG_CH2,4332,2022-12-13 09:37:13,2022-12-13 09:37:28,15,3000,200,0.717935,0.818730,0.000000,1.000000,Excellent,
ECG_CH2,4333,2022-12-13 09:37:28,2022-12-13 09:37:43,15,3000,200,0.760791,0.879200,0.000000,1.000000,Barely acceptable,
ECG_CH2,4334,2022-12-13 09:37:43,2022-12-13 09:37:58,15,3000,200,0.690116,0.792988,0.000000,1.000000,Excellent,
ECG_CH2,4335,2022-12-13 09:37:58,2022-12-13 09:38:13,15,3000,200,0.555059,0.633854,0.000000,1.000000,Excellent,
ECG_CH2,4336,2022-12-13 09:38:13,2022-12-13 09:38:28,15,3000,200,0.691800,0.701119,0.000000,1.000000,Barely acceptable,
ECG_CH2,4337,2022-12-13 09:38:28,2022-12-13 09:38:43,15,3000,200,0.686429,0.703260,0.000000,1.000000,Excellent,
ECG_CH2,4338,2022-12-13 09:38:43,2022-12-13 09:38:58,15,3000,200,0.683295,0.729290,0.000000,1.000000,Excellent,
ECG_CH2,4339,2022-12-13 09:38:58,2022-12-13 09:39:13,15,3000,200,0.671142,0.744805,0.000000,1.000000,Barely acceptable,
ECG_CH2,4340,2022-12-13 09:39:13,2022-12-13 09:39:28,15,3000,200,0.717046,0.761602,0.000000,1.000000,Barely acceptable,
ECG_CH2,4341,2022-12-13 09:39:28,2022-12-13 09:39:43,15,3000,200,0.850560,0.879441,0.000000,1.000000,Barely acceptable,
ECG_CH2,4342,2022-12-13 09:39:43,2022-12-13 09:39:58,15,3000,200,0.843611,0.923730,0.000000,1.000000,Barely acceptable,
ECG_CH2,4343,2022-12-13 09:39:58,2022-12-13 09:40:13,15,3000,200,0.812851,0.906087,0.000000,1.000000,Barely acceptable,
ECG_CH2,4344,2022-12-13 09:40:13,2022-12-13 09:40:28,15,3000,200,0.569366,0.626735,0.000000,1.000000,Barely acceptable,
ECG_CH2,4345,2022-12-13 09:40:28,2022-12-13 09:40:43,15,3000,200,0.671101,0.845259,0.000000,1.000000,Barely acceptable,
ECG_CH2,4346,2022-12-13 09:40:43,2022-12-13 09:40:58,15,3000,200,0.799688,0.885034,0.000000,1.000000,Excellent,
ECG_CH2,4347,2022-12-13 09:40:58,2022-12-13 09:41:13,15,3000,200,0.846928,0.947432,0.000000,1.000000,Excellent,
ECG_CH2,4348,2022-12-13 09:41:13,2022-12-13 09:41:28,15,3000,200,0.643348,0.725790,0.000000,1.000000,Excellent,
ECG_CH2,4349,2022-12-13 09:41:28,2022-12-13 09:41:43,15,3000,200,0.666555,0.795469,0.000000,1.000000,Barely acceptable,
ECG_CH2,4350,2022-12-13 09:41:43,2022-12-13 09:41:58,15,3000,200,0.640112,0.715089,0.000000,1.000000,Excellent,
ECG_CH2,4351,2022-12-13 09:41:58,2022-12-13 09:42:13,15,3000,200,0.816350,0.910472,0.000000,1.000000,Barely acceptable,
ECG_CH2,4352,2022-12-13 09:42:13,2022-12-13 09:42:28,15,3000,200,0.657765,0.713529,0.000000,1.000000,Excellent,
ECG_CH2,4353,2022-12-13 09:42:28,2022-12-13 09:42:43,15,3000,200,0.712991,0.837691,0.000000,1.000000,Excellent,
ECG_CH2,4354,2022-12-13 09:42:43,2022-12-13 09:42:58,15,3000,200,0.566596,0.623693,0.000000,1.000000,Excellent,
ECG_CH2,4355,2022-12-13 09:42:58,2022-12-13 09:43:13,15,3000,200,0.512192,0.625545,0.000000,1.000000,Excellent,
ECG_CH2,4356,2022-12-13 09:43:13,2022-12-13 09:43:28,15,3000,200,0.565162,0.591944,0.000000,1.000000,Excellent,
ECG_CH2,4357,2022-12-13 09:43:28,2022-12-13 09:43:43,15,3000,200,0.684781,0.754361,0.000000,1.000000,Barely acceptable,
ECG_CH2,4358,2022-12-13 09:43:43,2022-12-13 09:43:58,15,3000,200,0.697201,0.867286,0.000000,1.000000,Barely acceptable,
ECG_CH2,4359,2022-12-13 09:43:58,2022-12-13 09:44:13,15,3000,200,0.799574,0.905568,0.000000,1.000000,Excellent,
ECG_CH2,4360,2022-12-13 09:44:13,2022-12-13 09:44:28,15,3000,200,0.603923,0.688459,0.000000,1.000000,Excellent,
ECG_CH2,4361,2022-12-13 09:44:28,2022-12-13 09:44:43,15,3000,200,0.767219,0.867934,0.000000,1.000000,Excellent,
ECG_CH2,4362,2022-12-13 09:44:43,2022-12-13 09:44:58,15,3000,200,0.721511,0.825584,0.000000,1.000000,Excellent,
ECG_CH2,4363,2022-12-13 09:44:58,2022-12-13 09:45:13,15,3000,200,0.808645,0.912212,0.000000,1.000000,Excellent,
ECG_CH2,4364,2022-12-13 09:45:13,2022-12-13 09:45:28,15,3000,200,0.769807,0.936558,0.000000,1.000000,Barely acceptable,
ECG_CH2,4365,2022-12-13 09:45:28,2022-12-13 09:45:43,15,3000,200,0.541053,0.503027,0.000000,1.000000,Excellent,
ECG_CH2,4366,2022-12-13 09:45:43,2022-12-13 09:45:58,15,3000,200,0.592689,0.679193,0.000000,1.000000,Excellent,
ECG_CH2,4367,2022-12-13 09:45:58,2022-12-13 09:46:13,15,3000,200,0.451804,0.477676,0.000000,1.000000,Excellent,
ECG_CH2,4368,2022-12-13 09:46:13,2022-12-13 09:46:28,15,3000,200,0.727658,0.862992,0.000000,1.000000,Excellent,
ECG_CH2,4369,2022-12-13 09:46:28,2022-12-13 09:46:43,15,3000,200,0.619795,0.716665,0.000000,1.000000,Excellent,
ECG_CH2,4370,2022-12-13 09:46:43,2022-12-13 09:46:58,15,3000,200,0.841166,0.925532,0.000000,1.000000,Excellent,
ECG_CH2,4371,2022-12-13 09:46:58,2022-12-13 09:47:13,15,3000,200,0.760110,0.837501,0.000000,1.000000,Barely acceptable,
ECG_CH2,4372,2022-12-13 09:47:13,2022-12-13 09:47:28,15,3000,200,0.647009,0.725879,0.000000,1.000000,Excellent,
ECG_CH2,4373,2022-12-13 09:47:28,2022-12-13 09:47:43,15,3000,200,0.632794,0.647744,0.000000,1.000000,Excellent,
ECG_CH2,4374,2022-12-13 09:47:43,2022-12-13 09:47:58,15,3000,200,0.646177,0.756065,0.000000,1.000000,Excellent,
ECG_CH2,4375,2022-12-13 09:47:58,2022-12-13 09:48:13,15,3000,200,0.769292,0.903268,0.000000,1.000000,Excellent,
ECG_CH2,4376,2022-12-13 09:48:13,2022-12-13 09:48:28,15,3000,200,0.666841,0.746335,0.000000,1.000000,Excellent,
ECG_CH2,4377,2022-12-13 09:48:28,2022-12-13 09:48:43,15,3000,200,0.659507,0.817063,0.000000,1.000000,Excellent,
ECG_CH2,4378,2022-12-13 09:48:43,2022-12-13 09:48:58,15,3000,200,0.729568,0.826535,0.000000,1.000000,Excellent,
ECG_CH2,4379,2022-12-13 09:48:58,2022-12-13 09:49:13,15,3000,200,0.620447,0.795874,0.000000,1.000000,Excellent,
ECG_CH2,4380,2022-12-13 09:49:13,2022-12-13 09:49:28,15,3000,200,0.554915,0.621084,0.000000,1.000000,Excellent,
ECG_CH2,4381,2022-12-13 09:49:28,2022-12-13 09:49:43,15,3000,200,0.743932,0.843195,0.000000,1.000000,Excellent,
ECG_CH2,4382,2022-12-13 09:49:43,2022-12-13 09:49:58,15,3000,200,0.821036,0.921515,0.000000,1.000000,Excellent,
ECG_CH2,4383,2022-12-13 09:49:58,2022-12-13 09:50:13,15,3000,200,0.549375,0.660194,0.000000,1.000000,Excellent,
ECG_CH2,4384,2022-12-13 09:50:13,2022-12-13 09:50:28,15,3000,200,0.661127,0.758278,0.000000,1.000000,Excellent,
ECG_CH2,4385,2022-12-13 09:50:28,2022-12-13 09:50:43,15,3000,200,0.746423,0.851385,0.000000,1.000000,Excellent,
ECG_CH2,4386,2022-12-13 09:50:43,2022-12-13 09:50:58,15,3000,200,0.672500,0.720209,0.000000,1.000000,Barely acceptable,
ECG_CH2,4387,2022-12-13 09:50:58,2022-12-13 09:51:13,15,3000,200,0.551398,0.678901,0.000000,1.000000,Excellent,
ECG_CH2,4388,2022-12-13 09:51:13,2022-12-13 09:51:28,15,3000,200,0.772905,0.861533,0.000000,1.000000,Excellent,
ECG_CH2,4389,2022-12-13 09:51:28,2022-12-13 09:51:43,15,3000,200,0.796483,0.866498,0.000000,1.000000,Excellent,
ECG_CH2,4390,2022-12-13 09:51:43,2022-12-13 09:51:58,15,3000,200,0.828711,0.921867,0.000000,1.000000,Excellent,
ECG_CH2,4391,2022-12-13 09:51:58,2022-12-13 09:52:13,15,3000,200,0.584860,0.594560,0.000000,1.000000,Excellent,
ECG_CH2,4392,2022-12-13 09:52:13,2022-12-13 09:52:28,15,3000,200,0.727730,0.816989,0.000000,1.000000,Excellent,
ECG_CH2,4393,2022-12-13 09:52:28,2022-12-13 09:52:43,15,3000,200,0.645025,0.721144,0.000000,1.000000,Excellent,
ECG_CH2,4394,2022-12-13 09:52:43,2022-12-13 09:52:58,15,3000,200,0.598019,0.617494,0.000000,1.000000,Excellent,
ECG_CH2,4395,2022-12-13 09:52:58,2022-12-13 09:53:13,15,3000,200,0.749371,0.898902,0.000000,1.000000,Excellent,
ECG_CH2,4396,2022-12-13 09:53:13,2022-12-13 09:53:28,15,3000,200,0.693010,0.786585,0.000000,1.000000,Excellent,
ECG_CH2,4397,2022-12-13 09:53:28,2022-12-13 09:53:43,15,3000,200,0.785902,0.886056,0.000000,1.000000,Excellent,
ECG_CH2,4398,2022-12-13 09:53:43,2022-12-13 09:53:58,15,3000,200,0.755696,0.887456,0.000000,1.000000,Barely acceptable,
ECG_CH2,4399,2022-12-13 09:53:58,2022-12-13 09:54:13,15,3000,200,0.843616,0.889033,0.000000,1.000000,Barely acceptable,
ECG_CH2,4400,2022-12-13 09:54:13,2022-12-13 09:54:28,15,3000,200,0.687964,0.736762,0.000000,1.000000,Barely acceptable,
ECG_CH2,4401,2022-12-13 09:54:28,2022-12-13 09:54:43,15,3000,200,0.614501,0.658792,0.000000,1.000000,Barely acceptable,
ECG_CH2,4402,2022-12-13 09:54:43,2022-12-13 09:54:58,15,3000,200,0.766974,0.830714,0.000000,1.000000,Barely acceptable,
ECG_CH2,4403,2022-12-13 09:54:58,2022-12-13 09:55:13,15,3000,200,0.837985,0.872055,0.000000,1.000000,Barely acceptable,
ECG_CH2,4404,2022-12-13 09:55:13,2022-12-13 09:55:28,15,3000,200,0.690261,0.826617,0.000000,1.000000,Barely acceptable,
ECG_CH2,4405,2022-12-13 09:55:28,2022-12-13 09:55:43,15,3000,200,0.745939,0.796856,0.000000,1.000000,Barely acceptable,
ECG_CH2,4406,2022-12-13 09:55:43,2022-12-13 09:55:58,15,3000,200,0.817008,0.824205,0.000000,1.000000,Barely acceptable,
ECG_CH2,4407,2022-12-13 09:55:58,2022-12-13 09:56:13,15,3000,200,0.805641,0.844789,0.000000,1.000000,Barely acceptable,
ECG_CH2,4408,2022-12-13 09:56:13,2022-12-13 09:56:28,15,3000,200,0.500757,0.483088,0.000000,1.000000,Excellent,
ECG_CH2,4409,2022-12-13 09:56:28,2022-12-13 09:56:43,15,3000,200,0.784849,0.816236,0.000000,1.000000,Barely acceptable,
ECG_CH2,4410,2022-12-13 09:56:43,2022-12-13 09:56:58,15,3000,200,0.821769,0.924179,0.000000,1.000000,Barely acceptable,
ECG_CH2,4411,2022-12-13 09:56:58,2022-12-13 09:57:13,15,3000,200,0.781297,0.906301,0.000000,1.000000,Barely acceptable,
ECG_CH2,4412,2022-12-13 09:57:13,2022-12-13 09:57:28,15,3000,200,0.538674,0.659417,0.000000,1.000000,Barely acceptable,
ECG_CH2,4413,2022-12-13 09:57:28,2022-12-13 09:57:43,15,3000,200,0.813318,0.873520,0.000000,1.000000,Barely acceptable,
ECG_CH2,4414,2022-12-13 09:57:43,2022-12-13 09:57:58,15,3000,200,0.750480,0.842197,0.000000,1.000000,Barely acceptable,
ECG_CH2,4415,2022-12-13 09:57:58,2022-12-13 09:58:13,15,3000,200,0.716074,0.846708,0.000000,1.000000,Excellent,
ECG_CH2,4416,2022-12-13 09:58:13,2022-12-13 09:58:28,15,3000,200,0.681154,0.648723,0.000000,1.000000,Barely acceptable,
ECG_CH2,4417,2022-12-13 09:58:28,2022-12-13 09:58:43,15,3000,200,0.541680,0.629362,0.000000,1.000000,Barely acceptable,
ECG_CH2,4418,2022-12-13 09:58:43,2022-12-13 09:58:58,15,3000,200,0.615442,0.577550,0.000000,1.000000,Barely acceptable,
ECG_CH2,4419,2022-12-13 09:58:58,2022-12-13 09:59:13,15,3000,200,0.762583,0.863347,0.000000,1.000000,Barely acceptable,
ECG_CH2,4420,2022-12-13 09:59:13,2022-12-13 09:59:28,15,3000,200,0.707805,0.771413,0.000000,1.000000,Barely acceptable,
ECG_CH2,4421,2022-12-13 09:59:28,2022-12-13 09:59:43,15,3000,200,0.738758,0.816749,0.000000,1.000000,Barely acceptable,
ECG_CH2,4422,2022-12-13 09:59:43,2022-12-13 09:59:58,15,3000,200,0.823008,0.939491,0.000000,1.000000,Excellent,
ECG_CH2,4423,2022-12-13 09:59:58,2022-12-13 10:00:13,15,3000,200,0.725173,0.880642,0.000000,1.000000,Excellent,
ECG_CH2,4424,2022-12-13 10:00:13,2022-12-13 10:00:28,15,3000,200,0.410962,0.330428,0.000000,1.000000,Excellent,
ECG_CH2,4425,2022-12-13 10:00:28,2022-12-13 10:00:43,15,3000,200,0.607136,0.724363,0.000000,1.000000,Excellent,
ECG_CH2,4426,2022-12-13 10:00:43,2022-12-13 10:00:58,15,3000,200,0.650755,0.775621,0.000000,1.000000,Barely acceptable,
ECG_CH2,4427,2022-12-13 10:00:58,2022-12-13 10:01:13,15,3000,200,0.617702,0.704089,0.000000,1.000000,Excellent,
ECG_CH2,4428,2022-12-13 10:01:13,2022-12-13 10:01:28,15,3000,200,0.547045,0.527245,0.000000,1.000000,Barely acceptable,
ECG_CH2,4429,2022-12-13 10:01:28,2022-12-13 10:01:43,15,3000,200,0.531543,0.551723,0.000000,1.000000,Excellent,
ECG_CH2,4430,2022-12-13 10:01:43,2022-12-13 10:01:58,15,3000,200,0.764068,0.809519,0.000000,1.000000,Excellent,
ECG_CH2,4431,2022-12-13 10:01:58,2022-12-13 10:02:13,15,3000,200,0.659583,0.718574,0.000000,1.000000,Excellent,
ECG_CH2,4432,2022-12-13 10:02:13,2022-12-13 10:02:28,15,3000,200,0.738851,0.815219,0.000000,1.000000,Barely acceptable,
ECG_CH2,4433,2022-12-13 10:02:28,2022-12-13 10:02:43,15,3000,200,0.598117,0.691601,0.000000,1.000000,Barely acceptable,
ECG_CH2,4434,2022-12-13 10:02:43,2022-12-13 10:02:58,15,3000,200,0.680599,0.787526,0.000000,1.000000,Barely acceptable,
ECG_CH2,4435,2022-12-13 10:02:58,2022-12-13 10:03:13,15,3000,200,0.651728,0.716401,0.000000,1.000000,Excellent,
ECG_CH2,4436,2022-12-13 10:03:13,2022-12-13 10:03:28,15,3000,200,0.793367,0.890762,0.000000,1.000000,Excellent,
ECG_CH2,4437,2022-12-13 10:03:28,2022-12-13 10:03:43,15,3000,200,0.746610,0.900139,0.000000,1.000000,Barely acceptable,
ECG_CH2,4438,2022-12-13 10:03:43,2022-12-13 10:03:58,15,3000,200,0.817536,0.941400,0.000000,1.000000,Excellent,
ECG_CH2,4439,2022-12-13 10:03:58,2022-12-13 10:04:13,15,3000,200,0.478089,0.498406,0.000000,1.000000,Barely acceptable,
ECG_CH2,4440,2022-12-13 10:04:13,2022-12-13 10:04:28,15,3000,200,0.794635,0.882627,0.000000,1.000000,Excellent,
ECG_CH2,4441,2022-12-13 10:04:28,2022-12-13 10:04:43,15,3000,200,0.836815,0.900483,0.000000,1.000000,Barely acceptable,
ECG_CH2,4442,2022-12-13 10:04:43,2022-12-13 10:04:58,15,3000,200,0.686628,0.779509,0.000000,1.000000,Excellent,
ECG_CH2,4443,2022-12-13 10:04:58,2022-12-13 10:05:13,15,3000,200,0.769937,0.811334,0.000000,1.000000,Excellent,
ECG_CH2,4444,2022-12-13 10:05:13,2022-12-13 10:05:28,15,3000,200,0.755763,0.800173,0.000000,1.000000,Excellent,
ECG_CH2,4445,2022-12-13 10:05:28,2022-12-13 10:05:43,15,3000,200,0.724822,0.788847,0.000000,1.000000,Excellent,
ECG_CH2,4446,2022-12-13 10:05:43,2022-12-13 10:05:58,15,3000,200,0.784556,0.850849,0.000000,1.000000,Barely acceptable,
ECG_CH2,4447,2022-12-13 10:05:58,2022-12-13 10:06:13,15,3000,200,0.767170,0.880543,0.000000,1.000000,Excellent,
ECG_CH2,4448,2022-12-13 10:06:13,2022-12-13 10:06:28,15,3000,200,0.642115,0.607734,0.000000,1.000000,Excellent,
ECG_CH2,4449,2022-12-13 10:06:28,2022-12-13 10:06:43,15,3000,200,0.676356,0.738799,0.000000,1.000000,Barely acceptable,
ECG_CH2,4450,2022-12-13 10:06:43,2022-12-13 10:06:58,15,3000,200,0.580690,0.505075,0.000000,1.000000,Excellent,
ECG_CH2,4451,2022-12-13 10:06:58,2022-12-13 10:07:13,15,3000,200,0.628914,0.789293,0.000000,1.000000,Excellent,
ECG_CH2,4452,2022-12-13 10:07:13,2022-12-13 10:07:28,15,3000,200,0.560027,0.614949,0.000000,1.000000,Excellent,
ECG_CH2,4453,2022-12-13 10:07:28,2022-12-13 10:07:43,15,3000,200,0.743332,0.760528,0.000000,1.000000,Barely acceptable,
ECG_CH2,4454,2022-12-13 10:07:43,2022-12-13 10:07:58,15,3000,200,0.639225,0.763622,0.000000,1.000000,Barely acceptable,
ECG_CH2,4455,2022-12-13 10:07:58,2022-12-13 10:08:13,15,3000,200,0.676803,0.741538,0.000000,1.000000,Barely acceptable,
ECG_CH2,4456,2022-12-13 10:08:13,2022-12-13 10:08:28,15,3000,200,0.739573,0.830154,0.000000,1.000000,Barely acceptable,
ECG_CH2,4457,2022-12-13 10:08:28,2022-12-13 10:08:43,15,3000,200,0.634414,0.752985,0.000000,1.000000,Barely acceptable,
ECG_CH2,4458,2022-12-13 10:08:43,2022-12-13 10:08:58,15,3000,200,0.710805,0.686015,0.000000,1.000000,Barely acceptable,
ECG_CH2,4459,2022-12-13 10:08:58,2022-12-13 10:09:13,15,3000,200,0.638323,0.774581,0.000000,1.000000,Barely acceptable,
ECG_CH2,4460,2022-12-13 10:09:13,2022-12-13 10:09:28,15,3000,200,0.681317,0.746415,0.000000,1.000000,Excellent,
ECG_CH2,4461,2022-12-13 10:09:28,2022-12-13 10:09:43,15,3000,200,0.771821,0.838179,0.000000,1.000000,Excellent,
ECG_CH2,4462,2022-12-13 10:09:43,2022-12-13 10:09:58,15,3000,200,0.781254,0.842170,0.000000,1.000000,Barely acceptable,
ECG_CH2,4463,2022-12-13 10:09:58,2022-12-13 10:10:13,15,3000,200,0.600670,0.589675,0.000000,1.000000,Barely acceptable,
ECG_CH2,4464,2022-12-13 10:10:13,2022-12-13 10:10:28,15,3000,200,0.727668,0.803602,0.000000,1.000000,Barely acceptable,
ECG_CH2,4465,2022-12-13 10:10:28,2022-12-13 10:10:43,15,3000,200,0.639172,0.697679,0.000000,1.000000,Barely acceptable,
ECG_CH2,4466,2022-12-13 10:10:43,2022-12-13 10:10:58,15,3000,200,0.649775,0.748701,0.000000,1.000000,Barely acceptable,
ECG_CH2,4467,2022-12-13 10:10:58,2022-12-13 10:11:13,15,3000,200,0.655010,0.763337,0.000000,1.000000,Excellent,
ECG_CH2,4468,2022-12-13 10:11:13,2022-12-13 10:11:28,15,3000,200,0.555526,0.730304,0.000000,1.000000,Barely acceptable,
ECG_CH2,4469,2022-12-13 10:11:28,2022-12-13 10:11:43,15,3000,200,0.747132,0.937479,0.000000,1.000000,Barely acceptable,
ECG_CH2,4470,2022-12-13 10:11:43,2022-12-13 10:11:58,15,3000,200,0.669917,0.816435,0.000000,1.000000,Excellent,
ECG_CH2,4471,2022-12-13 10:11:58,2022-12-13 10:12:13,15,3000,200,0.660743,0.680060,0.000000,1.000000,Barely acceptable,
ECG_CH2,4472,2022-12-13 10:12:13,2022-12-13 10:12:28,15,3000,200,0.615631,0.672291,0.000000,1.000000,Barely acceptable,
ECG_CH2,4473,2022-12-13 10:12:28,2022-12-13 10:12:43,15,3000,200,0.575390,0.686287,0.000000,1.000000,Excellent,
ECG_CH2,4474,2022-12-13 10:12:43,2022-12-13 10:12:58,15,3000,200,0.533247,0.582491,0.000000,1.000000,Excellent,
ECG_CH2,4475,2022-12-13 10:12:58,2022-12-13 10:13:13,15,3000,200,0.777056,0.872791,0.000000,1.000000,Barely acceptable,
ECG_CH2,4476,2022-12-13 10:13:13,2022-12-13 10:13:28,15,3000,200,0.651837,0.703795,0.000000,1.000000,Excellent,
ECG_CH2,4477,2022-12-13 10:13:28,2022-12-13 10:13:43,15,3000,200,0.602096,0.530415,0.000000,1.000000,Excellent,
ECG_CH2,4478,2022-12-13 10:13:43,2022-12-13 10:13:58,15,3000,200,0.679442,0.800257,0.000000,1.000000,Barely acceptable,
ECG_CH2,4479,2022-12-13 10:13:58,2022-12-13 10:14:13,15,3000,200,0.619527,0.755539,0.000000,1.000000,Excellent,
ECG_CH2,4480,2022-12-13 10:14:13,2022-12-13 10:14:28,15,3000,200,0.611461,0.670922,0.000000,1.000000,Barely acceptable,
ECG_CH2,4481,2022-12-13 10:14:28,2022-12-13 10:14:43,15,3000,200,0.744525,0.804288,0.000000,1.000000,Barely acceptable,
ECG_CH2,4482,2022-12-13 10:14:43,2022-12-13 10:14:58,15,3000,200,0.472296,0.417746,0.000000,1.000000,Excellent,
ECG_CH2,4483,2022-12-13 10:14:58,2022-12-13 10:15:13,15,3000,200,0.784032,0.809165,0.000000,1.000000,Barely acceptable,
ECG_CH2,4484,2022-12-13 10:15:13,2022-12-13 10:15:28,15,3000,200,0.615823,0.803715,0.000000,1.000000,Barely acceptable,
ECG_CH2,4485,2022-12-13 10:15:28,2022-12-13 10:15:43,15,3000,200,0.689060,0.774279,0.000000,1.000000,Barely acceptable,
ECG_CH2,4486,2022-12-13 10:15:43,2022-12-13 10:15:58,15,3000,200,0.594152,0.624455,0.000000,1.000000,Barely acceptable,
ECG_CH2,4487,2022-12-13 10:15:58,2022-12-13 10:16:13,15,3000,200,0.631224,0.705853,0.000000,1.000000,Barely acceptable,
ECG_CH2,4488,2022-12-13 10:16:13,2022-12-13 10:16:28,15,3000,200,0.795508,0.888556,0.000000,1.000000,Unacceptable,
ECG_CH2,4489,2022-12-13 10:16:28,2022-12-13 10:16:43,15,3000,200,0.655656,0.696685,0.000000,1.000000,Excellent,
ECG_CH2,4490,2022-12-13 10:16:43,2022-12-13 10:16:58,15,3000,200,0.519805,0.498534,0.000000,1.000000,Excellent,
ECG_CH2,4491,2022-12-13 10:16:58,2022-12-13 10:17:13,15,3000,200,0.439802,0.505492,0.000000,1.000000,Excellent,
ECG_CH2,4492,2022-12-13 10:17:13,2022-12-13 10:17:28,15,3000,200,0.775530,0.879357,0.000000,1.000000,Barely acceptable,
ECG_CH2,4493,2022-12-13 10:17:28,2022-12-13 10:17:43,15,3000,200,0.783019,0.935153,0.000000,1.000000,Barely acceptable,
ECG_CH2,4494,2022-12-13 10:17:43,2022-12-13 10:17:58,15,3000,200,0.574725,0.686159,0.000000,1.000000,Barely acceptable,
ECG_CH2,4495,2022-12-13 10:17:58,2022-12-13 10:18:13,15,3000,200,0.736926,0.884104,0.000000,1.000000,Barely acceptable,
ECG_CH2,4496,2022-12-13 10:18:13,2022-12-13 10:18:28,15,3000,200,0.808891,0.887510,0.000000,1.000000,Barely acceptable,
ECG_CH2,4497,2022-12-13 10:18:28,2022-12-13 10:18:43,15,3000,200,0.748692,0.824924,0.000000,1.000000,Barely acceptable,
ECG_CH2,4498,2022-12-13 10:18:43,2022-12-13 10:18:58,15,3000,200,0.543624,0.700836,0.000000,1.000000,Barely acceptable,
ECG_CH2,4499,2022-12-13 10:18:58,2022-12-13 10:19:13,15,3000,200,0.505095,0.522438,0.000000,1.000000,Barely acceptable,
ECG_CH2,4500,2022-12-13 10:19:13,2022-12-13 10:19:28,15,3000,200,0.425571,0.174019,0.000000,1.000000,Barely acceptable,
ECG_CH2,4501,2022-12-13 10:19:28,2022-12-13 10:19:43,15,3000,200,0.533775,0.497814,0.000000,1.000000,Barely acceptable,
ECG_CH2,4502,2022-12-13 10:19:43,2022-12-13 10:19:58,15,3000,200,0.532869,0.550889,0.000000,1.000000,Barely acceptable,
ECG_CH2,4503,2022-12-13 10:19:58,2022-12-13 10:20:13,15,3000,200,0.470831,0.577701,0.000000,1.000000,Barely acceptable,
ECG_CH2,4504,2022-12-13 10:20:13,2022-12-13 10:20:28,15,3000,200,0.766372,0.872590,0.000000,1.000000,Excellent,
ECG_CH2,4505,2022-12-13 10:20:28,2022-12-13 10:20:43,15,3000,200,0.707491,0.719747,0.000000,1.000000,Barely acceptable,
ECG_CH2,4506,2022-12-13 10:20:43,2022-12-13 10:20:58,15,3000,200,0.573199,0.754771,0.000000,1.000000,Barely acceptable,
ECG_CH2,4507,2022-12-13 10:20:58,2022-12-13 10:21:13,15,3000,200,0.590950,0.594151,0.000000,1.000000,Barely acceptable,
ECG_CH2,4508,2022-12-13 10:21:13,2022-12-13 10:21:28,15,3000,200,0.523249,0.484423,0.000000,1.000000,Excellent,
ECG_CH2,4509,2022-12-13 10:21:28,2022-12-13 10:21:43,15,3000,200,0.636604,0.653150,0.000000,1.000000,Barely acceptable,
ECG_CH2,4510,2022-12-13 10:21:43,2022-12-13 10:21:58,15,3000,200,0.487732,0.517582,0.000000,1.000000,Barely acceptable,
ECG_CH2,4511,2022-12-13 10:21:58,2022-12-13 10:22:13,15,3000,200,0.778127,0.830165,0.000000,1.000000,Excellent,
ECG_CH2,4512,2022-12-13 10:22:13,2022-12-13 10:22:28,15,3000,200,0.620446,0.641848,0.000000,1.000000,Barely acceptable,
ECG_CH2,4513,2022-12-13 10:22:28,2022-12-13 10:22:43,15,3000,200,0.609719,0.704863,0.000000,1.000000,Excellent,
ECG_CH2,4514,2022-12-13 10:22:43,2022-12-13 10:22:58,15,3000,200,0.810258,0.932912,0.000000,1.000000,Excellent,
ECG_CH2,4515,2022-12-13 10:22:58,2022-12-13 10:23:13,15,3000,200,0.784448,0.785739,0.000000,1.000000,Excellent,
ECG_CH2,4516,2022-12-13 10:23:13,2022-12-13 10:23:28,15,3000,200,0.781325,0.865860,0.000000,1.000000,Excellent,
ECG_CH2,4517,2022-12-13 10:23:28,2022-12-13 10:23:43,15,3000,200,0.753839,0.802889,0.000000,1.000000,Barely acceptable,
ECG_CH2,4518,2022-12-13 10:23:43,2022-12-13 10:23:58,15,3000,200,0.557215,0.552247,0.000000,1.000000,Excellent,
ECG_CH2,4519,2022-12-13 10:23:58,2022-12-13 10:24:13,15,3000,200,0.783275,0.931757,0.000000,1.000000,Barely acceptable,
ECG_CH2,4520,2022-12-13 10:24:13,2022-12-13 10:24:28,15,3000,200,0.610580,0.697018,0.000000,1.000000,Excellent,
ECG_CH2,4521,2022-12-13 10:24:28,2022-12-13 10:24:43,15,3000,200,0.519614,0.551798,0.000000,1.000000,Excellent,
ECG_CH2,4522,2022-12-13 10:24:43,2022-12-13 10:24:58,15,3000,200,0.584207,0.527487,0.000000,1.000000,Barely acceptable,
ECG_CH2,4523,2022-12-13 10:24:58,2022-12-13 10:25:13,15,3000,200,0.646227,0.826765,0.000000,1.000000,Excellent,
ECG_CH2,4524,2022-12-13 10:25:13,2022-12-13 10:25:28,15,3000,200,0.671534,0.745141,0.000000,1.000000,Excellent,
ECG_CH2,4525,2022-12-13 10:25:28,2022-12-13 10:25:43,15,3000,200,0.534847,0.790380,0.000000,1.000000,Barely acceptable,
ECG_CH2,4526,2022-12-13 10:25:43,2022-12-13 10:25:58,15,3000,200,0.498966,0.513752,0.000000,1.000000,Excellent,
ECG_CH2,4527,2022-12-13 10:25:58,2022-12-13 10:26:13,15,3000,200,0.726359,0.737990,0.000000,1.000000,Barely acceptable,
ECG_CH2,4528,2022-12-13 10:26:13,2022-12-13 10:26:28,15,3000,200,0.709512,0.807899,0.000000,1.000000,Excellent,
ECG_CH2,4529,2022-12-13 10:26:28,2022-12-13 10:26:43,15,3000,200,0.626480,0.699484,0.000000,1.000000,Excellent,
ECG_CH2,4530,2022-12-13 10:26:43,2022-12-13 10:26:58,15,3000,200,0.734780,0.826031,0.000000,1.000000,Barely acceptable,
ECG_CH2,4531,2022-12-13 10:26:58,2022-12-13 10:27:13,15,3000,200,0.426058,0.507696,0.000000,1.000000,Excellent,
ECG_CH2,4532,2022-12-13 10:27:13,2022-12-13 10:27:28,15,3000,200,0.564119,0.523784,0.000000,1.000000,Excellent,
ECG_CH2,4533,2022-12-13 10:27:28,2022-12-13 10:27:43,15,3000,200,0.726199,0.792421,0.000000,1.000000,Excellent,
ECG_CH2,4534,2022-12-13 10:27:43,2022-12-13 10:27:58,15,3000,200,0.554376,0.496262,0.000000,1.000000,Excellent,
ECG_CH2,4535,2022-12-13 10:27:58,2022-12-13 10:28:13,15,3000,200,0.595601,0.636831,0.000000,1.000000,Excellent,
ECG_CH2,4536,2022-12-13 10:28:13,2022-12-13 10:28:28,15,3000,200,0.763379,0.853098,0.000000,1.000000,Excellent,
ECG_CH2,4537,2022-12-13 10:28:28,2022-12-13 10:28:43,15,3000,200,0.681747,0.750458,0.000000,1.000000,Excellent,
ECG_CH2,4538,2022-12-13 10:28:43,2022-12-13 10:28:58,15,3000,200,0.525819,0.569640,0.000000,1.000000,Barely acceptable,
ECG_CH2,4539,2022-12-13 10:28:58,2022-12-13 10:29:13,15,3000,200,0.611690,0.639697,0.000000,1.000000,Excellent,
ECG_CH2,4540,2022-12-13 10:29:13,2022-12-13 10:29:28,15,3000,200,0.651415,0.761542,0.000000,1.000000,Barely acceptable,
ECG_CH2,4541,2022-12-13 10:29:28,2022-12-13 10:29:43,15,3000,200,0.698303,0.766136,0.000000,1.000000,Excellent,
ECG_CH2,4542,2022-12-13 10:29:43,2022-12-13 10:29:58,15,3000,200,0.787047,0.845767,0.000000,1.000000,Barely acceptable,
ECG_CH2,4543,2022-12-13 10:29:58,2022-12-13 10:30:13,15,3000,200,0.851468,0.940977,0.000000,1.000000,Excellent,
ECG_CH2,4544,2022-12-13 10:30:13,2022-12-13 10:30:28,15,3000,200,0.548868,0.601732,0.000000,1.000000,Excellent,
ECG_CH2,4545,2022-12-13 10:30:28,2022-12-13 10:30:43,15,3000,200,0.731111,0.809764,0.000000,1.000000,Excellent,
ECG_CH2,4546,2022-12-13 10:30:43,2022-12-13 10:30:58,15,3000,200,0.813706,0.934106,0.000000,1.000000,Excellent,
ECG_CH2,4547,2022-12-13 10:30:58,2022-12-13 10:31:13,15,3000,200,0.807476,0.896496,0.000000,1.000000,Excellent,
ECG_CH2,4548,2022-12-13 10:31:13,2022-12-13 10:31:28,15,3000,200,0.870291,0.968588,0.000000,1.000000,Excellent,
ECG_CH2,4549,2022-12-13 10:31:28,2022-12-13 10:31:43,15,3000,200,0.787802,0.939658,0.000000,1.000000,Excellent,
ECG_CH2,4550,2022-12-13 10:31:43,2022-12-13 10:31:58,15,3000,200,0.554003,0.642117,0.000000,1.000000,Excellent,
ECG_CH2,4551,2022-12-13 10:31:58,2022-12-13 10:32:13,15,3000,200,0.580316,0.528080,0.000000,1.000000,Barely acceptable,
ECG_CH2,4552,2022-12-13 10:32:13,2022-12-13 10:32:28,15,3000,200,0.652570,0.761589,0.000000,1.000000,Excellent,
ECG_CH2,4553,2022-12-13 10:32:28,2022-12-13 10:32:43,15,3000,200,0.703636,0.858699,0.000000,1.000000,Excellent,
ECG_CH2,4554,2022-12-13 10:32:43,2022-12-13 10:32:58,15,3000,200,0.668672,0.757816,0.000000,1.000000,Excellent,
ECG_CH2,4555,2022-12-13 10:32:58,2022-12-13 10:33:13,15,3000,200,0.714364,0.778010,0.000000,1.000000,Excellent,
ECG_CH2,4556,2022-12-13 10:33:13,2022-12-13 10:33:28,15,3000,200,0.621036,0.678404,0.000000,1.000000,Excellent,
ECG_CH2,4557,2022-12-13 10:33:28,2022-12-13 10:33:43,15,3000,200,0.704870,0.817575,0.000000,1.000000,Excellent,
ECG_CH2,4558,2022-12-13 10:33:43,2022-12-13 10:33:58,15,3000,200,0.655052,0.737995,0.000000,1.000000,Barely acceptable,
ECG_CH2,4559,2022-12-13 10:33:58,2022-12-13 10:34:13,15,3000,200,0.618430,0.705434,0.000000,1.000000,Barely acceptable,
ECG_CH2,4560,2022-12-13 10:34:13,2022-12-13 10:34:28,15,3000,200,0.591167,0.484689,0.000000,1.000000,Excellent,
ECG_CH2,4561,2022-12-13 10:34:28,2022-12-13 10:34:43,15,3000,200,0.675262,0.797429,0.000000,1.000000,Barely acceptable,
ECG_CH2,4562,2022-12-13 10:34:43,2022-12-13 10:34:58,15,3000,200,0.529022,0.553929,0.000000,1.000000,Barely acceptable,
ECG_CH2,4563,2022-12-13 10:34:58,2022-12-13 10:35:13,15,3000,200,0.634774,0.567289,0.000000,1.000000,Barely acceptable,
ECG_CH2,4564,2022-12-13 10:35:13,2022-12-13 10:35:28,15,3000,200,0.635539,0.771720,0.000000,1.000000,Barely acceptable,
ECG_CH2,4565,2022-12-13 10:35:28,2022-12-13 10:35:43,15,3000,200,0.614928,0.686328,0.000000,1.000000,Excellent,
ECG_CH2,4566,2022-12-13 10:35:43,2022-12-13 10:35:58,15,3000,200,0.757289,0.845494,0.000000,1.000000,Barely acceptable,
ECG_CH2,4567,2022-12-13 10:35:58,2022-12-13 10:36:13,15,3000,200,0.716455,0.735864,0.000000,1.000000,Excellent,
ECG_CH2,4568,2022-12-13 10:36:13,2022-12-13 10:36:28,15,3000,200,0.566804,0.571074,0.000000,1.000000,Excellent,
ECG_CH2,4569,2022-12-13 10:36:28,2022-12-13 10:36:43,15,3000,200,0.672612,0.670103,0.000000,1.000000,Excellent,
ECG_CH2,4570,2022-12-13 10:36:43,2022-12-13 10:36:58,15,3000,200,0.778967,0.909951,0.000000,1.000000,Excellent,
ECG_CH2,4571,2022-12-13 10:36:58,2022-12-13 10:37:13,15,3000,200,0.760661,0.847035,0.000000,1.000000,Barely acceptable,
ECG_CH2,4572,2022-12-13 10:37:13,2022-12-13 10:37:28,15,3000,200,0.868898,0.926510,0.000000,1.000000,Barely acceptable,
ECG_CH2,4573,2022-12-13 10:37:28,2022-12-13 10:37:43,15,3000,200,0.732983,0.821751,0.000000,1.000000,Excellent,
ECG_CH2,4574,2022-12-13 10:37:43,2022-12-13 10:37:58,15,3000,200,0.842377,0.892422,0.000000,1.000000,Barely acceptable,
ECG_CH2,4575,2022-12-13 10:37:58,2022-12-13 10:38:13,15,3000,200,0.702173,0.773052,0.000000,1.000000,Excellent,
ECG_CH2,4576,2022-12-13 10:38:13,2022-12-13 10:38:28,15,3000,200,0.566693,0.600504,0.000000,1.000000,Excellent,
ECG_CH2,4577,2022-12-13 10:38:28,2022-12-13 10:38:43,15,3000,200,0.609919,0.689525,0.000000,1.000000,Excellent,
ECG_CH2,4578,2022-12-13 10:38:43,2022-12-13 10:38:58,15,3000,200,0.896732,0.955139,0.000000,1.000000,Excellent,
ECG_CH2,4579,2022-12-13 10:38:58,2022-12-13 10:39:13,15,3000,200,0.632201,0.644572,0.000000,1.000000,Barely acceptable,
ECG_CH2,4580,2022-12-13 10:39:13,2022-12-13 10:39:28,15,3000,200,0.684098,0.726157,0.000000,1.000000,Excellent,
ECG_CH2,4581,2022-12-13 10:39:28,2022-12-13 10:39:43,15,3000,200,0.859967,0.910640,0.000000,1.000000,Excellent,
ECG_CH2,4582,2022-12-13 10:39:43,2022-12-13 10:39:58,15,3000,200,0.652497,0.735514,0.000000,1.000000,Barely acceptable,
ECG_CH2,4583,2022-12-13 10:39:58,2022-12-13 10:40:13,15,3000,200,0.482363,0.493638,0.000000,1.000000,Barely acceptable,
ECG_CH2,4584,2022-12-13 10:40:13,2022-12-13 10:40:28,15,3000,200,0.671352,0.773071,0.000000,1.000000,Barely acceptable,
ECG_CH2,4585,2022-12-13 10:40:28,2022-12-13 10:40:43,15,3000,200,0.783249,0.830969,0.000000,1.000000,Barely acceptable,
ECG_CH2,4586,2022-12-13 10:40:43,2022-12-13 10:40:58,15,3000,200,0.680761,0.725730,0.000000,1.000000,Barely acceptable,
ECG_CH2,4587,2022-12-13 10:40:58,2022-12-13 10:41:13,15,3000,200,0.770144,0.849758,0.000000,1.000000,Excellent,
ECG_CH2,4588,2022-12-13 10:41:13,2022-12-13 10:41:28,15,3000,200,0.673983,0.791721,0.000000,1.000000,Barely acceptable,
ECG_CH2,4589,2022-12-13 10:41:28,2022-12-13 10:41:43,15,3000,200,0.711792,0.740800,0.000000,1.000000,Barely acceptable,
ECG_CH2,4590,2022-12-13 10:41:43,2022-12-13 10:41:58,15,3000,200,0.810810,0.893986,0.000000,1.000000,Excellent,
ECG_CH2,4591,2022-12-13 10:41:58,2022-12-13 10:42:13,15,3000,200,0.578583,0.592242,0.000000,1.000000,Barely acceptable,
ECG_CH2,4592,2022-12-13 10:42:13,2022-12-13 10:42:28,15,3000,200,0.559557,0.575871,0.000000,1.000000,Barely acceptable,
ECG_CH2,4593,2022-12-13 10:42:28,2022-12-13 10:42:43,15,3000,200,0.502710,0.582476,0.000000,1.000000,Excellent,
ECG_CH2,4594,2022-12-13 10:42:43,2022-12-13 10:42:58,15,3000,200,0.674639,0.752708,0.000000,1.000000,Barely acceptable,
ECG_CH2,4595,2022-12-13 10:42:58,2022-12-13 10:43:13,15,3000,200,0.573969,0.697857,0.000000,1.000000,Barely acceptable,
ECG_CH2,4596,2022-12-13 10:43:13,2022-12-13 10:43:28,15,3000,200,0.771685,0.894648,0.000000,1.000000,Excellent,
ECG_CH2,4597,2022-12-13 10:43:28,2022-12-13 10:43:43,15,3000,200,0.577363,0.604985,0.000000,1.000000,Excellent,
ECG_CH2,4598,2022-12-13 10:43:43,2022-12-13 10:43:58,15,3000,200,0.635295,0.723468,0.000000,1.000000,Barely acceptable,
ECG_CH2,4599,2022-12-13 10:43:58,2022-12-13 10:44:13,15,3000,200,0.636968,0.736219,0.000000,1.000000,Excellent,
ECG_CH2,4600,2022-12-13 10:44:13,2022-12-13 10:44:28,15,3000,200,0.678697,0.764753,0.000000,1.000000,Excellent,
ECG_CH2,4601,2022-12-13 10:44:28,2022-12-13 10:44:43,15,3000,200,0.453365,0.371659,0.000000,1.000000,Barely acceptable,
ECG_CH2,4602,2022-12-13 10:44:43,2022-12-13 10:44:58,15,3000,200,0.623550,0.716134,0.000000,1.000000,Excellent,
ECG_CH2,4603,2022-12-13 10:44:58,2022-12-13 10:45:13,15,3000,200,0.536839,0.498709,0.000000,1.000000,Barely acceptable,
ECG_CH2,4604,2022-12-13 10:45:13,2022-12-13 10:45:28,15,3000,200,0.658325,0.630705,0.000000,1.000000,Barely acceptable,
ECG_CH2,4605,2022-12-13 10:45:28,2022-12-13 10:45:43,15,3000,200,0.775741,0.852292,0.000000,1.000000,Barely acceptable,
ECG_CH2,4606,2022-12-13 10:45:43,2022-12-13 10:45:58,15,3000,200,0.655717,0.779561,0.000000,1.000000,Barely acceptable,
ECG_CH2,4607,2022-12-13 10:45:58,2022-12-13 10:46:13,15,3000,200,0.689074,0.701357,0.000000,1.000000,Barely acceptable,
ECG_CH2,4608,2022-12-13 10:46:13,2022-12-13 10:46:28,15,3000,200,0.806830,0.895112,0.000000,1.000000,Barely acceptable,
ECG_CH2,4609,2022-12-13 10:46:28,2022-12-13 10:46:43,15,3000,200,0.617101,0.648164,0.000000,1.000000,Excellent,
ECG_CH2,4610,2022-12-13 10:46:43,2022-12-13 10:46:58,15,3000,200,0.815145,0.934208,0.000000,1.000000,Barely acceptable,
ECG_CH2,4611,2022-12-13 10:46:58,2022-12-13 10:47:13,15,3000,200,0.676942,0.851251,0.000000,1.000000,Barely acceptable,
ECG_CH2,4612,2022-12-13 10:47:13,2022-12-13 10:47:28,15,3000,200,0.703567,0.860275,0.000000,1.000000,Excellent,
ECG_CH2,4613,2022-12-13 10:47:28,2022-12-13 10:47:43,15,3000,200,0.731537,0.840326,0.000000,1.000000,Barely acceptable,
ECG_CH2,4614,2022-12-13 10:47:43,2022-12-13 10:47:58,15,3000,200,0.723693,0.799823,0.000000,1.000000,Excellent,
ECG_CH2,4615,2022-12-13 10:47:58,2022-12-13 10:48:13,15,3000,200,0.786892,0.909786,0.000000,1.000000,Barely acceptable,
ECG_CH2,4616,2022-12-13 10:48:13,2022-12-13 10:48:28,15,3000,200,0.432493,0.435898,0.000000,1.000000,Barely acceptable,
ECG_CH2,4617,2022-12-13 10:48:28,2022-12-13 10:48:43,15,3000,200,0.785443,0.819695,0.000000,1.000000,Barely acceptable,
ECG_CH2,4618,2022-12-13 10:48:43,2022-12-13 10:48:58,15,3000,200,0.672036,0.751510,0.000000,1.000000,Barely acceptable,
ECG_CH2,4619,2022-12-13 10:48:58,2022-12-13 10:49:13,15,3000,200,0.577688,0.551887,0.000000,1.000000,Barely acceptable,
ECG_CH2,4620,2022-12-13 10:49:13,2022-12-13 10:49:28,15,3000,200,0.554992,0.519378,0.000000,1.000000,Excellent,
ECG_CH2,4621,2022-12-13 10:49:28,2022-12-13 10:49:43,15,3000,200,0.675786,0.837388,0.000000,1.000000,Barely acceptable,
ECG_CH2,4622,2022-12-13 10:49:43,2022-12-13 10:49:58,15,3000,200,0.647581,0.676701,0.000000,1.000000,Barely acceptable,
ECG_CH2,4623,2022-12-13 10:49:58,2022-12-13 10:50:13,15,3000,200,0.748658,0.838964,0.000000,1.000000,Barely acceptable,
ECG_CH2,4624,2022-12-13 10:50:13,2022-12-13 10:50:28,15,3000,200,0.597522,0.666168,0.000000,1.000000,Barely acceptable,
ECG_CH2,4625,2022-12-13 10:50:28,2022-12-13 10:50:43,15,3000,200,0.540091,0.588036,0.000000,1.000000,Barely acceptable,
ECG_CH2,4626,2022-12-13 10:50:43,2022-12-13 10:50:58,15,3000,200,0.617460,0.626658,0.000000,1.000000,Barely acceptable,
ECG_CH2,4627,2022-12-13 10:50:58,2022-12-13 10:51:13,15,3000,200,0.809371,0.888318,0.000000,1.000000,Barely acceptable,
ECG_CH2,4628,2022-12-13 10:51:13,2022-12-13 10:51:28,15,3000,200,0.550556,0.629467,0.000000,1.000000,Barely acceptable,
ECG_CH2,4629,2022-12-13 10:51:28,2022-12-13 10:51:43,15,3000,200,0.435043,0.554238,0.000000,1.000000,Barely acceptable,
ECG_CH2,4630,2022-12-13 10:51:43,2022-12-13 10:51:58,15,3000,200,0.684158,0.812908,0.000000,1.000000,Barely acceptable,
ECG_CH2,4631,2022-12-13 10:51:58,2022-12-13 10:52:13,15,3000,200,0.827735,0.954414,0.000000,1.000000,Excellent,
ECG_CH2,4632,2022-12-13 10:52:13,2022-12-13 10:52:28,15,3000,200,0.557111,0.553415,0.000000,1.000000,Barely acceptable,
ECG_CH2,4633,2022-12-13 10:52:28,2022-12-13 10:52:43,15,3000,200,0.682454,0.657920,0.000000,1.000000,Barely acceptable,
ECG_CH2,4634,2022-12-13 10:52:43,2022-12-13 10:52:58,15,3000,200,0.557211,0.661568,0.000000,1.000000,Barely acceptable,
ECG_CH2,4635,2022-12-13 10:52:58,2022-12-13 10:53:13,15,3000,200,0.605916,0.625428,0.000000,1.000000,Barely acceptable,
ECG_CH2,4636,2022-12-13 10:53:13,2022-12-13 10:53:28,15,3000,200,0.572997,0.664488,0.000000,1.000000,Barely acceptable,
ECG_CH2,4637,2022-12-13 10:53:28,2022-12-13 10:53:43,15,3000,200,0.650690,0.858807,0.000000,1.000000,Barely acceptable,
ECG_CH2,4638,2022-12-13 10:53:43,2022-12-13 10:53:58,15,3000,200,0.657712,0.724799,0.000000,1.000000,Barely acceptable,
ECG_CH2,4639,2022-12-13 10:53:58,2022-12-13 10:54:13,15,3000,200,0.720855,0.853809,0.000000,1.000000,Barely acceptable,
ECG_CH2,4640,2022-12-13 10:54:13,2022-12-13 10:54:28,15,3000,200,0.628549,0.804677,0.000000,1.000000,Barely acceptable,
ECG_CH2,4641,2022-12-13 10:54:28,2022-12-13 10:54:43,15,3000,200,0.677055,0.704201,0.000000,1.000000,Barely acceptable,
ECG_CH2,4642,2022-12-13 10:54:43,2022-12-13 10:54:58,15,3000,200,0.786411,0.860535,0.000000,1.000000,Barely acceptable,
ECG_CH2,4643,2022-12-13 10:54:58,2022-12-13 10:55:13,15,3000,200,0.607462,0.698720,0.000000,1.000000,Barely acceptable,
ECG_CH2,4644,2022-12-13 10:55:13,2022-12-13 10:55:28,15,3000,200,0.729794,0.748645,0.000000,1.000000,Barely acceptable,
ECG_CH2,4645,2022-12-13 10:55:28,2022-12-13 10:55:43,15,3000,200,0.694740,0.801123,0.000000,1.000000,Excellent,
ECG_CH2,4646,2022-12-13 10:55:43,2022-12-13 10:55:58,15,3000,200,0.588266,0.646599,0.000000,1.000000,Barely acceptable,
ECG_CH2,4647,2022-12-13 10:55:58,2022-12-13 10:56:13,15,3000,200,0.596235,0.707821,0.000000,1.000000,Barely acceptable,
ECG_CH2,4648,2022-12-13 10:56:13,2022-12-13 10:56:28,15,3000,200,0.628617,0.683350,0.000000,1.000000,Barely acceptable,
ECG_CH2,4649,2022-12-13 10:56:28,2022-12-13 10:56:43,15,3000,200,0.786837,0.822009,0.000000,1.000000,Excellent,
ECG_CH2,4650,2022-12-13 10:56:43,2022-12-13 10:56:58,15,3000,200,0.764009,0.904335,0.000000,1.000000,Excellent,
ECG_CH2,4651,2022-12-13 10:56:58,2022-12-13 10:57:13,15,3000,200,0.785542,0.859909,0.000000,1.000000,Excellent,
ECG_CH2,4652,2022-12-13 10:57:13,2022-12-13 10:57:28,15,3000,200,0.532989,0.596217,0.000000,1.000000,Excellent,
ECG_CH2,4653,2022-12-13 10:57:28,2022-12-13 10:57:43,15,3000,200,0.660128,0.833468,0.000000,1.000000,Excellent,
ECG_CH2,4654,2022-12-13 10:57:43,2022-12-13 10:57:58,15,3000,200,0.732695,0.778506,0.000000,1.000000,Excellent,
ECG_CH2,4655,2022-12-13 10:57:58,2022-12-13 10:58:13,15,3000,200,0.644323,0.709741,0.000000,1.000000,Barely acceptable,
ECG_CH2,4656,2022-12-13 10:58:13,2022-12-13 10:58:28,15,3000,200,0.693859,0.859961,0.000000,1.000000,Barely acceptable,
ECG_CH2,4657,2022-12-13 10:58:28,2022-12-13 10:58:43,15,3000,200,0.614367,0.734152,0.000000,1.000000,Barely acceptable,
ECG_CH2,4658,2022-12-13 10:58:43,2022-12-13 10:58:58,15,3000,200,0.575577,0.607470,0.000000,1.000000,Barely acceptable,
ECG_CH2,4659,2022-12-13 10:58:58,2022-12-13 10:59:13,15,3000,200,0.594926,0.733109,0.000000,1.000000,Excellent,
ECG_CH2,4660,2022-12-13 10:59:13,2022-12-13 10:59:28,15,3000,200,0.491690,0.498578,0.000000,1.000000,Excellent,
ECG_CH2,4661,2022-12-13 10:59:28,2022-12-13 10:59:43,15,3000,200,0.644420,0.706679,0.000000,1.000000,Excellent,
ECG_CH2,4662,2022-12-13 10:59:43,2022-12-13 10:59:58,15,3000,200,0.765069,0.893371,0.000000,1.000000,Excellent,
ECG_CH2,4663,2022-12-13 10:59:58,2022-12-13 11:00:13,15,3000,200,0.732064,0.870089,0.000000,1.000000,Barely acceptable,
ECG_CH2,4664,2022-12-13 11:00:13,2022-12-13 11:00:28,15,3000,200,0.509873,0.573635,0.000000,1.000000,Barely acceptable,
ECG_CH2,4665,2022-12-13 11:00:28,2022-12-13 11:00:43,15,3000,200,0.615172,0.718944,0.000000,1.000000,Excellent,
ECG_CH2,4666,2022-12-13 11:00:43,2022-12-13 11:00:58,15,3000,200,0.735586,0.817057,0.000000,1.000000,Barely acceptable,
ECG_CH2,4667,2022-12-13 11:00:58,2022-12-13 11:01:13,15,3000,200,0.552390,0.592980,0.000000,1.000000,Barely acceptable,
ECG_CH2,4668,2022-12-13 11:01:13,2022-12-13 11:01:28,15,3000,200,0.544790,0.570935,0.000000,1.000000,Barely acceptable,
ECG_CH2,4669,2022-12-13 11:01:28,2022-12-13 11:01:43,15,3000,200,0.574412,0.565285,0.000000,1.000000,Barely acceptable,
ECG_CH2,4670,2022-12-13 11:01:43,2022-12-13 11:01:58,15,3000,200,0.582349,0.449897,0.000000,1.000000,Excellent,
ECG_CH2,4671,2022-12-13 11:01:58,2022-12-13 11:02:13,15,3000,200,0.611572,0.592181,0.000000,1.000000,Barely acceptable,
ECG_CH2,4672,2022-12-13 11:02:13,2022-12-13 11:02:28,15,3000,200,0.460916,0.469568,0.000000,1.000000,Barely acceptable,
ECG_CH2,4673,2022-12-13 11:02:28,2022-12-13 11:02:43,15,3000,200,0.545421,0.603455,0.000000,1.000000,Barely acceptable,
ECG_CH2,4674,2022-12-13 11:02:43,2022-12-13 11:02:58,15,3000,200,0.617218,0.634767,0.000000,1.000000,Barely acceptable,
ECG_CH2,4675,2022-12-13 11:02:58,2022-12-13 11:03:13,15,3000,200,0.570905,0.603616,0.000000,1.000000,Barely acceptable,
ECG_CH2,4676,2022-12-13 11:03:13,2022-12-13 11:03:28,15,3000,200,0.668474,0.771727,0.000000,1.000000,Barely acceptable,
ECG_CH2,4677,2022-12-13 11:03:28,2022-12-13 11:03:43,15,3000,200,0.632875,0.660777,0.000000,1.000000,Barely acceptable,
ECG_CH2,4678,2022-12-13 11:03:43,2022-12-13 11:03:58,15,3000,200,0.542304,0.547332,0.000000,1.000000,Barely acceptable,
ECG_CH2,4679,2022-12-13 11:03:58,2022-12-13 11:04:13,15,3000,200,0.610908,0.775487,0.000000,1.000000,Barely acceptable,
ECG_CH2,4680,2022-12-13 11:04:13,2022-12-13 11:04:28,15,3000,200,0.594866,0.669469,0.000000,1.000000,Barely acceptable,
ECG_CH2,4681,2022-12-13 11:04:28,2022-12-13 11:04:43,15,3000,200,0.547992,0.608146,0.000000,1.000000,Barely acceptable,
ECG_CH2,4682,2022-12-13 11:04:43,2022-12-13 11:04:58,15,3000,200,0.630545,0.626161,0.000000,1.000000,Barely acceptable,
ECG_CH2,4683,2022-12-13 11:04:58,2022-12-13 11:05:13,15,3000,200,0.544121,0.622490,0.000000,1.000000,Barely acceptable,
ECG_CH2,4684,2022-12-13 11:05:13,2022-12-13 11:05:28,15,3000,200,0.801635,0.920643,0.000000,1.000000,Barely acceptable,
ECG_CH2,4685,2022-12-13 11:05:28,2022-12-13 11:05:43,15,3000,200,0.650897,0.897005,0.000000,1.000000,Barely acceptable,
ECG_CH2,4686,2022-12-13 11:05:43,2022-12-13 11:05:58,15,3000,200,0.702165,0.772270,0.000000,1.000000,Barely acceptable,
ECG_CH2,4687,2022-12-13 11:05:58,2022-12-13 11:06:13,15,3000,200,0.486137,0.402974,0.000000,1.000000,Barely acceptable,
ECG_CH2,4688,2022-12-13 11:06:13,2022-12-13 11:06:28,15,3000,200,0.615316,0.617994,0.000000,1.000000,Barely acceptable,
ECG_CH2,4689,2022-12-13 11:06:28,2022-12-13 11:06:43,15,3000,200,0.701031,0.827573,0.000000,1.000000,Excellent,
ECG_CH2,4690,2022-12-13 11:06:43,2022-12-13 11:06:58,15,3000,200,0.670005,0.700799,0.000000,1.000000,Barely acceptable,
ECG_CH2,4691,2022-12-13 11:06:58,2022-12-13 11:07:13,15,3000,200,0.684496,0.613242,0.000000,1.000000,Barely acceptable,
ECG_CH2,4692,2022-12-13 11:07:13,2022-12-13 11:07:28,15,3000,200,0.784016,0.801857,0.000000,1.000000,Barely acceptable,
ECG_CH2,4693,2022-12-13 11:07:28,2022-12-13 11:07:43,15,3000,200,0.768474,0.873089,0.000000,1.000000,Barely acceptable,
ECG_CH2,4694,2022-12-13 11:07:43,2022-12-13 11:07:58,15,3000,200,0.572813,0.686042,0.000000,1.000000,Barely acceptable,
ECG_CH2,4695,2022-12-13 11:07:58,2022-12-13 11:08:13,15,3000,200,0.825943,0.916814,0.000000,1.000000,Barely acceptable,
ECG_CH2,4696,2022-12-13 11:08:13,2022-12-13 11:08:28,15,3000,200,0.573318,0.743732,0.000000,1.000000,Barely acceptable,
ECG_CH2,4697,2022-12-13 11:08:28,2022-12-13 11:08:43,15,3000,200,0.576990,0.685170,0.000000,1.000000,Barely acceptable,
ECG_CH2,4698,2022-12-13 11:08:43,2022-12-13 11:08:58,15,3000,200,0.507641,0.532723,0.000000,1.000000,Excellent,
ECG_CH2,4699,2022-12-13 11:08:58,2022-12-13 11:09:13,15,3000,200,0.761529,0.769172,0.000000,1.000000,Barely acceptable,
ECG_CH2,4700,2022-12-13 11:09:13,2022-12-13 11:09:28,15,3000,200,0.593763,0.644983,0.000000,1.000000,Barely acceptable,
ECG_CH2,4701,2022-12-13 11:09:28,2022-12-13 11:09:43,15,3000,200,0.639143,0.747940,0.000000,1.000000,Barely acceptable,
ECG_CH2,4702,2022-12-13 11:09:43,2022-12-13 11:09:58,15,3000,200,0.670187,0.790073,0.000000,1.000000,Barely acceptable,
ECG_CH2,4703,2022-12-13 11:09:58,2022-12-13 11:10:13,15,3000,200,0.610478,0.783053,0.000000,1.000000,Barely acceptable,
ECG_CH2,4704,2022-12-13 11:10:13,2022-12-13 11:10:28,15,3000,200,0.682222,0.781575,0.000000,1.000000,Barely acceptable,
ECG_CH2,4705,2022-12-13 11:10:28,2022-12-13 11:10:43,15,3000,200,0.709943,0.880679,0.000000,1.000000,Barely acceptable,
ECG_CH2,4706,2022-12-13 11:10:43,2022-12-13 11:10:58,15,3000,200,0.589764,0.625741,0.000000,1.000000,Barely acceptable,
ECG_CH2,4707,2022-12-13 11:10:58,2022-12-13 11:11:13,15,3000,200,0.497196,0.541134,0.000000,1.000000,Barely acceptable,
ECG_CH2,4708,2022-12-13 11:11:13,2022-12-13 11:11:28,15,3000,200,0.629061,0.731708,0.000000,1.000000,Barely acceptable,
ECG_CH2,4709,2022-12-13 11:11:28,2022-12-13 11:11:43,15,3000,200,0.619338,0.660327,0.000000,1.000000,Barely acceptable,
ECG_CH2,4710,2022-12-13 11:11:43,2022-12-13 11:11:58,15,3000,200,0.540586,0.420224,0.000000,1.000000,Barely acceptable,
ECG_CH2,4711,2022-12-13 11:11:58,2022-12-13 11:12:13,15,3000,200,0.661780,0.779379,0.000000,1.000000,Barely acceptable,
ECG_CH2,4712,2022-12-13 11:12:13,2022-12-13 11:12:28,15,3000,200,0.707806,0.851736,0.000000,1.000000,Barely acceptable,
ECG_CH2,4713,2022-12-13 11:12:28,2022-12-13 11:12:43,15,3000,200,0.647189,0.715472,0.000000,1.000000,Barely acceptable,
ECG_CH2,4714,2022-12-13 11:12:43,2022-12-13 11:12:58,15,3000,200,0.444181,0.356916,0.000000,1.000000,Barely acceptable,
ECG_CH2,4715,2022-12-13 11:12:58,2022-12-13 11:13:13,15,3000,200,0.645370,0.821517,0.000000,1.000000,Excellent,
ECG_CH2,4716,2022-12-13 11:13:13,2022-12-13 11:13:28,15,3000,200,0.733610,0.835128,0.000000,1.000000,Excellent,
ECG_CH2,4717,2022-12-13 11:13:28,2022-12-13 11:13:43,15,3000,200,0.504297,0.524829,0.000000,1.000000,Barely acceptable,
ECG_CH2,4718,2022-12-13 11:13:43,2022-12-13 11:13:58,15,3000,200,0.749283,0.865084,0.000000,1.000000,Barely acceptable,
ECG_CH2,4719,2022-12-13 11:13:58,2022-12-13 11:14:13,15,3000,200,0.454880,0.383797,0.000000,1.000000,Barely acceptable,
ECG_CH2,4720,2022-12-13 11:14:13,2022-12-13 11:14:28,15,3000,200,0.463216,0.574295,0.000000,1.000000,Barely acceptable,
ECG_CH2,4721,2022-12-13 11:14:28,2022-12-13 11:14:43,15,3000,200,0.739713,0.828348,0.000000,1.000000,Unacceptable,
ECG_CH2,4722,2022-12-13 11:14:43,2022-12-13 11:14:58,15,3000,200,0.798734,0.897973,0.000000,1.000000,Excellent,
ECG_CH2,4723,2022-12-13 11:14:58,2022-12-13 11:15:13,15,3000,200,0.672007,0.692549,0.000000,1.000000,Barely acceptable,
ECG_CH2,4724,2022-12-13 11:15:13,2022-12-13 11:15:28,15,3000,200,0.560947,0.554639,0.000000,1.000000,Barely acceptable,
ECG_CH2,4725,2022-12-13 11:15:28,2022-12-13 11:15:43,15,3000,200,0.636348,0.650515,0.000000,1.000000,Barely acceptable,
ECG_CH2,4726,2022-12-13 11:15:43,2022-12-13 11:15:58,15,3000,200,0.756259,0.849875,0.000000,1.000000,Barely acceptable,
ECG_CH2,4727,2022-12-13 11:15:58,2022-12-13 11:16:13,15,3000,200,0.494721,0.477863,0.000000,1.000000,Barely acceptable,
ECG_CH2,4728,2022-12-13 11:16:13,2022-12-13 11:16:28,15,3000,200,0.714659,0.814154,0.000000,1.000000,Excellent,
ECG_CH2,4729,2022-12-13 11:16:28,2022-12-13 11:16:43,15,3000,200,0.617354,0.687567,0.000000,1.000000,Excellent,
ECG_CH2,4730,2022-12-13 11:16:43,2022-12-13 11:16:58,15,3000,200,0.615565,0.736005,0.000000,1.000000,Excellent,
ECG_CH2,4731,2022-12-13 11:16:58,2022-12-13 11:17:13,15,3000,200,0.625454,0.694427,0.000000,1.000000,Excellent,
ECG_CH2,4732,2022-12-13 11:17:13,2022-12-13 11:17:28,15,3000,200,0.581624,0.713342,0.000000,1.000000,Excellent,
ECG_CH2,4733,2022-12-13 11:17:28,2022-12-13 11:17:43,15,3000,200,0.684917,0.803536,0.000000,1.000000,Excellent,
ECG_CH2,4734,2022-12-13 11:17:43,2022-12-13 11:17:58,15,3000,200,0.526139,0.680303,0.000000,1.000000,Excellent,
ECG_CH2,4735,2022-12-13 11:17:58,2022-12-13 11:18:13,15,3000,200,0.595574,0.542265,0.000000,1.000000,Excellent,
ECG_CH2,4736,2022-12-13 11:18:13,2022-12-13 11:18:28,15,3000,200,0.691451,0.820330,0.000000,1.000000,Excellent,
ECG_CH2,4737,2022-12-13 11:18:28,2022-12-13 11:18:43,15,3000,200,0.603367,0.680129,0.000000,1.000000,Excellent,
ECG_CH2,4738,2022-12-13 11:18:43,2022-12-13 11:18:58,15,3000,200,0.612203,0.687371,0.000000,1.000000,Excellent,
ECG_CH2,4739,2022-12-13 11:18:58,2022-12-13 11:19:13,15,3000,200,0.770411,0.851879,0.000000,1.000000,Excellent,
ECG_CH2,4740,2022-12-13 11:19:13,2022-12-13 11:19:28,15,3000,200,0.829265,0.944447,0.000000,1.000000,Barely acceptable,
ECG_CH2,4741,2022-12-13 11:19:28,2022-12-13 11:19:43,15,3000,200,0.457454,0.438873,0.000000,1.000000,Excellent,
ECG_CH2,4742,2022-12-13 11:19:43,2022-12-13 11:19:58,15,3000,200,0.533474,0.520431,0.000000,1.000000,Excellent,
ECG_CH2,4743,2022-12-13 11:19:58,2022-12-13 11:20:13,15,3000,200,0.815872,0.896058,0.000000,1.000000,Excellent,
ECG_CH2,4744,2022-12-13 11:20:13,2022-12-13 11:20:28,15,3000,200,0.463277,0.468682,0.000000,1.000000,Excellent,
ECG_CH2,4745,2022-12-13 11:20:28,2022-12-13 11:20:43,15,3000,200,0.759177,0.864381,0.000000,1.000000,Barely acceptable,
ECG_CH2,4746,2022-12-13 11:20:43,2022-12-13 11:20:58,15,3000,200,0.437286,0.367151,0.000000,1.000000,Excellent,
ECG_CH2,4747,2022-12-13 11:20:58,2022-12-13 11:21:13,15,3000,200,0.510486,0.523920,0.000000,1.000000,Excellent,
ECG_CH2,4748,2022-12-13 11:21:13,2022-12-13 11:21:28,15,3000,200,0.644229,0.530025,0.000000,1.000000,Excellent,
ECG_CH2,4749,2022-12-13 11:21:28,2022-12-13 11:21:43,15,3000,200,0.506031,0.525758,0.000000,1.000000,Barely acceptable,
ECG_CH2,4750,2022-12-13 11:21:43,2022-12-13 11:21:58,15,3000,200,0.740344,0.850958,0.000000,1.000000,Barely acceptable,
ECG_CH2,4751,2022-12-13 11:21:58,2022-12-13 11:22:13,15,3000,200,0.700924,0.744775,0.000000,1.000000,Excellent,
ECG_CH2,4752,2022-12-13 11:22:13,2022-12-13 11:22:28,15,3000,200,0.557286,0.584276,0.000000,1.000000,Excellent,
ECG_CH2,4753,2022-12-13 11:22:28,2022-12-13 11:22:43,15,3000,200,0.636070,0.690556,0.000000,1.000000,Barely acceptable,
ECG_CH2,4754,2022-12-13 11:22:43,2022-12-13 11:22:58,15,3000,200,0.621914,0.695927,0.000000,1.000000,Barely acceptable,
ECG_CH2,4755,2022-12-13 11:22:58,2022-12-13 11:23:13,15,3000,200,0.607332,0.636885,0.000000,1.000000,Barely acceptable,
ECG_CH2,4756,2022-12-13 11:23:13,2022-12-13 11:23:28,15,3000,200,0.838385,0.963936,0.000000,1.000000,Barely acceptable,
ECG_CH2,4757,2022-12-13 11:23:28,2022-12-13 11:23:43,15,3000,200,0.641871,0.732679,0.000000,1.000000,Barely acceptable,
ECG_CH2,4758,2022-12-13 11:23:43,2022-12-13 11:23:58,15,3000,200,0.628125,0.738481,0.000000,1.000000,Barely acceptable,
ECG_CH2,4759,2022-12-13 11:23:58,2022-12-13 11:24:13,15,3000,200,0.693464,0.836355,0.000000,1.000000,Barely acceptable,
ECG_CH2,4760,2022-12-13 11:24:13,2022-12-13 11:24:28,15,3000,200,0.488712,0.450448,0.000000,1.000000,Barely acceptable,
ECG_CH2,4761,2022-12-13 11:24:28,2022-12-13 11:24:43,15,3000,200,0.845386,0.952238,0.000000,1.000000,Barely acceptable,
ECG_CH2,4762,2022-12-13 11:24:43,2022-12-13 11:24:58,15,3000,200,0.755696,0.816785,0.000000,1.000000,Barely acceptable,
ECG_CH2,4763,2022-12-13 11:24:58,2022-12-13 11:25:13,15,3000,200,0.675647,0.762496,0.000000,1.000000,Barely acceptable,
ECG_CH2,4764,2022-12-13 11:25:13,2022-12-13 11:25:28,15,3000,200,0.604024,0.628476,0.000000,1.000000,Barely acceptable,
ECG_CH2,4765,2022-12-13 11:25:28,2022-12-13 11:25:43,15,3000,200,0.609093,0.711174,0.000000,1.000000,Barely acceptable,
ECG_CH2,4766,2022-12-13 11:25:43,2022-12-13 11:25:58,15,3000,200,0.687810,0.780385,0.000000,1.000000,Barely acceptable,
ECG_CH2,4767,2022-12-13 11:25:58,2022-12-13 11:26:13,15,3000,200,0.779456,0.863918,0.000000,1.000000,Barely acceptable,
ECG_CH2,4768,2022-12-13 11:26:13,2022-12-13 11:26:28,15,3000,200,0.708042,0.764294,0.000000,1.000000,Barely acceptable,
ECG_CH2,4769,2022-12-13 11:26:28,2022-12-13 11:26:43,15,3000,200,0.502120,0.487727,0.000000,1.000000,Barely acceptable,
ECG_CH2,4770,2022-12-13 11:26:43,2022-12-13 11:26:58,15,3000,200,0.631587,0.698155,0.000000,1.000000,Barely acceptable,
ECG_CH2,4771,2022-12-13 11:26:58,2022-12-13 11:27:13,15,3000,200,0.661062,0.761199,0.000000,1.000000,Barely acceptable,
ECG_CH2,4772,2022-12-13 11:27:13,2022-12-13 11:27:28,15,3000,200,0.833773,0.950114,0.000000,1.000000,Unacceptable,
ECG_CH2,4773,2022-12-13 11:27:28,2022-12-13 11:27:43,15,3000,200,0.653376,0.726082,0.000000,1.000000,Excellent,
ECG_CH2,4774,2022-12-13 11:27:43,2022-12-13 11:27:58,15,3000,200,0.561912,0.749209,0.000000,1.000000,Barely acceptable,
ECG_CH2,4775,2022-12-13 11:27:58,2022-12-13 11:28:13,15,3000,200,0.664290,0.702157,0.000000,1.000000,Barely acceptable,
ECG_CH2,4776,2022-12-13 11:28:13,2022-12-13 11:28:28,15,3000,200,0.769237,0.810702,0.000000,1.000000,Barely acceptable,
ECG_CH2,4777,2022-12-13 11:28:28,2022-12-13 11:28:43,15,3000,200,0.533875,0.578736,0.000000,1.000000,Excellent,
ECG_CH2,4778,2022-12-13 11:28:43,2022-12-13 11:28:58,15,3000,200,0.695345,0.791313,0.000000,1.000000,Excellent,
ECG_CH2,4779,2022-12-13 11:28:58,2022-12-13 11:29:13,15,3000,200,0.824317,0.924388,0.000000,1.000000,Excellent,
ECG_CH2,4780,2022-12-13 11:29:13,2022-12-13 11:29:28,15,3000,200,0.517968,0.500018,0.000000,1.000000,Excellent,
ECG_CH2,4781,2022-12-13 11:29:28,2022-12-13 11:29:43,15,3000,200,0.371611,0.384405,0.000000,1.000000,Excellent,
ECG_CH2,4782,2022-12-13 11:29:43,2022-12-13 11:29:58,15,3000,200,0.461967,0.425309,0.000000,1.000000,Excellent,
ECG_CH2,4783,2022-12-13 11:29:58,2022-12-13 11:30:13,15,3000,200,0.497991,0.518066,0.000000,1.000000,Excellent,
ECG_CH2,4784,2022-12-13 11:30:13,2022-12-13 11:30:28,15,3000,200,0.792527,0.922710,0.000000,1.000000,Barely acceptable,
ECG_CH2,4785,2022-12-13 11:30:28,2022-12-13 11:30:43,15,3000,200,0.724748,0.888303,0.000000,1.000000,Barely acceptable,
ECG_CH2,4786,2022-12-13 11:30:43,2022-12-13 11:30:58,15,3000,200,0.588084,0.586682,0.000000,1.000000,Barely acceptable,
ECG_CH2,4787,2022-12-13 11:30:58,2022-12-13 11:31:13,15,3000,200,0.654493,0.739487,0.000000,1.000000,Excellent,
ECG_CH2,4788,2022-12-13 11:31:13,2022-12-13 11:31:28,15,3000,200,0.583362,0.620180,0.000000,1.000000,Barely acceptable,
ECG_CH2,4789,2022-12-13 11:31:28,2022-12-13 11:31:43,15,3000,200,0.670820,0.801212,0.000000,1.000000,Barely acceptable,
ECG_CH2,4790,2022-12-13 11:31:43,2022-12-13 11:31:58,15,3000,200,0.507889,0.405052,0.000000,1.000000,Barely acceptable,
ECG_CH2,4791,2022-12-13 11:31:58,2022-12-13 11:32:13,15,3000,200,0.613922,0.656765,0.000000,1.000000,Barely acceptable,
ECG_CH2,4792,2022-12-13 11:32:13,2022-12-13 11:32:28,15,3000,200,0.626411,0.692228,0.000000,1.000000,Excellent,
ECG_CH2,4793,2022-12-13 11:32:28,2022-12-13 11:32:43,15,3000,200,0.756695,0.852333,0.000000,1.000000,Barely acceptable,
ECG_CH2,4794,2022-12-13 11:32:43,2022-12-13 11:32:58,15,3000,200,0.661358,0.782892,0.000000,1.000000,Barely acceptable,
ECG_CH2,4795,2022-12-13 11:32:58,2022-12-13 11:33:13,15,3000,200,0.691660,0.749636,0.000000,1.000000,Barely acceptable,
ECG_CH2,4796,2022-12-13 11:33:13,2022-12-13 11:33:28,15,3000,200,0.758228,0.868230,0.000000,1.000000,Barely acceptable,
ECG_CH2,4797,2022-12-13 11:33:28,2022-12-13 11:33:43,15,3000,200,0.570566,0.563755,0.000000,1.000000,Barely acceptable,
ECG_CH2,4798,2022-12-13 11:33:43,2022-12-13 11:33:58,15,3000,200,0.648845,0.762783,0.000000,1.000000,Barely acceptable,
ECG_CH2,4799,2022-12-13 11:33:58,2022-12-13 11:34:13,15,3000,200,0.717574,0.775752,0.000000,1.000000,Barely acceptable,
ECG_CH2,4800,2022-12-13 11:34:13,2022-12-13 11:34:28,15,3000,200,0.646935,0.794540,0.000000,1.000000,Barely acceptable,
ECG_CH2,4801,2022-12-13 11:34:28,2022-12-13 11:34:43,15,3000,200,0.834664,0.889434,0.000000,1.000000,Barely acceptable,
ECG_CH2,4802,2022-12-13 11:34:43,2022-12-13 11:34:58,15,3000,200,0.742918,0.856600,0.000000,1.000000,Barely acceptable,
ECG_CH2,4803,2022-12-13 11:34:58,2022-12-13 11:35:13,15,3000,200,0.707083,0.868876,0.000000,1.000000,Barely acceptable,
ECG_CH2,4804,2022-12-13 11:35:13,2022-12-13 11:35:28,15,3000,200,0.691733,0.789016,0.000000,1.000000,Barely acceptable,
ECG_CH2,4805,2022-12-13 11:35:28,2022-12-13 11:35:43,15,3000,200,0.638493,0.793624,0.000000,1.000000,Barely acceptable,
ECG_CH2,4806,2022-12-13 11:35:43,2022-12-13 11:35:58,15,3000,200,0.668104,0.813080,0.000000,1.000000,Barely acceptable,
ECG_CH2,4807,2022-12-13 11:35:58,2022-12-13 11:36:13,15,3000,200,0.790305,0.941472,0.000000,1.000000,Barely acceptable,
ECG_CH2,4808,2022-12-13 11:36:13,2022-12-13 11:36:28,15,3000,200,0.609370,0.732107,0.000000,1.000000,Barely acceptable,
ECG_CH2,4809,2022-12-13 11:36:28,2022-12-13 11:36:43,15,3000,200,0.689977,0.835292,0.000000,1.000000,Barely acceptable,
ECG_CH2,4810,2022-12-13 11:36:43,2022-12-13 11:36:58,15,3000,200,0.624679,0.755627,0.000000,1.000000,Barely acceptable,
ECG_CH2,4811,2022-12-13 11:36:58,2022-12-13 11:37:13,15,3000,200,0.631950,0.695830,0.000000,1.000000,Barely acceptable,
ECG_CH2,4812,2022-12-13 11:37:13,2022-12-13 11:37:28,15,3000,200,0.692653,0.829286,0.000000,1.000000,Barely acceptable,
ECG_CH2,4813,2022-12-13 11:37:28,2022-12-13 11:37:43,15,3000,200,0.716548,0.946095,0.000000,1.000000,Barely acceptable,
ECG_CH2,4814,2022-12-13 11:37:43,2022-12-13 11:37:58,15,3000,200,0.569166,0.576592,0.000000,1.000000,Barely acceptable,
ECG_CH2,4815,2022-12-13 11:37:58,2022-12-13 11:38:13,15,3000,200,0.807838,0.982368,0.000000,1.000000,Barely acceptable,
ECG_CH2,4816,2022-12-13 11:38:13,2022-12-13 11:38:28,15,3000,200,0.700756,0.795052,0.000000,1.000000,Barely acceptable,
ECG_CH2,4817,2022-12-13 11:38:28,2022-12-13 11:38:43,15,3000,200,0.756201,0.821938,0.000000,1.000000,Barely acceptable,
ECG_CH2,4818,2022-12-13 11:38:43,2022-12-13 11:38:58,15,3000,200,0.729092,0.847313,0.000000,1.000000,Barely acceptable,
ECG_CH2,4819,2022-12-13 11:38:58,2022-12-13 11:39:13,15,3000,200,0.543504,0.701108,0.000000,1.000000,Barely acceptable,
ECG_CH2,4820,2022-12-13 11:39:13,2022-12-13 11:39:28,15,3000,200,0.629860,0.695295,0.000000,1.000000,Barely acceptable,
ECG_CH2,4821,2022-12-13 11:39:28,2022-12-13 11:39:43,15,3000,200,0.665300,0.798433,0.000000,1.000000,Barely acceptable,
ECG_CH2,4822,2022-12-13 11:39:43,2022-12-13 11:39:58,15,3000,200,0.690387,0.737936,0.000000,1.000000,Barely acceptable,
ECG_CH2,4823,2022-12-13 11:39:58,2022-12-13 11:40:13,15,3000,200,0.605366,0.716952,0.000000,1.000000,Barely acceptable,
ECG_CH2,4824,2022-12-13 11:40:13,2022-12-13 11:40:28,15,3000,200,0.664201,0.784714,0.000000,1.000000,Barely acceptable,
ECG_CH2,4825,2022-12-13 11:40:28,2022-12-13 11:40:43,15,3000,200,0.596049,0.653081,0.000000,1.000000,Barely acceptable,
ECG_CH2,4826,2022-12-13 11:40:43,2022-12-13 11:40:58,15,3000,200,0.519047,0.464372,0.000000,1.000000,Barely acceptable,
ECG_CH2,4827,2022-12-13 11:40:58,2022-12-13 11:41:13,15,3000,200,0.667617,0.785471,0.000000,1.000000,Barely acceptable,
ECG_CH2,4828,2022-12-13 11:41:13,2022-12-13 11:41:28,15,3000,200,0.692460,0.718576,0.000000,1.000000,Barely acceptable,
ECG_CH2,4829,2022-12-13 11:41:28,2022-12-13 11:41:43,15,3000,200,0.734026,0.778920,0.000000,1.000000,Barely acceptable,
ECG_CH2,4830,2022-12-13 11:41:43,2022-12-13 11:41:58,15,3000,200,0.691274,0.807584,0.000000,1.000000,Barely acceptable,
ECG_CH2,4831,2022-12-13 11:41:58,2022-12-13 11:42:13,15,3000,200,0.592687,0.548803,0.000000,1.000000,Barely acceptable,
ECG_CH2,4832,2022-12-13 11:42:13,2022-12-13 11:42:28,15,3000,200,0.657495,0.619009,0.000000,1.000000,Barely acceptable,
ECG_CH2,4833,2022-12-13 11:42:28,2022-12-13 11:42:43,15,3000,200,0.721052,0.788887,0.000000,1.000000,Barely acceptable,
ECG_CH2,4834,2022-12-13 11:42:43,2022-12-13 11:42:58,15,3000,200,0.616599,0.720324,0.000000,1.000000,Barely acceptable,
ECG_CH2,4835,2022-12-13 11:42:58,2022-12-13 11:43:13,15,3000,200,0.632340,0.660601,0.000000,1.000000,Barely acceptable,
ECG_CH2,4836,2022-12-13 11:43:13,2022-12-13 11:43:28,15,3000,200,0.697507,0.732092,0.000000,1.000000,Barely acceptable,
ECG_CH2,4837,2022-12-13 11:43:28,2022-12-13 11:43:43,15,3000,200,0.709125,0.796437,0.000000,1.000000,Barely acceptable,
ECG_CH2,4838,2022-12-13 11:43:43,2022-12-13 11:43:58,15,3000,200,0.618093,0.615068,0.000000,1.000000,Barely acceptable,
ECG_CH2,4839,2022-12-13 11:43:58,2022-12-13 11:44:13,15,3000,200,0.602047,0.777582,0.000000,1.000000,Barely acceptable,
ECG_CH2,4840,2022-12-13 11:44:13,2022-12-13 11:44:28,15,3000,200,0.648763,0.801693,0.000000,1.000000,Barely acceptable,
ECG_CH2,4841,2022-12-13 11:44:28,2022-12-13 11:44:43,15,3000,200,0.618581,0.755958,0.000000,1.000000,Barely acceptable,
ECG_CH2,4842,2022-12-13 11:44:43,2022-12-13 11:44:58,15,3000,200,0.460132,0.508017,0.000000,1.000000,Barely acceptable,
ECG_CH2,4843,2022-12-13 11:44:58,2022-12-13 11:45:13,15,3000,200,0.570302,0.628394,0.000000,1.000000,Barely acceptable,
ECG_CH2,4844,2022-12-13 11:45:13,2022-12-13 11:45:28,15,3000,200,0.637287,0.653016,0.000000,1.000000,Barely acceptable,
ECG_CH2,4845,2022-12-13 11:45:28,2022-12-13 11:45:43,15,3000,200,0.583170,0.688131,0.000000,1.000000,Barely acceptable,
ECG_CH2,4846,2022-12-13 11:45:43,2022-12-13 11:45:58,15,3000,200,0.583557,0.623668,0.000000,1.000000,Barely acceptable,
ECG_CH2,4847,2022-12-13 11:45:58,2022-12-13 11:46:13,15,3000,200,0.600330,0.670412,0.000000,1.000000,Barely acceptable,
ECG_CH2,4848,2022-12-13 11:46:13,2022-12-13 11:46:28,15,3000,200,0.619577,0.629694,0.000000,1.000000,Barely acceptable,
ECG_CH2,4849,2022-12-13 11:46:28,2022-12-13 11:46:43,15,3000,200,0.631961,0.695422,0.000000,1.000000,Barely acceptable,
ECG_CH2,4850,2022-12-13 11:46:43,2022-12-13 11:46:58,15,3000,200,0.708121,0.892181,0.000000,1.000000,Barely acceptable,
ECG_CH2,4851,2022-12-13 11:46:58,2022-12-13 11:47:13,15,3000,200,0.645693,0.816314,0.000000,1.000000,Barely acceptable,
ECG_CH2,4852,2022-12-13 11:47:13,2022-12-13 11:47:28,15,3000,200,0.506722,0.550557,0.000000,1.000000,Barely acceptable,
ECG_CH2,4853,2022-12-13 11:47:28,2022-12-13 11:47:43,15,3000,200,0.747622,0.847380,0.000000,1.000000,Barely acceptable,
ECG_CH2,4854,2022-12-13 11:47:43,2022-12-13 11:47:58,15,3000,200,0.639741,0.704274,0.000000,1.000000,Barely acceptable,
ECG_CH2,4855,2022-12-13 11:47:58,2022-12-13 11:48:13,15,3000,200,0.602567,0.642849,0.000000,1.000000,Barely acceptable,
ECG_CH2,4856,2022-12-13 11:48:13,2022-12-13 11:48:28,15,3000,200,0.606874,0.707187,0.000000,1.000000,Barely acceptable,
ECG_CH2,4857,2022-12-13 11:48:28,2022-12-13 11:48:43,15,3000,200,0.597482,0.631130,0.000000,1.000000,Barely acceptable,
ECG_CH2,4858,2022-12-13 11:48:43,2022-12-13 11:48:58,15,3000,200,0.655269,0.686208,0.000000,1.000000,Barely acceptable,
ECG_CH2,4859,2022-12-13 11:48:58,2022-12-13 11:49:13,15,3000,200,0.544141,0.518455,0.000000,1.000000,Barely acceptable,
ECG_CH2,4860,2022-12-13 11:49:13,2022-12-13 11:49:28,15,3000,200,0.728992,0.782730,0.000000,1.000000,Barely acceptable,
ECG_CH2,4861,2022-12-13 11:49:28,2022-12-13 11:49:43,15,3000,200,0.510759,0.603891,0.000000,1.000000,Barely acceptable,
ECG_CH2,4862,2022-12-13 11:49:43,2022-12-13 11:49:58,15,3000,200,0.704264,0.705363,0.000000,1.000000,Barely acceptable,
ECG_CH2,4863,2022-12-13 11:49:58,2022-12-13 11:50:13,15,3000,200,0.552863,0.518270,0.000000,1.000000,Barely acceptable,
ECG_CH2,4864,2022-12-13 11:50:13,2022-12-13 11:50:28,15,3000,200,0.741884,0.855350,0.000000,1.000000,Barely acceptable,
ECG_CH2,4865,2022-12-13 11:50:28,2022-12-13 11:50:43,15,3000,200,0.763851,0.931480,0.000000,1.000000,Barely acceptable,
ECG_CH2,4866,2022-12-13 11:50:43,2022-12-13 11:50:58,15,3000,200,0.532225,0.362410,0.000000,1.000000,Barely acceptable,
ECG_CH2,4867,2022-12-13 11:50:58,2022-12-13 11:51:13,15,3000,200,0.631581,0.676763,0.000000,1.000000,Barely acceptable,
ECG_CH2,4868,2022-12-13 11:51:13,2022-12-13 11:51:28,15,3000,200,0.511531,0.516682,0.000000,1.000000,Barely acceptable,
ECG_CH2,4869,2022-12-13 11:51:28,2022-12-13 11:51:43,15,3000,200,0.767787,0.831218,0.000000,1.000000,Barely acceptable,
ECG_CH2,4870,2022-12-13 11:51:43,2022-12-13 11:51:58,15,3000,200,0.750060,0.907643,0.000000,1.000000,Barely acceptable,
ECG_CH2,4871,2022-12-13 11:51:58,2022-12-13 11:52:13,15,3000,200,0.739194,0.898485,0.000000,1.000000,Barely acceptable,
ECG_CH2,4872,2022-12-13 11:52:13,2022-12-13 11:52:28,15,3000,200,0.680847,0.715532,0.000000,1.000000,Barely acceptable,
ECG_CH2,4873,2022-12-13 11:52:28,2022-12-13 11:52:43,15,3000,200,0.689699,0.864942,0.000000,1.000000,Barely acceptable,
ECG_CH2,4874,2022-12-13 11:52:43,2022-12-13 11:52:58,15,3000,200,0.537465,0.436366,0.000000,1.000000,Barely acceptable,
ECG_CH2,4875,2022-12-13 11:52:58,2022-12-13 11:53:13,15,3000,200,0.605513,0.557211,0.000000,1.000000,Barely acceptable,
ECG_CH2,4876,2022-12-13 11:53:13,2022-12-13 11:53:28,15,3000,200,0.763235,0.898749,0.000000,1.000000,Barely acceptable,
ECG_CH2,4877,2022-12-13 11:53:28,2022-12-13 11:53:43,15,3000,200,0.660510,0.834811,0.000000,1.000000,Barely acceptable,
ECG_CH2,4878,2022-12-13 11:53:43,2022-12-13 11:53:58,15,3000,200,0.821377,0.958235,0.000000,1.000000,Barely acceptable,
ECG_CH2,4879,2022-12-13 11:53:58,2022-12-13 11:54:13,15,3000,200,0.574043,0.827430,0.000000,1.000000,Barely acceptable,
ECG_CH2,4880,2022-12-13 11:54:13,2022-12-13 11:54:28,15,3000,200,0.556954,0.662446,0.000000,1.000000,Barely acceptable,
ECG_CH2,4881,2022-12-13 11:54:28,2022-12-13 11:54:43,15,3000,200,0.769976,0.898810,0.000000,1.000000,Barely acceptable,
ECG_CH2,4882,2022-12-13 11:54:43,2022-12-13 11:54:58,15,3000,200,0.454452,0.283635,0.000000,1.000000,Barely acceptable,
ECG_CH2,4883,2022-12-13 11:54:58,2022-12-13 11:55:13,15,3000,200,0.660080,0.765745,0.000000,1.000000,Barely acceptable,
ECG_CH2,4884,2022-12-13 11:55:13,2022-12-13 11:55:28,15,3000,200,0.706761,0.745176,0.000000,1.000000,Barely acceptable,
ECG_CH2,4885,2022-12-13 11:55:28,2022-12-13 11:55:43,15,3000,200,0.796318,0.899108,0.000000,1.000000,Barely acceptable,
ECG_CH2,4886,2022-12-13 11:55:43,2022-12-13 11:55:58,15,3000,200,0.648951,0.806972,0.000000,1.000000,Barely acceptable,
ECG_CH2,4887,2022-12-13 11:55:58,2022-12-13 11:56:13,15,3000,200,0.810920,0.956340,0.000000,1.000000,Barely acceptable,
ECG_CH2,4888,2022-12-13 11:56:13,2022-12-13 11:56:28,15,3000,200,0.632136,0.659135,0.000000,1.000000,Barely acceptable,
ECG_CH2,4889,2022-12-13 11:56:28,2022-12-13 11:56:43,15,3000,200,0.532213,0.619795,0.000000,1.000000,Barely acceptable,
ECG_CH2,4890,2022-12-13 11:56:43,2022-12-13 11:56:58,15,3000,200,0.646314,0.625105,0.000000,1.000000,Barely acceptable,
ECG_CH2,4891,2022-12-13 11:56:58,2022-12-13 11:57:13,15,3000,200,0.783509,0.935967,0.000000,1.000000,Barely acceptable,
ECG_CH2,4892,2022-12-13 11:57:13,2022-12-13 11:57:28,15,3000,200,0.468636,0.536447,0.000000,1.000000,Barely acceptable,
ECG_CH2,4893,2022-12-13 11:57:28,2022-12-13 11:57:43,15,3000,200,0.645915,0.629966,0.000000,1.000000,Barely acceptable,
ECG_CH2,4894,2022-12-13 11:57:43,2022-12-13 11:57:58,15,3000,200,0.671361,0.816814,0.000000,1.000000,Barely acceptable,
ECG_CH2,4895,2022-12-13 11:57:58,2022-12-13 11:58:13,15,3000,200,0.550110,0.631735,0.000000,1.000000,Barely acceptable,
ECG_CH2,4896,2022-12-13 11:58:13,2022-12-13 11:58:28,15,3000,200,0.816264,0.875963,0.000000,1.000000,Barely acceptable,
ECG_CH2,4897,2022-12-13 11:58:28,2022-12-13 11:58:43,15,3000,200,0.778372,0.892811,0.000000,1.000000,Barely acceptable,
ECG_CH2,4898,2022-12-13 11:58:43,2022-12-13 11:58:58,15,3000,200,0.668569,0.766768,0.000000,1.000000,Barely acceptable,
ECG_CH2,4899,2022-12-13 11:58:58,2022-12-13 11:59:13,15,3000,200,0.641474,0.668237,0.000000,1.000000,Barely acceptable,
ECG_CH2,4900,2022-12-13 11:59:13,2022-12-13 11:59:28,15,3000,200,0.673946,0.774856,0.000000,1.000000,Barely acceptable,
ECG_CH2,4901,2022-12-13 11:59:28,2022-12-13 11:59:43,15,3000,200,0.657209,0.703193,0.000000,1.000000,Barely acceptable,
ECG_CH2,4902,2022-12-13 11:59:43,2022-12-13 11:59:58,15,3000,200,0.712717,0.752592,0.000000,1.000000,Barely acceptable,
ECG_CH2,4903,2022-12-13 11:59:58,2022-12-13 12:00:13,15,3000,200,0.617443,0.739242,0.000000,1.000000,Barely acceptable,
ECG_CH2,4904,2022-12-13 12:00:13,2022-12-13 12:00:28,15,3000,200,0.773147,0.848605,0.000000,1.000000,Barely acceptable,
ECG_CH2,4905,2022-12-13 12:00:28,2022-12-13 12:00:43,15,3000,200,0.759034,0.865877,0.000000,1.000000,Barely acceptable,
ECG_CH2,4906,2022-12-13 12:00:43,2022-12-13 12:00:58,15,3000,200,0.544613,0.677882,0.000000,1.000000,Barely acceptable,
ECG_CH2,4907,2022-12-13 12:00:58,2022-12-13 12:01:13,15,3000,200,0.519093,0.553541,0.000000,1.000000,Barely acceptable,
ECG_CH2,4908,2022-12-13 12:01:13,2022-12-13 12:01:28,15,3000,200,0.698295,0.744049,0.000000,1.000000,Barely acceptable,
ECG_CH2,4909,2022-12-13 12:01:28,2022-12-13 12:01:43,15,3000,200,0.512506,0.688054,0.000000,1.000000,Barely acceptable,
ECG_CH2,4910,2022-12-13 12:01:43,2022-12-13 12:01:58,15,3000,200,0.578505,0.651590,0.000000,1.000000,Barely acceptable,
ECG_CH2,4911,2022-12-13 12:01:58,2022-12-13 12:02:13,15,3000,200,0.481226,0.357178,0.000000,1.000000,Barely acceptable,
ECG_CH2,4912,2022-12-13 12:02:13,2022-12-13 12:02:28,15,3000,200,0.681377,0.788566,0.000000,1.000000,Barely acceptable,
ECG_CH2,4913,2022-12-13 12:02:28,2022-12-13 12:02:43,15,3000,200,0.622018,0.702199,0.000000,1.000000,Barely acceptable,
ECG_CH2,4914,2022-12-13 12:02:43,2022-12-13 12:02:58,15,3000,200,0.595694,0.576338,0.000000,1.000000,Barely acceptable,
ECG_CH2,4915,2022-12-13 12:02:58,2022-12-13 12:03:13,15,3000,200,0.513414,0.551834,0.000000,1.000000,Barely acceptable,
ECG_CH2,4916,2022-12-13 12:03:13,2022-12-13 12:03:28,15,3000,200,0.616999,0.774790,0.000000,1.000000,Barely acceptable,
ECG_CH2,4917,2022-12-13 12:03:28,2022-12-13 12:03:43,15,3000,200,0.825327,0.919516,0.000000,1.000000,Barely acceptable,
ECG_CH2,4918,2022-12-13 12:03:43,2022-12-13 12:03:58,15,3000,200,0.590520,0.583842,0.000000,1.000000,Barely acceptable,
ECG_CH2,4919,2022-12-13 12:03:58,2022-12-13 12:04:13,15,3000,200,0.763980,0.886871,0.000000,1.000000,Barely acceptable,
ECG_CH2,4920,2022-12-13 12:04:13,2022-12-13 12:04:28,15,3000,200,0.602387,0.670669,0.000000,1.000000,Barely acceptable,
ECG_CH2,4921,2022-12-13 12:04:28,2022-12-13 12:04:43,15,3000,200,0.618747,0.758564,0.000000,1.000000,Barely acceptable,
ECG_CH2,4922,2022-12-13 12:04:43,2022-12-13 12:04:58,15,3000,200,0.670993,0.757989,0.000000,1.000000,Barely acceptable,
ECG_CH2,4923,2022-12-13 12:04:58,2022-12-13 12:05:13,15,3000,200,0.723722,0.846771,0.000000,1.000000,Barely acceptable,
ECG_CH2,4924,2022-12-13 12:05:13,2022-12-13 12:05:28,15,3000,200,0.621653,0.694577,0.000000,1.000000,Barely acceptable,
ECG_CH2,4925,2022-12-13 12:05:28,2022-12-13 12:05:43,15,3000,200,0.705712,0.809504,0.000000,1.000000,Barely acceptable,
ECG_CH2,4926,2022-12-13 12:05:43,2022-12-13 12:05:58,15,3000,200,0.702130,0.865603,0.000000,1.000000,Barely acceptable,
ECG_CH2,4927,2022-12-13 12:05:58,2022-12-13 12:06:13,15,3000,200,0.732664,0.853687,0.000000,1.000000,Barely acceptable,
ECG_CH2,4928,2022-12-13 12:06:13,2022-12-13 12:06:28,15,3000,200,0.606512,0.772180,0.000000,1.000000,Barely acceptable,
ECG_CH2,4929,2022-12-13 12:06:28,2022-12-13 12:06:43,15,3000,200,0.711446,0.834596,0.000000,1.000000,Barely acceptable,
ECG_CH2,4930,2022-12-13 12:06:43,2022-12-13 12:06:58,15,3000,200,0.763919,0.878718,0.000000,1.000000,Barely acceptable,
ECG_CH2,4931,2022-12-13 12:06:58,2022-12-13 12:07:13,15,3000,200,0.442004,0.469060,0.000000,1.000000,Barely acceptable,
ECG_CH2,4932,2022-12-13 12:07:13,2022-12-13 12:07:28,15,3000,200,0.619917,0.617014,0.000000,1.000000,Barely acceptable,
ECG_CH2,4933,2022-12-13 12:07:28,2022-12-13 12:07:43,15,3000,200,0.772601,0.871842,0.000000,1.000000,Barely acceptable,
ECG_CH2,4934,2022-12-13 12:07:43,2022-12-13 12:07:58,15,3000,200,0.655682,0.712218,0.000000,1.000000,Barely acceptable,
ECG_CH2,4935,2022-12-13 12:07:58,2022-12-13 12:08:13,15,3000,200,0.630137,0.576318,0.000000,1.000000,Barely acceptable,
ECG_CH2,4936,2022-12-13 12:08:13,2022-12-13 12:08:28,15,3000,200,0.660613,0.713657,0.000000,1.000000,Barely acceptable,
ECG_CH2,4937,2022-12-13 12:08:28,2022-12-13 12:08:43,15,3000,200,0.771659,0.910941,0.000000,1.000000,Barely acceptable,
ECG_CH2,4938,2022-12-13 12:08:43,2022-12-13 12:08:58,15,3000,200,0.642028,0.690194,0.000000,1.000000,Barely acceptable,
ECG_CH2,4939,2022-12-13 12:08:58,2022-12-13 12:09:13,15,3000,200,0.685924,0.807576,0.000000,1.000000,Barely acceptable,
ECG_CH2,4940,2022-12-13 12:09:13,2022-12-13 12:09:28,15,3000,200,0.573444,0.615159,0.000000,1.000000,Barely acceptable,
ECG_CH2,4941,2022-12-13 12:09:28,2022-12-13 12:09:43,15,3000,200,0.404164,0.336651,0.000000,1.000000,Barely acceptable,
ECG_CH2,4942,2022-12-13 12:09:43,2022-12-13 12:09:58,15,3000,200,0.712620,0.837772,0.000000,1.000000,Barely acceptable,
ECG_CH2,4943,2022-12-13 12:09:58,2022-12-13 12:10:13,15,3000,200,0.636730,0.756614,0.000000,1.000000,Barely acceptable,
ECG_CH2,4944,2022-12-13 12:10:13,2022-12-13 12:10:28,15,3000,200,0.449247,0.409420,0.000000,1.000000,Barely acceptable,
ECG_CH2,4945,2022-12-13 12:10:28,2022-12-13 12:10:43,15,3000,200,0.621111,0.662944,0.000000,1.000000,Barely acceptable,
ECG_CH2,4946,2022-12-13 12:10:43,2022-12-13 12:10:58,15,3000,200,0.817095,0.896932,0.000000,1.000000,Barely acceptable,
ECG_CH2,4947,2022-12-13 12:10:58,2022-12-13 12:11:13,15,3000,200,0.578213,0.661683,0.000000,1.000000,Barely acceptable,
ECG_CH2,4948,2022-12-13 12:11:13,2022-12-13 12:11:28,15,3000,200,0.667499,0.712708,0.000000,1.000000,Barely acceptable,
ECG_CH2,4949,2022-12-13 12:11:28,2022-12-13 12:11:43,15,3000,200,0.544798,0.614925,0.000000,1.000000,Barely acceptable,
ECG_CH2,4950,2022-12-13 12:11:43,2022-12-13 12:11:58,15,3000,200,0.712415,0.919583,0.000000,1.000000,Barely acceptable,
ECG_CH2,4951,2022-12-13 12:11:58,2022-12-13 12:12:13,15,3000,200,0.639139,0.693103,0.000000,1.000000,Barely acceptable,
ECG_CH2,4952,2022-12-13 12:12:13,2022-12-13 12:12:28,15,3000,200,0.627270,0.655576,0.000000,1.000000,Barely acceptable,
ECG_CH2,4953,2022-12-13 12:12:28,2022-12-13 12:12:43,15,3000,200,0.593285,0.600042,0.000000,1.000000,Barely acceptable,
ECG_CH2,4954,2022-12-13 12:12:43,2022-12-13 12:12:58,15,3000,200,0.583381,0.637694,0.000000,1.000000,Barely acceptable,
ECG_CH2,4955,2022-12-13 12:12:58,2022-12-13 12:13:13,15,3000,200,0.684955,0.816812,0.000000,1.000000,Barely acceptable,
ECG_CH2,4956,2022-12-13 12:13:13,2022-12-13 12:13:28,15,3000,200,0.722743,0.820373,0.000000,1.000000,Barely acceptable,
ECG_CH2,4957,2022-12-13 12:13:28,2022-12-13 12:13:43,15,3000,200,0.637257,0.681058,0.000000,1.000000,Barely acceptable,
ECG_CH2,4958,2022-12-13 12:13:43,2022-12-13 12:13:58,15,3000,200,0.678802,0.825857,0.000000,1.000000,Barely acceptable,
ECG_CH2,4959,2022-12-13 12:13:58,2022-12-13 12:14:13,15,3000,200,0.751886,0.961048,0.000000,1.000000,Barely acceptable,
ECG_CH2,4960,2022-12-13 12:14:13,2022-12-13 12:14:28,15,3000,200,0.567774,0.624130,0.000000,1.000000,Excellent,
ECG_CH2,4961,2022-12-13 12:14:28,2022-12-13 12:14:43,15,3000,200,0.674408,0.787371,0.000000,1.000000,Barely acceptable,
ECG_CH2,4962,2022-12-13 12:14:43,2022-12-13 12:14:58,15,3000,200,0.494315,0.511944,0.000000,1.000000,Barely acceptable,
ECG_CH2,4963,2022-12-13 12:14:58,2022-12-13 12:15:13,15,3000,200,0.711733,0.775257,0.000000,1.000000,Barely acceptable,
ECG_CH2,4964,2022-12-13 12:15:13,2022-12-13 12:15:28,15,3000,200,0.694654,0.813079,0.000000,1.000000,Barely acceptable,
ECG_CH2,4965,2022-12-13 12:15:28,2022-12-13 12:15:43,15,3000,200,0.735513,0.758183,0.000000,1.000000,Barely acceptable,
ECG_CH2,4966,2022-12-13 12:15:43,2022-12-13 12:15:58,15,3000,200,0.757656,0.853581,0.000000,1.000000,Barely acceptable,
ECG_CH2,4967,2022-12-13 12:15:58,2022-12-13 12:16:13,15,3000,200,0.615501,0.704569,0.000000,1.000000,Barely acceptable,
ECG_CH2,4968,2022-12-13 12:16:13,2022-12-13 12:16:28,15,3000,200,0.597639,0.629615,0.000000,1.000000,Barely acceptable,
ECG_CH2,4969,2022-12-13 12:16:28,2022-12-13 12:16:43,15,3000,200,0.622770,0.669382,0.000000,1.000000,Excellent,
ECG_CH2,4970,2022-12-13 12:16:43,2022-12-13 12:16:58,15,3000,200,0.586346,0.681760,0.000000,1.000000,Barely acceptable,
ECG_CH2,4971,2022-12-13 12:16:58,2022-12-13 12:17:13,15,3000,200,0.681170,0.697014,0.000000,1.000000,Barely acceptable,
ECG_CH2,4972,2022-12-13 12:17:13,2022-12-13 12:17:28,15,3000,200,0.496363,0.520880,0.000000,1.000000,Barely acceptable,
ECG_CH2,4973,2022-12-13 12:17:28,2022-12-13 12:17:43,15,3000,200,0.697487,0.764995,0.000000,1.000000,Excellent,
ECG_CH2,4974,2022-12-13 12:17:43,2022-12-13 12:17:58,15,3000,200,0.795804,0.865623,0.000000,1.000000,Barely acceptable,
ECG_CH2,4975,2022-12-13 12:17:58,2022-12-13 12:18:13,15,3000,200,0.761478,0.828600,0.000000,1.000000,Barely acceptable,
ECG_CH2,4976,2022-12-13 12:18:13,2022-12-13 12:18:28,15,3000,200,0.687424,0.867096,0.000000,1.000000,Barely acceptable,
ECG_CH2,4977,2022-12-13 12:18:28,2022-12-13 12:18:43,15,3000,200,0.546311,0.692199,0.000000,1.000000,Barely acceptable,
ECG_CH2,4978,2022-12-13 12:18:43,2022-12-13 12:18:58,15,3000,200,0.680738,0.840122,0.000000,1.000000,Excellent,
ECG_CH2,4979,2022-12-13 12:18:58,2022-12-13 12:19:13,15,3000,200,0.678944,0.730526,0.000000,1.000000,Barely acceptable,
ECG_CH2,4980,2022-12-13 12:19:13,2022-12-13 12:19:28,15,3000,200,0.750126,0.830134,0.000000,1.000000,Barely acceptable,
ECG_CH2,4981,2022-12-13 12:19:28,2022-12-13 12:19:43,15,3000,200,0.733161,0.817283,0.000000,1.000000,Barely acceptable,
ECG_CH2,4982,2022-12-13 12:19:43,2022-12-13 12:19:58,15,3000,200,0.639326,0.701796,0.000000,1.000000,Barely acceptable,
ECG_CH2,4983,2022-12-13 12:19:58,2022-12-13 12:20:13,15,3000,200,0.536876,0.656038,0.000000,1.000000,Barely acceptable,
ECG_CH2,4984,2022-12-13 12:20:13,2022-12-13 12:20:28,15,3000,200,0.705059,0.832256,0.000000,1.000000,Barely acceptable,
ECG_CH2,4985,2022-12-13 12:20:28,2022-12-13 12:20:43,15,3000,200,0.665992,0.685313,0.000000,1.000000,Barely acceptable,
ECG_CH2,4986,2022-12-13 12:20:43,2022-12-13 12:20:58,15,3000,200,0.831658,0.913287,0.000000,1.000000,Barely acceptable,
ECG_CH2,4987,2022-12-13 12:20:58,2022-12-13 12:21:13,15,3000,200,0.687310,0.817893,0.000000,1.000000,Barely acceptable,
ECG_CH2,4988,2022-12-13 12:21:13,2022-12-13 12:21:28,15,3000,200,0.677546,0.816342,0.000000,1.000000,Barely acceptable,
ECG_CH2,4989,2022-12-13 12:21:28,2022-12-13 12:21:43,15,3000,200,0.722659,0.850744,0.000000,1.000000,Barely acceptable,
ECG_CH2,4990,2022-12-13 12:21:43,2022-12-13 12:21:58,15,3000,200,0.563516,0.722066,0.000000,1.000000,Barely acceptable,
ECG_CH2,4991,2022-12-13 12:21:58,2022-12-13 12:22:13,15,3000,200,0.579653,0.625787,0.000000,1.000000,Barely acceptable,
ECG_CH2,4992,2022-12-13 12:22:13,2022-12-13 12:22:28,15,3000,200,0.675221,0.767331,0.000000,1.000000,Barely acceptable,
ECG_CH2,4993,2022-12-13 12:22:28,2022-12-13 12:22:43,15,3000,200,0.794164,0.887523,0.000000,1.000000,Barely acceptable,
ECG_CH2,4994,2022-12-13 12:22:43,2022-12-13 12:22:58,15,3000,200,0.565363,0.716845,0.000000,1.000000,Excellent,
ECG_CH2,4995,2022-12-13 12:22:58,2022-12-13 12:23:13,15,3000,200,0.622951,0.677462,0.000000,1.000000,Excellent,
ECG_CH2,4996,2022-12-13 12:23:13,2022-12-13 12:23:28,15,3000,200,0.644017,0.768084,0.000000,1.000000,Barely acceptable,
ECG_CH2,4997,2022-12-13 12:23:28,2022-12-13 12:23:43,15,3000,200,0.505918,0.500378,0.000000,1.000000,Barely acceptable,
ECG_CH2,4998,2022-12-13 12:23:43,2022-12-13 12:23:58,15,3000,200,0.521447,0.510704,0.000000,1.000000,Barely acceptable,
ECG_CH2,4999,2022-12-13 12:23:58,2022-12-13 12:24:13,15,3000,200,0.604144,0.683251,0.000000,1.000000,Barely acceptable,
ECG_CH2,5000,2022-12-13 12:24:13,2022-12-13 12:24:28,15,3000,200,0.613459,0.643523,0.000000,1.000000,Barely acceptable,
ECG_CH2,5001,2022-12-13 12:24:28,2022-12-13 12:24:43,15,3000,200,0.834292,0.952821,0.000000,1.000000,Barely acceptable,
ECG_CH2,5002,2022-12-13 12:24:43,2022-12-13 12:24:58,15,3000,200,0.653926,0.722448,0.000000,1.000000,Barely acceptable,
ECG_CH2,5003,2022-12-13 12:24:58,2022-12-13 12:25:13,15,3000,200,0.674232,0.763324,0.000000,1.000000,Barely acceptable,
ECG_CH2,5004,2022-12-13 12:25:13,2022-12-13 12:25:28,15,3000,200,0.627677,0.555920,0.000000,1.000000,Barely acceptable,
ECG_CH2,5005,2022-12-13 12:25:28,2022-12-13 12:25:43,15,3000,200,0.663059,0.763505,0.000000,1.000000,Barely acceptable,
ECG_CH2,5006,2022-12-13 12:25:43,2022-12-13 12:25:58,15,3000,200,0.596875,0.649677,0.000000,1.000000,Barely acceptable,
ECG_CH2,5007,2022-12-13 12:25:58,2022-12-13 12:26:13,15,3000,200,0.715572,0.719832,0.000000,1.000000,Barely acceptable,
ECG_CH2,5008,2022-12-13 12:26:13,2022-12-13 12:26:28,15,3000,200,0.674114,0.799905,0.000000,1.000000,Barely acceptable,
ECG_CH2,5009,2022-12-13 12:26:28,2022-12-13 12:26:43,15,3000,200,0.466662,0.342352,0.000000,1.000000,Excellent,
ECG_CH2,5010,2022-12-13 12:26:43,2022-12-13 12:26:58,15,3000,200,0.640307,0.728900,0.000000,1.000000,Barely acceptable,
ECG_CH2,5011,2022-12-13 12:26:58,2022-12-13 12:27:13,15,3000,200,0.800911,0.889107,0.000000,1.000000,Barely acceptable,
ECG_CH2,5012,2022-12-13 12:27:13,2022-12-13 12:27:28,15,3000,200,0.693400,0.751427,0.000000,1.000000,Barely acceptable,
ECG_CH2,5013,2022-12-13 12:27:28,2022-12-13 12:27:43,15,3000,200,0.738922,0.868889,0.000000,1.000000,Barely acceptable,
ECG_CH2,5014,2022-12-13 12:27:43,2022-12-13 12:27:58,15,3000,200,0.760909,0.939769,0.000000,1.000000,Barely acceptable,
ECG_CH2,5015,2022-12-13 12:27:58,2022-12-13 12:28:13,15,3000,200,0.615976,0.788271,0.000000,1.000000,Barely acceptable,
ECG_CH2,5016,2022-12-13 12:28:13,2022-12-13 12:28:28,15,3000,200,0.692204,0.794345,0.000000,1.000000,Barely acceptable,
ECG_CH2,5017,2022-12-13 12:28:28,2022-12-13 12:28:43,15,3000,200,0.772776,0.826042,0.000000,1.000000,Barely acceptable,
ECG_CH2,5018,2022-12-13 12:28:43,2022-12-13 12:28:58,15,3000,200,0.670489,0.774160,0.000000,1.000000,Barely acceptable,
ECG_CH2,5019,2022-12-13 12:28:58,2022-12-13 12:29:13,15,3000,200,0.630799,0.754956,0.000000,1.000000,Barely acceptable,
ECG_CH2,5020,2022-12-13 12:29:13,2022-12-13 12:29:28,15,3000,200,0.579170,0.654379,0.000000,1.000000,Barely acceptable,
ECG_CH2,5021,2022-12-13 12:29:28,2022-12-13 12:29:43,15,3000,200,0.640637,0.792184,0.000000,1.000000,Barely acceptable,
ECG_CH2,5022,2022-12-13 12:29:43,2022-12-13 12:29:58,15,3000,200,0.648151,0.843833,0.000000,1.000000,Barely acceptable,
ECG_CH2,5023,2022-12-13 12:29:58,2022-12-13 12:30:13,15,3000,200,0.741456,0.798350,0.000000,1.000000,Excellent,
ECG_CH2,5024,2022-12-13 12:30:13,2022-12-13 12:30:28,15,3000,200,0.756954,0.879384,0.000000,1.000000,Barely acceptable,
ECG_CH2,5025,2022-12-13 12:30:28,2022-12-13 12:30:43,15,3000,200,0.857606,0.909078,0.000000,1.000000,Barely acceptable,
ECG_CH2,5026,2022-12-13 12:30:43,2022-12-13 12:30:58,15,3000,200,0.712062,0.883677,0.000000,1.000000,Barely acceptable,
ECG_CH2,5027,2022-12-13 12:30:58,2022-12-13 12:31:13,15,3000,200,0.707101,0.766019,0.000000,1.000000,Barely acceptable,
ECG_CH2,5028,2022-12-13 12:31:13,2022-12-13 12:31:28,15,3000,200,0.597334,0.544398,0.000000,1.000000,Barely acceptable,
ECG_CH2,5029,2022-12-13 12:31:28,2022-12-13 12:31:43,15,3000,200,0.552074,0.563016,0.000000,1.000000,Barely acceptable,
ECG_CH2,5030,2022-12-13 12:31:43,2022-12-13 12:31:58,15,3000,200,0.737080,0.759731,0.000000,1.000000,Barely acceptable,
ECG_CH2,5031,2022-12-13 12:31:58,2022-12-13 12:32:13,15,3000,200,0.542493,0.517058,0.000000,1.000000,Barely acceptable,
ECG_CH2,5032,2022-12-13 12:32:13,2022-12-13 12:32:28,15,3000,200,0.746114,0.831906,0.000000,1.000000,Barely acceptable,
ECG_CH2,5033,2022-12-13 12:32:28,2022-12-13 12:32:43,15,3000,200,0.736172,0.867941,0.000000,1.000000,Barely acceptable,
ECG_CH2,5034,2022-12-13 12:32:43,2022-12-13 12:32:58,15,3000,200,0.607562,0.747398,0.000000,1.000000,Barely acceptable,
ECG_CH2,5035,2022-12-13 12:32:58,2022-12-13 12:33:13,15,3000,200,0.716969,0.841435,0.000000,1.000000,Barely acceptable,
ECG_CH2,5036,2022-12-13 12:33:13,2022-12-13 12:33:28,15,3000,200,0.746892,0.880703,0.000000,1.000000,Barely acceptable,
ECG_CH2,5037,2022-12-13 12:33:28,2022-12-13 12:33:43,15,3000,200,0.502685,0.609028,0.000000,1.000000,Barely acceptable,
ECG_CH2,5038,2022-12-13 12:33:43,2022-12-13 12:33:58,15,3000,200,0.601438,0.629322,0.000000,1.000000,Barely acceptable,
ECG_CH2,5039,2022-12-13 12:33:58,2022-12-13 12:34:13,15,3000,200,0.647676,0.745681,0.000000,1.000000,Barely acceptable,
ECG_CH2,5040,2022-12-13 12:34:13,2022-12-13 12:34:28,15,3000,200,0.702123,0.711337,0.000000,1.000000,Barely acceptable,
ECG_CH2,5041,2022-12-13 12:34:28,2022-12-13 12:34:43,15,3000,200,0.617453,0.742379,0.000000,1.000000,Barely acceptable,
ECG_CH2,5042,2022-12-13 12:34:43,2022-12-13 12:34:58,15,3000,200,0.713575,0.826946,0.000000,1.000000,Barely acceptable,
ECG_CH2,5043,2022-12-13 12:34:58,2022-12-13 12:35:13,15,3000,200,0.770453,0.932400,0.000000,1.000000,Unacceptable,
ECG_CH2,5044,2022-12-13 12:35:13,2022-12-13 12:35:28,15,3000,200,0.793134,0.916286,0.000000,1.000000,Excellent,
ECG_CH2,5045,2022-12-13 12:35:28,2022-12-13 12:35:43,15,3000,200,0.679805,0.799407,0.000000,1.000000,Barely acceptable,
ECG_CH2,5046,2022-12-13 12:35:43,2022-12-13 12:35:58,15,3000,200,0.684973,0.712225,0.000000,1.000000,Barely acceptable,
ECG_CH2,5047,2022-12-13 12:35:58,2022-12-13 12:36:13,15,3000,200,0.778853,0.809678,0.000000,1.000000,Barely acceptable,
ECG_CH2,5048,2022-12-13 12:36:13,2022-12-13 12:36:28,15,3000,200,0.752023,0.812133,0.000000,1.000000,Barely acceptable,
ECG_CH2,5049,2022-12-13 12:36:28,2022-12-13 12:36:43,15,3000,200,0.791315,0.835438,0.000000,1.000000,Barely acceptable,
ECG_CH2,5050,2022-12-13 12:36:43,2022-12-13 12:36:58,15,3000,200,0.589740,0.718571,0.000000,1.000000,Barely acceptable,
ECG_CH2,5051,2022-12-13 12:36:58,2022-12-13 12:37:13,15,3000,200,0.583461,0.548532,0.000000,1.000000,Barely acceptable,
ECG_CH2,5052,2022-12-13 12:37:13,2022-12-13 12:37:28,15,3000,200,0.562411,0.591632,0.000000,1.000000,Barely acceptable,
ECG_CH2,5053,2022-12-13 12:37:28,2022-12-13 12:37:43,15,3000,200,0.695937,0.762371,0.000000,1.000000,Barely acceptable,
ECG_CH2,5054,2022-12-13 12:37:43,2022-12-13 12:37:58,15,3000,200,0.789770,0.936091,0.000000,1.000000,Barely acceptable,
ECG_CH2,5055,2022-12-13 12:37:58,2022-12-13 12:38:13,15,3000,200,0.653979,0.673980,0.000000,1.000000,Barely acceptable,
ECG_CH2,5056,2022-12-13 12:38:13,2022-12-13 12:38:28,15,3000,200,0.761025,0.825178,0.000000,1.000000,Excellent,
ECG_CH2,5057,2022-12-13 12:38:28,2022-12-13 12:38:43,15,3000,200,0.769602,0.815043,0.000000,1.000000,Barely acceptable,
ECG_CH2,5058,2022-12-13 12:38:43,2022-12-13 12:38:58,15,3000,200,0.651419,0.757225,0.000000,1.000000,Excellent,
ECG_CH2,5059,2022-12-13 12:38:58,2022-12-13 12:39:13,15,3000,200,0.600529,0.543274,0.000000,1.000000,Barely acceptable,
ECG_CH2,5060,2022-12-13 12:39:13,2022-12-13 12:39:28,15,3000,200,0.721976,0.758119,0.000000,1.000000,Barely acceptable,
ECG_CH2,5061,2022-12-13 12:39:28,2022-12-13 12:39:43,15,3000,200,0.630878,0.776384,0.000000,1.000000,Barely acceptable,
ECG_CH2,5062,2022-12-13 12:39:43,2022-12-13 12:39:58,15,3000,200,0.623373,0.568359,0.000000,1.000000,Barely acceptable,
ECG_CH2,5063,2022-12-13 12:39:58,2022-12-13 12:40:13,15,3000,200,0.666054,0.727887,0.000000,1.000000,Excellent,
ECG_CH2,5064,2022-12-13 12:40:13,2022-12-13 12:40:28,15,3000,200,0.731855,0.772113,0.000000,1.000000,Barely acceptable,
ECG_CH2,5065,2022-12-13 12:40:28,2022-12-13 12:40:43,15,3000,200,0.616685,0.737956,0.000000,1.000000,Barely acceptable,
ECG_CH2,5066,2022-12-13 12:40:43,2022-12-13 12:40:58,15,3000,200,0.662930,0.777398,0.000000,1.000000,Excellent,
ECG_CH2,5067,2022-12-13 12:40:58,2022-12-13 12:41:13,15,3000,200,0.479371,0.563748,0.000000,1.000000,Barely acceptable,
ECG_CH2,5068,2022-12-13 12:41:13,2022-12-13 12:41:28,15,3000,200,0.660350,0.711952,0.000000,1.000000,Excellent,
ECG_CH2,5069,2022-12-13 12:41:28,2022-12-13 12:41:43,15,3000,200,0.743519,0.852326,0.000000,1.000000,Excellent,
ECG_CH2,5070,2022-12-13 12:41:43,2022-12-13 12:41:58,15,3000,200,0.733011,0.878919,0.000000,1.000000,Excellent,
ECG_CH2,5071,2022-12-13 12:41:58,2022-12-13 12:42:13,15,3000,200,0.798408,0.865102,0.000000,1.000000,Excellent,
ECG_CH2,5072,2022-12-13 12:42:13,2022-12-13 12:42:28,15,3000,200,0.755783,0.835841,0.000000,1.000000,Excellent,
ECG_CH2,5073,2022-12-13 12:42:28,2022-12-13 12:42:43,15,3000,200,0.676962,0.824643,0.000000,1.000000,Excellent,
ECG_CH2,5074,2022-12-13 12:42:43,2022-12-13 12:42:58,15,3000,200,0.656241,0.743814,0.000000,1.000000,Excellent,
ECG_CH2,5075,2022-12-13 12:42:58,2022-12-13 12:43:13,15,3000,200,0.661463,0.794157,0.000000,1.000000,Excellent,
ECG_CH2,5076,2022-12-13 12:43:13,2022-12-13 12:43:28,15,3000,200,0.682725,0.742656,0.000000,1.000000,Excellent,
ECG_CH2,5077,2022-12-13 12:43:28,2022-12-13 12:43:43,15,3000,200,0.614074,0.685604,0.000000,1.000000,Excellent,
ECG_CH2,5078,2022-12-13 12:43:43,2022-12-13 12:43:58,15,3000,200,0.593663,0.577426,0.000000,1.000000,Excellent,
ECG_CH2,5079,2022-12-13 12:43:58,2022-12-13 12:44:13,15,3000,200,0.652407,0.701419,0.000000,1.000000,Barely acceptable,
ECG_CH2,5080,2022-12-13 12:44:13,2022-12-13 12:44:28,15,3000,200,0.625742,0.788533,0.000000,1.000000,Excellent,
ECG_CH2,5081,2022-12-13 12:44:28,2022-12-13 12:44:43,15,3000,200,0.702875,0.850811,0.000000,1.000000,Barely acceptable,
ECG_CH2,5082,2022-12-13 12:44:43,2022-12-13 12:44:58,15,3000,200,0.698813,0.872653,0.000000,1.000000,Unacceptable,
ECG_CH2,5083,2022-12-13 12:44:58,2022-12-13 12:45:13,15,3000,200,0.749311,0.840123,0.000000,1.000000,Barely acceptable,
ECG_CH2,5084,2022-12-13 12:45:13,2022-12-13 12:45:28,15,3000,200,0.695418,0.788362,0.000000,1.000000,Excellent,
ECG_CH2,5085,2022-12-13 12:45:28,2022-12-13 12:45:43,15,3000,200,0.597481,0.750651,0.000000,1.000000,Barely acceptable,
ECG_CH2,5086,2022-12-13 12:45:43,2022-12-13 12:45:58,15,3000,200,0.698555,0.784027,0.000000,1.000000,Unacceptable,
ECG_CH2,5087,2022-12-13 12:45:58,2022-12-13 12:46:13,15,3000,200,0.673720,0.672638,0.000000,1.000000,Barely acceptable,
ECG_CH2,5088,2022-12-13 12:46:13,2022-12-13 12:46:28,15,3000,200,0.621608,0.719822,0.000000,1.000000,Excellent,
ECG_CH2,5089,2022-12-13 12:46:28,2022-12-13 12:46:43,15,3000,200,0.723672,0.830051,0.000000,1.000000,Excellent,
ECG_CH2,5090,2022-12-13 12:46:43,2022-12-13 12:46:58,15,3000,200,0.747783,0.855846,0.000000,1.000000,Excellent,
ECG_CH2,5091,2022-12-13 12:46:58,2022-12-13 12:47:13,15,3000,200,0.747214,0.781531,0.000000,1.000000,Unacceptable,
ECG_CH2,5092,2022-12-13 12:47:13,2022-12-13 12:47:28,15,3000,200,0.717671,0.724792,0.000000,1.000000,Excellent,
ECG_CH2,5093,2022-12-13 12:47:28,2022-12-13 12:47:43,15,3000,200,0.676049,0.748332,0.000000,1.000000,Barely acceptable,
ECG_CH2,5094,2022-12-13 12:47:43,2022-12-13 12:47:58,15,3000,200,0.735758,0.779440,0.000000,1.000000,Excellent,
ECG_CH2,5095,2022-12-13 12:47:58,2022-12-13 12:48:13,15,3000,200,0.685988,0.793639,0.000000,1.000000,Barely acceptable,
ECG_CH2,5096,2022-12-13 12:48:13,2022-12-13 12:48:28,15,3000,200,0.802571,0.885793,0.000000,1.000000,Barely acceptable,
ECG_CH2,5097,2022-12-13 12:48:28,2022-12-13 12:48:43,15,3000,200,0.735461,0.871178,0.000000,1.000000,Barely acceptable,
ECG_CH2,5098,2022-12-13 12:48:43,2022-12-13 12:48:58,15,3000,200,0.660259,0.749947,0.000000,1.000000,Barely acceptable,
ECG_CH2,5099,2022-12-13 12:48:58,2022-12-13 12:49:13,15,3000,200,0.675709,0.823420,0.000000,1.000000,Barely acceptable,
ECG_CH2,5100,2022-12-13 12:49:13,2022-12-13 12:49:28,15,3000,200,0.668429,0.764898,0.000000,1.000000,Barely acceptable,
ECG_CH2,5101,2022-12-13 12:49:28,2022-12-13 12:49:43,15,3000,200,0.572186,0.694923,0.000000,1.000000,Excellent,
ECG_CH2,5102,2022-12-13 12:49:43,2022-12-13 12:49:58,15,3000,200,0.619484,0.721531,0.000000,1.000000,Excellent,
ECG_CH2,5103,2022-12-13 12:49:58,2022-12-13 12:50:13,15,3000,200,0.660610,0.707254,0.000000,1.000000,Barely acceptable,
ECG_CH2,5104,2022-12-13 12:50:13,2022-12-13 12:50:28,15,3000,200,0.730975,0.832496,0.000000,1.000000,Barely acceptable,
ECG_CH2,5105,2022-12-13 12:50:28,2022-12-13 12:50:43,15,3000,200,0.694401,0.795687,0.000000,1.000000,Barely acceptable,
ECG_CH2,5106,2022-12-13 12:50:43,2022-12-13 12:50:58,15,3000,200,0.502698,0.509316,0.000000,1.000000,Excellent,
ECG_CH2,5107,2022-12-13 12:50:58,2022-12-13 12:51:13,15,3000,200,0.786561,0.863029,0.000000,1.000000,Barely acceptable,
ECG_CH2,5108,2022-12-13 12:51:13,2022-12-13 12:51:28,15,3000,200,0.718511,0.790143,0.000000,1.000000,Barely acceptable,
ECG_CH2,5109,2022-12-13 12:51:28,2022-12-13 12:51:43,15,3000,200,0.569500,0.514726,0.000000,1.000000,Barely acceptable,
ECG_CH2,5110,2022-12-13 12:51:43,2022-12-13 12:51:58,15,3000,200,0.619305,0.768793,0.000000,1.000000,Barely acceptable,
ECG_CH2,5111,2022-12-13 12:51:58,2022-12-13 12:52:13,15,3000,200,0.555111,0.406011,0.000000,1.000000,Barely acceptable,
ECG_CH2,5112,2022-12-13 12:52:13,2022-12-13 12:52:28,15,3000,200,0.627869,0.666797,0.000000,1.000000,Excellent,
ECG_CH2,5113,2022-12-13 12:52:28,2022-12-13 12:52:43,15,3000,200,0.755190,0.858345,0.000000,1.000000,Excellent,
ECG_CH2,5114,2022-12-13 12:52:43,2022-12-13 12:52:58,15,3000,200,0.537085,0.613726,0.000000,1.000000,Barely acceptable,
ECG_CH2,5115,2022-12-13 12:52:58,2022-12-13 12:53:13,15,3000,200,0.584382,0.598943,0.000000,1.000000,Excellent,
ECG_CH2,5116,2022-12-13 12:53:13,2022-12-13 12:53:28,15,3000,200,0.518097,0.501092,0.000000,1.000000,Barely acceptable,
ECG_CH2,5117,2022-12-13 12:53:28,2022-12-13 12:53:43,15,3000,200,0.737066,0.803847,0.000000,1.000000,Barely acceptable,
ECG_CH2,5118,2022-12-13 12:53:43,2022-12-13 12:53:58,15,3000,200,0.760783,0.904024,0.000000,1.000000,Barely acceptable,
ECG_CH2,5119,2022-12-13 12:53:58,2022-12-13 12:54:13,15,3000,200,0.769197,0.878453,0.000000,1.000000,Barely acceptable,
ECG_CH2,5120,2022-12-13 12:54:13,2022-12-13 12:54:28,15,3000,200,0.740409,0.798031,0.000000,1.000000,Excellent,
ECG_CH2,5121,2022-12-13 12:54:28,2022-12-13 12:54:43,15,3000,200,0.814480,0.940147,0.000000,1.000000,Barely acceptable,
ECG_CH2,5122,2022-12-13 12:54:43,2022-12-13 12:54:58,15,3000,200,0.644832,0.647258,0.000000,1.000000,Barely acceptable,
ECG_CH2,5123,2022-12-13 12:54:58,2022-12-13 12:55:13,15,3000,200,0.520650,0.509051,0.000000,1.000000,Barely acceptable,
ECG_CH2,5124,2022-12-13 12:55:13,2022-12-13 12:55:28,15,3000,200,0.452632,0.339174,0.000000,1.000000,Barely acceptable,
ECG_CH2,5125,2022-12-13 12:55:28,2022-12-13 12:55:43,15,3000,200,0.619490,0.576025,0.000000,1.000000,Barely acceptable,
ECG_CH2,5126,2022-12-13 12:55:43,2022-12-13 12:55:58,15,3000,200,0.640529,0.689986,0.000000,1.000000,Excellent,
ECG_CH2,5127,2022-12-13 12:55:58,2022-12-13 12:56:13,15,3000,200,0.809196,0.891328,0.000000,1.000000,Excellent,
ECG_CH2,5128,2022-12-13 12:56:13,2022-12-13 12:56:28,15,3000,200,0.681138,0.832220,0.000000,1.000000,Excellent,
ECG_CH2,5129,2022-12-13 12:56:28,2022-12-13 12:56:43,15,3000,200,0.728230,0.881256,0.000000,1.000000,Barely acceptable,
ECG_CH2,5130,2022-12-13 12:56:43,2022-12-13 12:56:58,15,3000,200,0.718999,0.866408,0.000000,1.000000,Barely acceptable,
ECG_CH2,5131,2022-12-13 12:56:58,2022-12-13 12:57:13,15,3000,200,0.613752,0.582360,0.000000,1.000000,Excellent,
ECG_CH2,5132,2022-12-13 12:57:13,2022-12-13 12:57:28,15,3000,200,0.574233,0.561116,0.000000,1.000000,Excellent,
ECG_CH2,5133,2022-12-13 12:57:28,2022-12-13 12:57:43,15,3000,200,0.688693,0.818359,0.000000,1.000000,Excellent,
ECG_CH2,5134,2022-12-13 12:57:43,2022-12-13 12:57:58,15,3000,200,0.528073,0.450134,0.000000,1.000000,Excellent,
ECG_CH2,5135,2022-12-13 12:57:58,2022-12-13 12:58:13,15,3000,200,0.587739,0.591716,0.000000,1.000000,Excellent,
ECG_CH2,5136,2022-12-13 12:58:13,2022-12-13 12:58:28,15,3000,200,0.782573,0.883749,0.000000,1.000000,Excellent,
ECG_CH2,5137,2022-12-13 12:58:28,2022-12-13 12:58:43,15,3000,200,0.610468,0.659826,0.000000,1.000000,Barely acceptable,
ECG_CH2,5138,2022-12-13 12:58:43,2022-12-13 12:58:58,15,3000,200,0.728233,0.801781,0.000000,1.000000,Barely acceptable,
ECG_CH2,5139,2022-12-13 12:58:58,2022-12-13 12:59:13,15,3000,200,0.670108,0.734664,0.000000,1.000000,Barely acceptable,
ECG_CH2,5140,2022-12-13 12:59:13,2022-12-13 12:59:28,15,3000,200,0.694260,0.747995,0.000000,1.000000,Excellent,
ECG_CH2,5141,2022-12-13 12:59:28,2022-12-13 12:59:43,15,3000,200,0.490870,0.585695,0.000000,1.000000,Barely acceptable,
ECG_CH2,5142,2022-12-13 12:59:43,2022-12-13 12:59:58,15,3000,200,0.693639,0.860592,0.000000,1.000000,Barely acceptable,
ECG_CH2,5143,2022-12-13 12:59:58,2022-12-13 13:00:13,15,3000,200,0.664360,0.802052,0.000000,1.000000,Barely acceptable,
ECG_CH2,5144,2022-12-13 13:00:13,2022-12-13 13:00:28,15,3000,200,0.566262,0.524656,0.000000,1.000000,Barely acceptable,
ECG_CH2,5145,2022-12-13 13:00:28,2022-12-13 13:00:43,15,3000,200,0.620312,0.610354,0.000000,1.000000,Barely acceptable,
ECG_CH2,5146,2022-12-13 13:00:43,2022-12-13 13:00:58,15,3000,200,0.712152,0.846539,0.000000,1.000000,Barely acceptable,
ECG_CH2,5147,2022-12-13 13:00:58,2022-12-13 13:01:13,15,3000,200,0.624578,0.540997,0.000000,1.000000,Barely acceptable,
ECG_CH2,5148,2022-12-13 13:01:13,2022-12-13 13:01:28,15,3000,200,0.583525,0.570918,0.000000,1.000000,Excellent,
ECG_CH2,5149,2022-12-13 13:01:28,2022-12-13 13:01:43,15,3000,200,0.515351,0.515316,0.000000,1.000000,Barely acceptable,
ECG_CH2,5150,2022-12-13 13:01:43,2022-12-13 13:01:58,15,3000,200,0.653216,0.697517,0.000000,1.000000,Excellent,
ECG_CH2,5151,2022-12-13 13:01:58,2022-12-13 13:02:13,15,3000,200,0.555182,0.589140,0.000000,1.000000,Excellent,
ECG_CH2,5152,2022-12-13 13:02:13,2022-12-13 13:02:28,15,3000,200,0.643307,0.790781,0.000000,1.000000,Barely acceptable,
ECG_CH2,5153,2022-12-13 13:02:28,2022-12-13 13:02:43,15,3000,200,0.748942,0.847233,0.000000,1.000000,Barely acceptable,
ECG_CH2,5154,2022-12-13 13:02:43,2022-12-13 13:02:58,15,3000,200,0.584164,0.606474,0.000000,1.000000,Barely acceptable,
ECG_CH2,5155,2022-12-13 13:02:58,2022-12-13 13:03:13,15,3000,200,0.558397,0.609700,0.000000,1.000000,Barely acceptable,
ECG_CH2,5156,2022-12-13 13:03:13,2022-12-13 13:03:28,15,3000,200,0.503324,0.505077,0.000000,1.000000,Barely acceptable,
ECG_CH2,5157,2022-12-13 13:03:28,2022-12-13 13:03:43,15,3000,200,0.742891,0.834126,0.000000,1.000000,Excellent,
ECG_CH2,5158,2022-12-13 13:03:43,2022-12-13 13:03:58,15,3000,200,0.753354,0.834807,0.000000,1.000000,Excellent,
ECG_CH2,5159,2022-12-13 13:03:58,2022-12-13 13:04:13,15,3000,200,0.685314,0.799158,0.000000,1.000000,Barely acceptable,
ECG_CH2,5160,2022-12-13 13:04:13,2022-12-13 13:04:28,15,3000,200,0.610903,0.690764,0.000000,1.000000,Barely acceptable,
ECG_CH2,5161,2022-12-13 13:04:28,2022-12-13 13:04:43,15,3000,200,0.727599,0.815771,0.000000,1.000000,Excellent,
ECG_CH2,5162,2022-12-13 13:04:43,2022-12-13 13:04:58,15,3000,200,0.642143,0.731014,0.000000,1.000000,Excellent,
ECG_CH2,5163,2022-12-13 13:04:58,2022-12-13 13:05:13,15,3000,200,0.791063,0.909189,0.000000,1.000000,Excellent,
ECG_CH2,5164,2022-12-13 13:05:13,2022-12-13 13:05:28,15,3000,200,0.797159,0.929179,0.000000,1.000000,Excellent,
ECG_CH2,5165,2022-12-13 13:05:28,2022-12-13 13:05:43,15,3000,200,0.618386,0.745458,0.000000,1.000000,Excellent,
ECG_CH2,5166,2022-12-13 13:05:43,2022-12-13 13:05:58,15,3000,200,0.698134,0.771269,0.000000,1.000000,Excellent,
ECG_CH2,5167,2022-12-13 13:05:58,2022-12-13 13:06:13,15,3000,200,0.630382,0.680608,0.000000,1.000000,Excellent,
ECG_CH2,5168,2022-12-13 13:06:13,2022-12-13 13:06:28,15,3000,200,0.644597,0.691252,0.000000,1.000000,Excellent,
ECG_CH2,5169,2022-12-13 13:06:28,2022-12-13 13:06:43,15,3000,200,0.622375,0.721056,0.000000,1.000000,Excellent,
ECG_CH2,5170,2022-12-13 13:06:43,2022-12-13 13:06:58,15,3000,200,0.576528,0.563644,0.000000,1.000000,Excellent,
ECG_CH2,5171,2022-12-13 13:06:58,2022-12-13 13:07:13,15,3000,200,0.647558,0.766555,0.000000,1.000000,Excellent,
ECG_CH2,5172,2022-12-13 13:07:13,2022-12-13 13:07:28,15,3000,200,0.497783,0.506007,0.000000,1.000000,Excellent,
ECG_CH2,5173,2022-12-13 13:07:28,2022-12-13 13:07:43,15,3000,200,0.550773,0.636218,0.000000,1.000000,Excellent,
ECG_CH2,5174,2022-12-13 13:07:43,2022-12-13 13:07:58,15,3000,200,0.705581,0.749396,0.000000,1.000000,Excellent,
ECG_CH2,5175,2022-12-13 13:07:58,2022-12-13 13:08:13,15,3000,200,0.674039,0.689147,0.000000,1.000000,Excellent,
ECG_CH2,5176,2022-12-13 13:08:13,2022-12-13 13:08:28,15,3000,200,0.496819,0.531117,0.000000,1.000000,Excellent,
ECG_CH2,5177,2022-12-13 13:08:28,2022-12-13 13:08:43,15,3000,200,0.623018,0.707693,0.000000,1.000000,Barely acceptable,
ECG_CH2,5178,2022-12-13 13:08:43,2022-12-13 13:08:58,15,3000,200,0.660114,0.755428,0.000000,1.000000,Barely acceptable,
ECG_CH2,5179,2022-12-13 13:08:58,2022-12-13 13:09:13,15,3000,200,0.613343,0.658697,0.000000,1.000000,Barely acceptable,
ECG_CH2,5180,2022-12-13 13:09:13,2022-12-13 13:09:28,15,3000,200,0.676421,0.915584,0.000000,1.000000,Barely acceptable,
ECG_CH2,5181,2022-12-13 13:09:28,2022-12-13 13:09:43,15,3000,200,0.760081,0.805388,0.000000,1.000000,Barely acceptable,
ECG_CH2,5182,2022-12-13 13:09:43,2022-12-13 13:09:58,15,3000,200,0.647495,0.712419,0.000000,1.000000,Excellent,
ECG_CH2,5183,2022-12-13 13:09:58,2022-12-13 13:10:13,15,3000,200,0.491287,0.449527,0.000000,1.000000,Barely acceptable,
ECG_CH2,5184,2022-12-13 13:10:13,2022-12-13 13:10:28,15,3000,200,0.776008,0.855751,0.000000,1.000000,Barely acceptable,
ECG_CH2,5185,2022-12-13 13:10:28,2022-12-13 13:10:43,15,3000,200,0.761721,0.938283,0.000000,1.000000,Barely acceptable,
ECG_CH2,5186,2022-12-13 13:10:43,2022-12-13 13:10:58,15,3000,200,0.768762,0.923459,0.000000,1.000000,Barely acceptable,
ECG_CH2,5187,2022-12-13 13:10:58,2022-12-13 13:11:13,15,3000,200,0.677813,0.734766,0.000000,1.000000,Barely acceptable,
ECG_CH2,5188,2022-12-13 13:11:13,2022-12-13 13:11:28,15,3000,200,0.524543,0.556488,0.000000,1.000000,Barely acceptable,
ECG_CH2,5189,2022-12-13 13:11:28,2022-12-13 13:11:43,15,3000,200,0.556580,0.670215,0.000000,1.000000,Barely acceptable,
ECG_CH2,5190,2022-12-13 13:11:43,2022-12-13 13:11:58,15,3000,200,0.748748,0.858162,0.000000,1.000000,Barely acceptable,
ECG_CH2,5191,2022-12-13 13:11:58,2022-12-13 13:12:13,15,3000,200,0.642835,0.666572,0.000000,1.000000,Barely acceptable,
ECG_CH2,5192,2022-12-13 13:12:13,2022-12-13 13:12:28,15,3000,200,0.624580,0.731291,0.000000,1.000000,Barely acceptable,
ECG_CH2,5193,2022-12-13 13:12:28,2022-12-13 13:12:43,15,3000,200,0.614063,0.687680,0.000000,1.000000,Barely acceptable,
ECG_CH2,5194,2022-12-13 13:12:43,2022-12-13 13:12:58,15,3000,200,0.627352,0.651339,0.000000,1.000000,Barely acceptable,
ECG_CH2,5195,2022-12-13 13:12:58,2022-12-13 13:13:13,15,3000,200,0.556209,0.550950,0.000000,1.000000,Barely acceptable,
ECG_CH2,5196,2022-12-13 13:13:13,2022-12-13 13:13:28,15,3000,200,0.632852,0.642548,0.000000,1.000000,Barely acceptable,
ECG_CH2,5197,2022-12-13 13:13:28,2022-12-13 13:13:43,15,3000,200,0.605323,0.533909,0.000000,1.000000,Barely acceptable,
ECG_CH2,5198,2022-12-13 13:13:43,2022-12-13 13:13:58,15,3000,200,0.571274,0.621210,0.000000,1.000000,Barely acceptable,
ECG_CH2,5199,2022-12-13 13:13:58,2022-12-13 13:14:13,15,3000,200,0.761401,0.815820,0.000000,1.000000,Barely acceptable,
ECG_CH2,5200,2022-12-13 13:14:13,2022-12-13 13:14:28,15,3000,200,0.656189,0.780303,0.000000,1.000000,Barely acceptable,
ECG_CH2,5201,2022-12-13 13:14:28,2022-12-13 13:14:43,15,3000,200,0.825011,0.917907,0.000000,1.000000,Barely acceptable,
ECG_CH2,5202,2022-12-13 13:14:43,2022-12-13 13:14:58,15,3000,200,0.759083,0.755329,0.000000,1.000000,Barely acceptable,
ECG_CH2,5203,2022-12-13 13:14:58,2022-12-13 13:15:13,15,3000,200,0.630744,0.771386,0.000000,1.000000,Barely acceptable,
ECG_CH2,5204,2022-12-13 13:15:13,2022-12-13 13:15:28,15,3000,200,0.716167,0.805269,0.000000,1.000000,Barely acceptable,
ECG_CH2,5205,2022-12-13 13:15:28,2022-12-13 13:15:43,15,3000,200,0.736317,0.850300,0.000000,1.000000,Barely acceptable,
ECG_CH2,5206,2022-12-13 13:15:43,2022-12-13 13:15:58,15,3000,200,0.720420,0.859125,0.000000,1.000000,Barely acceptable,
ECG_CH2,5207,2022-12-13 13:15:58,2022-12-13 13:16:13,15,3000,200,0.620590,0.709803,0.000000,1.000000,Barely acceptable,
ECG_CH2,5208,2022-12-13 13:16:13,2022-12-13 13:16:28,15,3000,200,0.701888,0.895286,0.000000,1.000000,Barely acceptable,
ECG_CH2,5209,2022-12-13 13:16:28,2022-12-13 13:16:43,15,3000,200,0.484147,0.515376,0.000000,1.000000,Barely acceptable,
ECG_CH2,5210,2022-12-13 13:16:43,2022-12-13 13:16:58,15,3000,200,0.623475,0.635305,0.000000,1.000000,Barely acceptable,
ECG_CH2,5211,2022-12-13 13:16:58,2022-12-13 13:17:13,15,3000,200,0.627604,0.843894,0.000000,1.000000,Barely acceptable,
ECG_CH2,5212,2022-12-13 13:17:13,2022-12-13 13:17:28,15,3000,200,0.724961,0.930914,0.000000,1.000000,Barely acceptable,
ECG_CH2,5213,2022-12-13 13:17:28,2022-12-13 13:17:43,15,3000,200,0.534964,0.584566,0.000000,1.000000,Barely acceptable,
ECG_CH2,5214,2022-12-13 13:17:43,2022-12-13 13:17:58,15,3000,200,0.654414,0.761616,0.000000,1.000000,Barely acceptable,
ECG_CH2,5215,2022-12-13 13:17:58,2022-12-13 13:18:13,15,3000,200,0.551732,0.555421,0.000000,1.000000,Barely acceptable,
ECG_CH2,5216,2022-12-13 13:18:13,2022-12-13 13:18:28,15,3000,200,0.588294,0.708303,0.000000,1.000000,Barely acceptable,
ECG_CH2,5217,2022-12-13 13:18:28,2022-12-13 13:18:43,15,3000,200,0.683813,0.841544,0.000000,1.000000,Barely acceptable,
ECG_CH2,5218,2022-12-13 13:18:43,2022-12-13 13:18:58,15,3000,200,0.623905,0.736589,0.000000,1.000000,Barely acceptable,
ECG_CH2,5219,2022-12-13 13:18:58,2022-12-13 13:19:13,15,3000,200,0.711862,0.831162,0.000000,1.000000,Barely acceptable,
ECG_CH2,5220,2022-12-13 13:19:13,2022-12-13 13:19:28,15,3000,200,0.571313,0.701612,0.000000,1.000000,Barely acceptable,
ECG_CH2,5221,2022-12-13 13:19:28,2022-12-13 13:19:43,15,3000,200,0.680666,0.793718,0.000000,1.000000,Barely acceptable,
ECG_CH2,5222,2022-12-13 13:19:43,2022-12-13 13:19:58,15,3000,200,0.711850,0.777251,0.000000,1.000000,Barely acceptable,
ECG_CH2,5223,2022-12-13 13:19:58,2022-12-13 13:20:13,15,3000,200,0.664399,0.727384,0.000000,1.000000,Barely acceptable,
ECG_CH2,5224,2022-12-13 13:20:13,2022-12-13 13:20:28,15,3000,200,0.562640,0.682302,0.000000,1.000000,Barely acceptable,
ECG_CH2,5225,2022-12-13 13:20:28,2022-12-13 13:20:43,15,3000,200,0.731370,0.810693,0.000000,1.000000,Barely acceptable,
ECG_CH2,5226,2022-12-13 13:20:43,2022-12-13 13:20:58,15,3000,200,0.551932,0.762968,0.000000,1.000000,Barely acceptable,
ECG_CH2,5227,2022-12-13 13:20:58,2022-12-13 13:21:13,15,3000,200,0.511351,0.549704,0.000000,1.000000,Excellent,
ECG_CH2,5228,2022-12-13 13:21:13,2022-12-13 13:21:28,15,3000,200,0.358760,0.272976,0.000000,1.000000,Barely acceptable,
ECG_CH2,5229,2022-12-13 13:21:28,2022-12-13 13:21:43,15,3000,200,0.626352,0.633340,0.000000,1.000000,Barely acceptable,
ECG_CH2,5230,2022-12-13 13:21:43,2022-12-13 13:21:58,15,3000,200,0.805178,0.905512,0.000000,1.000000,Barely acceptable,
ECG_CH2,5231,2022-12-13 13:21:58,2022-12-13 13:22:13,15,3000,200,0.530246,0.616146,0.000000,1.000000,Barely acceptable,
ECG_CH2,5232,2022-12-13 13:22:13,2022-12-13 13:22:28,15,3000,200,0.525050,0.528879,0.000000,1.000000,Barely acceptable,
ECG_CH2,5233,2022-12-13 13:22:28,2022-12-13 13:22:43,15,3000,200,0.584187,0.669409,0.000000,1.000000,Barely acceptable,
ECG_CH2,5234,2022-12-13 13:22:43,2022-12-13 13:22:58,15,3000,200,0.690146,0.782747,0.000000,1.000000,Barely acceptable,
ECG_CH2,5235,2022-12-13 13:22:58,2022-12-13 13:23:13,15,3000,200,0.653796,0.794992,0.000000,1.000000,Barely acceptable,
ECG_CH2,5236,2022-12-13 13:23:13,2022-12-13 13:23:28,15,3000,200,0.788228,0.835321,0.000000,1.000000,Barely acceptable,
ECG_CH2,5237,2022-12-13 13:23:28,2022-12-13 13:23:43,15,3000,200,0.472771,0.305160,0.000000,1.000000,Excellent,
ECG_CH2,5238,2022-12-13 13:23:43,2022-12-13 13:23:58,15,3000,200,0.759797,0.869827,0.000000,1.000000,Barely acceptable,
ECG_CH2,5239,2022-12-13 13:23:58,2022-12-13 13:24:13,15,3000,200,0.632726,0.765732,0.000000,1.000000,Barely acceptable,
ECG_CH2,5240,2022-12-13 13:24:13,2022-12-13 13:24:28,15,3000,200,0.787877,0.893942,0.000000,1.000000,Barely acceptable,
